dem,dist_to_water,flow_acc,geom,lulc,ndwi,rain,runoff_coeff,slope,soilTx,soil_moisture,stream_order,level
462.0,224.57174077184015,463.41975619284034,21.0,10.0,-0.3776244520847746,4.934835433959961,0.3146217736336464,0.35839909427831806,4.0,14.040412902832031,0.0,1
488.0,222.69838552522572,476.55080004028866,11.0,10.0,-0.3640292152728723,4.934835433959961,2.607938468305021,2.09054706183848,4.0,14.040412902832031,0.0,1
486.0,222.07430489591388,480.78954854732604,11.0,10.0,-0.3610286553539579,4.934835433959961,1.8239100334754816,1.510180722736473,4.0,14.040412902832031,0.0,1
536.0,230.18560021836015,522.6930796182227,21.0,10.0,-0.36907685764975195,4.934835433959961,0.10854467315608483,0.10825488677377443,4.0,14.04041290283203,0.0,1
535.0,229.5611227575588,520.7418938445131,21.0,10.0,-0.3629974003714248,4.93483543395996,0.28853027879497845,0.27501634733995994,4.0,14.040412902832031,0.0,1
532.0,232.27725904603238,507.74844468719095,21.0,10.0,-0.345745597340382,4.8869244103292315,0.0,0.0,4.0,13.904098214454878,0.0,1
517.0,231.845144826743,492.98973137679667,21.0,10.0,-0.34256720976525434,4.890862302682442,0.0,0.0,4.0,13.915302161444782,0.0,1
310.0,220.9517318114248,306.24162802378504,24.0,10.0,-0.23975769759675175,5.283354759216309,10.412052169714306,0.5171632743988404,4.0,13.731599807739258,0.0,1
319.0,199.09044464568132,315.97303800749046,31.0,10.0,-0.13609181306022744,5.027198791503906,0.975322651566408,0.47249246972056236,0.0,13.731599807739258,1485975741801.0,1
254.0,195.95971148091814,251.78487729482117,21.0,10.0,-0.33990084286112776,5.303940296173096,4.349352067271867,0.37338016817966574,4.0,13.878148078918457,31249014436.0,1
341.0,246.2755270124912,338.2284755775279,31.0,10.0,-0.3207617956148625,5.169287102893719,7.227443756374225,2.2201587991014273,4.0,13.13895320892334,0.0,2
359.0,227.91378606597792,355.9619608198618,11.0,10.0,-0.3657419815376125,5.057789325714112,7.8319657310498965,5.704844504509982,7.0,13.287399291992188,0.0,2
343.0,248.80594762960033,338.27500276318216,21.0,10.0,-0.35496618475728803,5.198733329772949,5.169991899749861,2.4249797493746517,4.0,13.138953208923338,0.0,2
323.0,233.08256484380246,321.2594682030133,31.0,10.0,-0.3141350357824858,5.066448211669922,4.63771546564865,1.0942886641216254,4.0,13.168354180715616,0.0,2
275.0,196.15758669710732,276.61671836945425,31.0,10.0,-0.32672778200811453,5.303940296173096,6.94092697227782,4.297988397578364,4.0,13.878148078918459,0.0,2
543.0,218.54640710448945,564.3174302509165,12.0,10.0,-0.3253323273434256,5.154557228088379,9.414624625803507,13.036561564508768,4.0,14.040412902832033,0.0,2
273.0,193.52245292151264,273.46267777635853,21.0,30.0,-0.2908228811002951,5.298759460449219,12.968850159427554,1.9741003952439897,4.0,13.976881980895994,0.0,2
239.0,157.02007911615127,236.3553567875445,24.0,10.0,-0.25232847779097445,5.6742730140686035,10.22798263674297,1.1091240343363813,4.0,13.795422554016113,0.0,2
245.0,267.99525448362897,242.357319070659,34.0,40.0,-0.26467232987560124,5.347187519073485,13.396244541044675,0.49061135261168765,4.0,12.830498695373535,965788770586.0,2
306.0,194.89488018639395,304.1719041140699,21.0,40.0,-0.275784283298526,5.384580135345459,13.22797823593421,1.0019844247870224,4.0,13.976881980895996,0.0,2
289.0,208.98423173701258,285.55085123546394,24.0,40.0,-0.23495771187443198,5.585015296936035,13.304111960567461,0.26027990141865226,4.0,13.75680923461914,0.0,2
248.0,275.53159306887653,247.18421379624095,24.0,10.0,-0.3038175920663892,5.347187519073487,7.396386650628698,1.0072586866860893,4.0,12.830498695373535,0.0,2
308.0,212.25569240427927,303.1574776614088,24.0,40.0,-0.22368412390004477,5.128495216369629,13.794958276655919,0.4280194447984381,4.0,13.287399291992188,0.0,2
254.0,176.5142567932309,251.08365652919179,31.0,10.0,-0.3152893646281203,5.113445281982422,5.773246545277976,1.6062111896345481,4.0,13.441119194030762,562772208707.0,2
319.0,218.2432912079391,316.9229399494263,34.0,10.0,-0.34975498746186234,5.283354759216309,6.09636271190678,1.1128378876267997,4.0,13.731599807739258,0.0,2
475.0,226.31296230747245,469.95459170102396,21.0,10.0,-0.34018315135172206,5.008065700531006,5.586555883735079,3.466389709337695,4.0,13.13895320892334,0.0,2
226.0,248.6775119427394,223.77192592283455,24.0,10.0,-0.2816073762179844,5.576583385467529,8.43529342488771,0.7982348921832103,4.0,12.796457290649414,0.0,2
491.0,203.73038927168585,497.02613309953347,21.0,10.0,-0.33420628098544797,4.995950698852539,6.712798891357954,6.281997228394884,4.0,13.878148078918457,0.0,2
511.0,187.45754506028754,510.02699070720064,21.0,10.0,-0.3929688604965001,5.0859246253967285,4.910906369272327,1.7772659231808174,4.0,13.878148078918457,1413790588149.0,2
229.0,204.58812706513035,228.11405628811644,42.0,10.0,-0.29299983472595126,5.2775211660829315,5.103479867235688,0.2251114249713032,4.0,13.482061386108398,3525377011727.0,2
484.0,217.43020876470158,488.04225416623615,21.0,10.0,-0.4147937236187041,5.317964553833009,6.776337432709136,6.44084358177284,4.0,13.731599807739258,0.0,2
369.0,217.92243011557827,367.73628896639053,11.0,10.0,-0.3988819840439835,5.283354759216309,7.845090692147015,8.466364182156285,4.0,13.731599807739258,0.0,2
257.0,195.94417967366337,256.21743367729476,21.0,10.0,-0.31873459127263504,5.217844486236572,4.823424460302886,1.5585611507572144,4.0,13.441119194030762,0.0,2
184.0,83.55706923032474,182.6846327889084,24.0,10.0,-0.17983965970667748,4.076490958622546,0.0,0.0,7.0,9.989570851027171,0.0,2
434.0,176.5562150823049,425.2924504487716,21.0,10.0,-0.37672767965840237,4.980801582336426,5.7695661879087,3.923915469771751,4.0,13.878148078918457,0.0,2
227.0,97.51159436542561,224.00950801994986,24.0,10.0,-0.2838849073577901,5.642025947570801,5.066524368822633,0.5498060676879969,4.0,14.146509170532228,0.0,2
262.0,265.54017635193065,258.38242140905794,31.0,30.0,-0.266552129433437,5.33054256439209,7.7789050984531585,0.6580620545515885,4.0,13.222733497619627,2060133869148.0,2
326.0,243.04089236441718,324.7151113614391,41.0,10.0,-0.3141805823939423,5.167465686798096,5.0414109840854735,2.1035274602136824,4.0,13.13895320892334,3286589625509.0,2
296.0,258.272815203771,292.9662255148286,31.0,10.0,-0.2870250552286255,5.106265544891357,8.679134867769957,1.6590022179686934,6.0,13.228392601013185,0.0,2
394.0,243.09847005787182,390.09976415460386,21.0,10.0,-0.35865329110665223,5.198733329772949,5.118141620789206,2.2953540519730145,4.0,13.13895320892334,0.0,2
296.0,201.88762445714042,293.7809738968896,24.0,40.0,-0.27143256116347814,5.128495216369629,13.386691137130056,0.4667278428251428,4.0,13.75680923461914,0.0,2
280.0,179.23922900686276,277.3461048644216,24.0,10.0,-0.30552215568482516,5.400402545928955,5.319729593024268,1.1606353271545042,4.0,13.756809234619142,0.0,2
247.0,177.793853988203,242.9093279638036,24.0,10.0,-0.27797859011614046,5.432310228478419,5.501612252586693,1.1162463516421133,4.0,13.795422554016113,0.0,2
296.0,205.12735891113232,285.3369086449093,31.0,10.0,-0.3162219209641842,5.303940296173096,9.338956494666876,4.4524982987764625,4.0,13.878148078918457,912968270160.0,2
215.0,95.84191794653202,213.49272099873048,24.0,10.0,-0.27403958961991937,5.570775032043457,6.461166134903954,1.1966046576487914,4.0,14.146509170532227,0.0,2
428.0,212.72942429815342,435.81985222072836,31.0,10.0,-0.402224633071885,5.317964553833008,6.371734131981607,5.429335329954014,4.0,13.731599807739258,0.0,2
435.0,178.34864406719888,432.5999295534645,31.0,10.0,-0.32085388962425654,4.980801582336426,7.309315959056786,2.200208370843168,4.0,13.878148078918459,0.0,2
489.0,238.14546774217075,495.29559231197663,21.0,10.0,-0.37096634142052254,5.066448211669922,5.976350728671809,4.440876821679524,4.0,13.13895320892334,0.0,2
298.0,206.20787339769362,295.76641888319773,21.0,30.0,-0.30875729174828936,5.128495216369629,10.073816218460504,0.9413566121174817,4.0,13.75680923461914,2219187149770.0,2
524.0,186.88217410437406,523.2558531294289,31.0,10.0,-0.3456498210814457,5.0859246253967285,5.016182189058124,2.0404554726453092,4.0,13.878148078918457,0.0,2
321.0,219.25148173097622,317.8363647566465,34.0,10.0,-0.2653277521882385,5.211073398590088,7.449528898254835,0.8001754840997184,4.0,13.287399291992188,0.0,2
185.0,85.51698986706334,181.44076768134664,24.0,10.0,-0.2875449199937477,5.699049949645997,7.750589319618555,0.7945475110428615,4.0,13.986577033996582,0.0,2
305.0,206.62370819017127,300.79483659300087,24.0,40.0,-0.2508550117419809,5.128495216369629,13.424174909639872,0.5604372740996767,4.0,13.75680923461914,0.0,2
269.0,264.0216356075062,264.9111094050021,24.0,10.0,-0.27656498414783,5.33054256439209,10.338776674760211,0.9903118159070505,6.0,13.222733497619629,0.0,2
239.0,275.88761727387197,236.79982495597747,24.0,10.0,-0.27141349645652796,5.347187519073486,6.458882794538093,0.407480958947981,4.0,12.830498695373535,0.0,2
506.0,211.58044433104408,506.36905138330565,21.0,10.0,-0.32247283754552925,4.995950698852539,6.248393921084091,5.1209848027102245,4.0,13.208941459655762,0.0,2
300.0,205.67623584750322,296.8416115226194,42.0,10.0,-0.346975343127345,5.128495216369629,6.812017713879827,1.2879243219385603,4.0,13.856376127594885,1806381329739.0,2
547.0,199.51346385058366,544.2617085966851,21.0,10.0,-0.3314468584339389,4.995950698852539,6.18079504613751,1.4556450165940078,4.0,13.878148078918457,0.0,2
270.0,163.85113841739727,266.01756297132977,21.0,30.0,-0.20015949209108194,4.073053107456316,0.0,0.0,4.0,11.094521774289868,0.0,2
587.0,183.92857410732879,586.4192769609303,21.0,10.0,-0.35153648522420483,4.980261325836182,7.374886864700024,3.33048754344993,4.0,13.878148078918457,0.0,2
341.0,246.8784497602557,341.1329399643624,31.0,10.0,-0.3382600264927224,5.198733329772949,5.15543417460932,2.3885854365233006,4.0,13.138953208923342,0.0,2
321.0,223.88070865698816,316.80905213141034,34.0,40.0,-0.27061113922388935,5.283354759216309,13.38508522161002,0.46271305402505414,4.0,13.731599807739258,1404666224558.0,2
251.0,274.31597897060516,247.64288112611462,24.0,10.0,-0.27715747094024346,5.347187519073486,9.33130628672636,0.4941122389597576,4.0,12.830498695373537,0.0,2
275.0,198.73064351275752,272.62275656877586,21.0,10.0,-0.31211155967392784,5.217844486236572,4.504976983388094,0.7624424584702322,4.0,13.482061386108398,0.0,2
235.0,283.7247455133948,232.68151552281756,34.0,40.0,-0.2781808613510055,5.374354839324951,13.022604814483563,0.46062162525000827,4.0,12.830498695373535,0.0,2
172.0,147.76688318511302,172.95015569728088,31.0,30.0,-0.2350822981224503,3.9320645985537666,0.0,0.0,4.0,9.788345937859436,0.0,2
496.0,230.09893310570487,493.6951552194081,21.0,10.0,-0.3794463477778078,5.008065700531006,5.427842893515432,3.0696072337885796,4.0,13.138953208923342,0.0,2
445.0,235.83171644170415,441.54018838311424,21.0,10.0,-0.370062314797342,5.066448211669922,6.79889592829878,6.110260169197542,4.0,13.13895320892334,0.0,2
216.0,85.18940740894993,213.45786179569063,24.0,10.0,-0.24680224813066148,5.74487314594602,6.9636124975564435,1.1420409526291104,4.0,14.346285820007324,0.0,2
329.0,207.2422026818588,326.4017409273785,24.0,40.0,-0.29307961801706356,5.514761924743652,1.2440098253826386,0.08389076906912504,4.0,14.040412902832031,0.0,2
226.0,97.02305629982888,225.59525188167515,24.0,10.0,-0.26576308433101686,5.642025947570801,4.47918167460328,0.6979541865082008,4.0,14.146509170532227,0.0,2
321.0,229.26711214931547,316.3769615996248,31.0,10.0,-0.2763599833008586,5.057789325714111,7.230545785487597,2.284869584080901,7.0,13.287399291992188,0.0,2
551.0,194.52673017598278,548.1474346953862,21.0,10.0,-0.35858536129826024,5.0859246253967285,4.952204595391528,1.8805114884788194,4.0,13.878148078918457,581482020720.0,2
381.0,210.49674706616457,374.1912838558009,41.0,10.0,-0.3640595139824882,5.317964553833008,6.164850435237931,4.912126088094826,4.0,13.731599807739258,0.0,2
270.0,143.40613238253195,266.80108506204857,24.0,10.0,-0.26183265353679225,5.44915246963501,6.958755088120429,0.7803828659321038,4.0,14.459595680236816,0.0,2
213.0,85.58891214303117,210.2565866398548,24.0,10.0,-0.26072291824424226,5.702375869228416,4.515447316334628,0.7886182908365682,4.0,14.250690113919452,0.0,2
457.0,173.8649202947471,456.38613860268185,21.0,10.0,-0.3548345010725169,4.980801582336426,5.301539913849215,2.7538497846230374,4.0,13.878148078918457,0.0,2
307.0,244.94945284896482,306.5849820104174,21.0,10.0,-0.3124586445352375,5.031415939331055,5.360217769590841,1.4005444239771012,6.0,14.040412902832031,0.0,2
521.0,188.68991486543578,516.6619384863033,21.0,10.0,-0.3745547347816162,4.980261325836182,6.9729486873103,5.80403018349719,6.0,13.878148078918455,0.0,2
307.0,244.74263142827493,306.0157393262589,21.0,10.0,-0.3175556482200468,5.031415939331055,6.773651559719122,1.218741214765262,6.0,14.040412902832031,0.0,2
332.0,219.48873399565784,327.2173914015808,34.0,10.0,-0.24038897416291682,5.211073398590088,9.10033513652888,0.5205545589706297,4.0,14.040412902832031,0.0,2
484.0,178.20544908551227,489.3057645225199,21.0,10.0,-0.3863315384182497,4.977795666211272,5.63304097661251,3.582602441531276,4.0,13.878148078918455,1421928348763.0,2
514.0,212.47940354333406,497.46400429621264,21.0,10.0,-0.34779999313526927,4.995950698852539,5.914211490441841,4.2855287261046024,4.0,13.208941459655762,0.0,2
363.0,230.69676190055748,359.9800999057596,31.0,10.0,-0.3290981126197841,5.008065700531006,4.838681313534616,1.5967032838365403,4.0,13.138953208923338,2186227345708.0,2
224.0,238.9050294998395,223.40235694289638,24.0,10.0,-0.2805983243414753,5.576583385467529,5.972170340281447,0.8787035472057871,4.0,13.208941459655762,0.0,2
297.0,197.1282330692667,294.2132719490183,21.0,30.0,-0.3268039048590041,5.128495216369629,11.512770593389252,2.117995109620254,4.0,13.976881980895994,0.0,2
520.0,188.04824341860845,518.053043736142,21.0,10.0,-0.4117513144732885,5.0859246253967285,5.021492550082942,2.0537313752073545,4.0,13.878148078918457,0.0,2
233.0,86.62685212876377,229.35857710961977,24.0,10.0,-0.281991279909214,5.717838287353516,4.898046238889814,0.39074666518561896,4.0,14.346285820007324,0.0,2
246.0,275.2289299594024,242.79567890819172,34.0,40.0,-0.2871292083841133,5.194586753845214,6.325973714136466,0.36232090590244015,6.0,12.830498695373535,0.0,2
106.0,83.3892585983793,104.76352035861454,24.0,10.0,-0.19441027326348748,4.426846602191706,0.47974556056510875,0.040699185359865345,4.0,10.713336696363575,0.0,2
271.0,265.51047896363093,269.2252566488138,34.0,10.0,-0.2551004702910288,5.30690336227417,8.558323515759794,0.590515532317139,4.0,12.830498695373535,0.0,2
255.0,196.92173133721732,252.2791155667361,34.0,10.0,-0.3211648761171791,5.24994234159155,5.3721813007440975,0.823790131764371,4.0,13.441119194030762,0.0,2
253.0,273.96156296377836,248.7251593886957,24.0,40.0,-0.2512384531016453,5.347187519073485,9.891670740226417,0.4909802818729595,4.0,12.830498695373535,0.0,2
236.0,282.5107414267363,234.27263630459746,24.0,10.0,-0.2610864377827202,5.374354839324951,8.730088868993395,0.617029593683386,7.0,12.830498695373535,0.0,2
313.0,220.43715438028568,309.351812193777,34.0,40.0,-0.29026905820160165,5.283354759216309,10.687613586648933,0.8816885749477852,4.0,13.731599807739258,825548806405.0,2
526.0,205.9885959802424,526.6243163965088,31.0,10.0,-0.33294627755337325,5.189784281462144,7.84233268645714,2.426752051293713,4.0,13.789934556461073,0.0,2
236.0,178.24769984882636,233.98851826918047,31.0,10.0,-0.29797706680263547,5.113445281982422,6.37695939717355,1.936420304344968,4.0,13.441119194030762,2439808292336.0,2
317.0,206.1014033726164,308.0565922043713,34.0,10.0,-0.2925371921376383,5.128495216369629,8.53660836404341,1.2298704246714343,4.0,14.021266597591037,2138170551734.0,2
261.0,184.6239848873947,258.73356186219524,31.0,10.0,-0.2780473250311607,5.113445281982422,4.755377909739868,1.236509676597307,4.0,13.441119194030762,0.0,2
516.0,205.11952696124087,518.5119644865168,21.0,30.0,-0.3005212302132796,5.317964553833008,11.030820219727604,2.1017878814110786,4.0,13.731599807739258,0.0,2
319.0,194.2597061910273,313.29757521180716,31.0,10.0,-0.3325320877583679,5.027198791503906,7.870786287658093,1.743796414716365,4.0,13.731599807739256,4849059768819.0,2
526.0,212.44989924860437,525.6876452229219,21.0,10.0,-0.32206596226146134,4.995950698852539,5.226058744866094,2.5651468621652356,4.0,13.208941459655762,0.0,2
444.0,174.5216232165183,450.7407165746516,21.0,10.0,-0.3398102172655474,4.980801582336426,5.790475616673232,3.9761890416830807,4.0,13.878148078918457,0.0,2
420.0,208.12983528576257,403.4784709335299,21.0,10.0,-0.36302628280444504,5.027198791503906,7.894247640012852,9.23561910003213,4.0,13.731599807739258,0.0,2
422.0,240.4263191087549,421.4225550374921,21.0,10.0,-0.37367306094820274,5.122624083741071,5.072422693328409,2.1810567333210216,4.0,13.13895320892334,0.0,2
304.0,224.88876235216568,301.95531911605184,34.0,10.0,-0.3203314698302122,5.283354759216309,4.511591650378684,0.470759947864529,4.0,13.13895320892334,5257039962461.0,2
200.0,179.03953629229244,203.07164319588344,21.0,40.0,-0.2634825595794438,4.703654786858467,0.0,0.0,4.0,12.016050827619162,0.0,2
238.0,278.3275660834311,236.31476799911255,24.0,40.0,-0.2681103874162911,5.374354839324952,11.815393488357996,1.1207154006396132,4.0,12.830498695373535,0.0,2
230.0,272.1770405665468,227.4594835669234,24.0,40.0,-0.2403387065270841,5.111889839172363,13.937365315038166,0.5238362161763453,6.0,12.796457290649414,0.0,2
230.0,189.8456906723404,226.32609541383516,31.0,10.0,-0.3147897335764478,5.491074562072754,0.6782277606284846,0.31474748376297923,4.0,13.441119194030762,0.0,2
315.0,195.33352739191898,309.4045421715509,21.0,30.0,-0.2852928542103091,5.384580135345459,11.135559526382078,0.7078308547901824,4.0,13.976881980895994,0.0,2
229.0,119.62869240977984,226.304811161334,24.0,10.0,-0.2682926718542463,5.738168716430664,6.918032670766371,0.43529314120600254,4.0,13.576733589172363,0.0,2
254.0,197.2132553405263,256.92141616157693,21.0,10.0,-0.3243774292379924,5.217844486236572,4.973502764447539,1.9337569111188468,4.0,13.455701344633756,0.0,2
242.0,163.8707447664911,237.56542539133613,34.0,10.0,-0.2531554913989309,5.490701675415039,8.832027427152038,0.5410341218099998,4.0,13.795422554016113,413687776380.0,2
522.0,211.2884544504909,521.6324705667516,21.0,10.0,-0.31951389223721643,4.995950698852539,5.323420791179519,2.368666354860615,4.0,13.878148078918457,0.0,2
358.0,217.14487608421268,349.5794917353578,31.0,20.0,-0.3613399090221835,5.283354759216309,9.996074778174641,4.113474616669563,4.0,13.731599807739258,0.0,2
222.0,188.90914158056756,223.10233952526977,31.0,10.0,-0.3412089589325771,5.240657871209296,4.66849964933805,1.171249123345124,4.0,13.441119194030762,0.0,2
438.0,215.83323500656547,436.54074413666376,31.0,10.0,-0.3427782703633477,5.317964553833008,6.766531700979454,1.568610140864776,4.0,13.731599807739258,0.0,2
520.0,215.98817074089743,508.495742499535,21.0,10.0,-0.3384137069953853,5.317964553833008,6.264136378424824,3.1450463590160305,4.0,13.138953208923338,0.0,2
284.0,184.92054124293367,278.836407263708,24.0,10.0,-0.28553008220109855,5.325214510094629,8.037613961343709,0.6353302883838701,4.0,13.75680923461914,0.0,2
362.0,222.11097685646968,386.3639087943353,31.0,10.0,-0.3652695238526823,5.061250712773571,6.239833837849835,5.099584594624587,4.0,14.040412902832031,0.0,2
329.0,159.37482214965777,324.2386796222988,31.0,10.0,-0.2751050963175378,3.4495937014088858,0.0,0.0,4.0,9.814657563144667,0.0,2
381.0,211.0660740457764,378.21880217657593,31.0,10.0,-0.36809779852371066,5.317964553833008,6.41176402554549,5.5294100638637245,4.0,13.731599807739258,0.0,2
209.0,264.11449228073474,209.3163858609784,34.0,10.0,-0.2834273087120639,5.415385246276856,4.842260805587691,0.46374484546277467,4.0,12.796457290649414,369487370566.0,2
515.0,203.76034674628005,515.2883933455818,21.0,30.0,-0.3184895952603397,5.027198791503907,12.475224899457382,2.3239845787405495,4.0,13.731599807739258,0.0,2
557.0,194.51147003203667,555.6945277529995,31.0,10.0,-0.35296091605555074,5.0859246253967285,4.891016900545429,1.7275422513635719,4.0,13.878148078918455,0.0,2
530.0,192.8447060285735,531.3957372929979,21.0,10.0,-0.31538396904103394,4.980261325836182,6.172531278635369,3.140664544506915,4.0,13.878148078918457,2126412200607.0,2
207.0,248.7430245999837,204.47334129231055,24.0,30.0,-0.2651886058497395,5.351168054519061,7.053404461138673,0.6413579409831858,6.0,11.942112090502349,0.0,2
240.0,110.88934202791746,237.9810265532072,24.0,10.0,-0.24008980144891864,5.57078493821968,7.216317469785301,1.1184635773762843,4.0,14.272902488708496,0.0,2
479.0,208.06405611132323,447.22871320227006,11.0,10.0,-0.32935575837863185,5.154557228088379,10.463289228597365,15.575811846596483,4.0,14.040412902832033,0.0,2
520.0,217.160198185241,519.1011816825106,21.0,10.0,-0.3188391669242998,5.013370213443285,6.752981438132563,3.668528871299076,4.0,13.208941459655762,0.0,2
463.0,230.84535343382976,467.81535388912533,21.0,10.0,-0.2988557234131001,5.0498970531722875,7.468902417119644,3.460991246948557,4.0,13.13895320892334,0.0,2
324.0,226.87503646622577,322.2806123120906,34.0,30.0,-0.31581604356365595,5.283354759216308,6.890039672167702,0.527599512910025,4.0,13.13895320892334,1376615444169.0,2
565.0,177.16738570438852,561.9642575218955,21.0,10.0,-0.38849598320974166,4.97078800201416,5.485955986332945,3.2148899658323593,4.0,13.878148078918457,0.0,2
256.0,194.8115683543188,255.3240283611433,34.0,10.0,-0.3471699784269421,5.303940296173095,4.478963830801126,0.6974095770028125,4.0,13.878148078918457,1012046008218.0,2
573.0,179.2297021319154,576.2789423174837,21.0,10.0,-0.3972500912376435,4.970788002014159,6.513311341634877,5.783278354087192,4.0,13.878148078918455,0.0,2
419.0,220.71084569817046,414.3713325939847,31.0,10.0,-0.3702333509271997,5.317964553833007,5.211286905488871,2.5282172637221776,4.0,13.13895320892334,0.0,2
320.0,234.02546649689444,317.8925997572101,31.0,10.0,-0.3112457166676954,5.057789325714111,6.924407766152261,1.2479126192642231,6.0,13.287399291992186,0.0,2
523.0,193.717013317938,519.1542069140987,21.0,30.0,-0.21560198286854498,4.980261325836182,12.632995821884183,1.7398908048761241,4.0,13.878148078918457,491330091807.0,2
399.0,251.08779239289547,397.99520283478546,21.0,10.0,-0.34181893115538897,5.30690336227417,6.012524670712982,3.1169746638817872,4.0,13.13895320892334,0.0,2
346.0,237.47041538620837,344.4693719156912,31.0,10.0,-0.3694029680527434,5.008065700531006,5.093593848337914,2.233984620844784,4.0,13.13895320892334,148661276094.0,2
261.0,217.2165024717328,259.78833288676503,34.0,30.0,-0.2708629179157813,5.0141167640686035,11.064696107356513,0.5015460936340455,4.0,13.208941459655762,2976706507530.0,2
247.0,205.27153576135748,244.1103776073596,24.0,10.0,-0.27505164550552297,5.415862560272217,3.958170491283543,0.35310012101335086,4.0,13.482061386108398,0.0,2
260.0,257.62974114466846,254.99508230435382,31.0,10.0,-0.31587090458637207,5.30690336227417,5.083046597223181,2.2076164930579534,4.0,12.830498695373535,0.0,2
466.0,224.52000712548622,464.13753722746753,21.0,10.0,-0.3411367564247964,5.008065700531006,6.048520591036736,4.621301477591839,4.0,13.13895320892334,0.0,2
314.0,251.52656507218438,312.8039800896323,21.0,10.0,-0.2938335222915095,5.198733329772949,5.116228647254858,1.3820731475959198,4.0,13.13895320892334,0.0,2
159.0,97.7804499060486,165.38935696723252,21.0,10.0,-0.31197065249420297,5.559206008911133,0.4894043597094532,0.28564682160322113,4.0,13.23810863494873,329972757636.0,2
395.0,219.57428850540435,393.5750319494975,31.0,10.0,-0.34127688441271464,5.317964553833008,5.037583349504153,2.0939583737603833,4.0,13.13895320892334,0.0,2
471.0,238.45768209436685,471.0942045816291,21.0,10.0,-0.3651164354185964,5.066448211669922,5.696678707596159,3.741696768990396,4.0,13.13895320892334,0.0,2
586.0,178.33534658903577,587.69055882,21.0,10.0,-0.3559766599632248,4.97078800201416,5.482965626159177,3.207414065397942,4.0,13.878148078918457,0.0,2
540.0,203.6887078480529,529.5767311190558,21.0,10.0,-0.3133186255304845,4.995950698852539,6.485149183855479,5.001275672765449,7.0,13.878148078918457,0.0,2
428.0,175.12715371997737,433.2093780805748,21.0,10.0,-0.34471593812625306,4.980801582336426,5.047529838065843,2.1188245951646056,4.0,13.878148078918457,0.0,2
518.0,208.92748186994973,504.23392284792556,31.0,10.0,-0.29885368370315357,4.995950698852539,7.86528300499559,4.443164953638243,4.0,13.878148078918457,0.0,2
269.0,192.64916946749105,268.1069195757142,31.0,10.0,-0.32128566050405843,5.303940296173096,7.005486003505582,1.463615261457243,4.0,13.59301855402086,0.0,2
228.0,98.6284140719411,225.43251565313537,24.0,10.0,-0.2578483030689511,5.570775032043457,6.831926313282791,0.5172343229070923,4.0,14.272902488708494,0.0,2
246.0,222.88404934011277,245.45485474274093,34.0,10.0,-0.28244579405539794,5.0141167640686035,6.05699677039288,1.038122993943092,4.0,13.208941459655762,0.0,2
319.0,198.40508224762704,321.24639385886445,31.0,40.0,-0.1899613875743617,5.027198791503905,0.9171123438087301,0.8309841868534306,0.0,13.731599807739258,0.0,2
286.0,263.80021666530934,286.38232455562445,21.0,10.0,-0.30320013864732565,5.374334187183565,9.08072511340915,3.757205787911847,4.0,12.816948233298886,0.0,2
372.0,230.39436174844474,384.1457165423443,11.0,10.0,-0.3373350254429321,5.142798299696846,7.6887960248526666,8.721990062131667,4.0,13.287399291992188,0.0,2
497.0,188.22135102922925,491.1265801238102,21.0,10.0,-0.4162260193245452,4.980261325836182,4.951155141414945,1.8778878535373622,4.0,13.878148078918457,0.0,2
285.0,155.68351159003262,284.03544776004304,24.0,10.0,-0.25119889743872836,5.468239784240723,5.526983139346603,1.2152833570776442,4.0,14.459595680236816,0.0,2
473.0,206.0058516121434,487.2551282941281,21.0,10.0,-0.3509969290987518,5.027198791503906,6.344521100099665,5.3613027502491635,4.0,13.731599807739258,0.0,2
428.0,215.43540329607313,423.94177460556944,21.0,10.0,-0.40029662457976134,5.293166467981431,7.074407204309493,6.1554288366814545,4.0,13.731599807739256,0.0,2
208.0,109.22248791709386,205.02041614409202,21.0,10.0,-0.26437126562021135,5.927003860473633,5.010070276723111,0.42423141730370234,4.0,14.32474422454834,0.0,2
448.0,214.10420894976272,442.1724221246926,31.0,10.0,-0.3583517028091912,5.317964553833008,4.887848231056481,1.7196205776412006,4.0,13.731599807739258,0.0,2
560.0,189.50778551905904,556.4188198896779,21.0,10.0,-0.3231464628431929,5.0859246253967285,7.306283215026738,1.530104898851539,4.0,13.878148078918457,0.0,2
512.0,208.80194065546436,508.42515203833864,21.0,10.0,-0.349078006025547,5.317964553833008,6.319001024634061,2.831749136927687,4.0,13.731599807739258,0.0,2
290.0,214.56274619812106,285.62036856564936,24.0,40.0,-0.23280356686028697,5.585015296936034,13.372823112743427,0.4320577818585724,4.0,13.75680923461914,3157330474387.0,2
276.0,182.29442398268847,271.32339650846774,21.0,10.0,-0.3415473041968517,5.400402545928955,5.381220186782462,1.2608374067087882,7.0,13.75680923461914,0.0,2
265.0,212.9034571919786,264.1090772736087,34.0,10.0,-0.2826102768261869,5.373244942044741,7.047680148780363,0.954816810306927,4.0,13.208941459655762,0.0,2
227.0,249.09694248275605,225.93269773012213,24.0,10.0,-0.2666411802701803,5.576583385467529,6.6050231563469515,0.8496372897235889,4.0,12.796457290649414,0.0,2
208.0,258.4967127028609,206.8172105215128,34.0,10.0,-0.29072634741606457,5.4153852462768555,9.647679793205297,0.5493098700327165,4.0,12.796457290649414,0.0,2
318.0,243.0434512508832,317.39328532431364,31.0,10.0,-0.32299688469461535,5.167465686798096,4.768908349968266,1.4222708749206618,4.0,13.13895320892334,460479899816.0,2
300.0,228.8084648145381,306.126981768257,31.0,10.0,-0.2728800109859979,4.501581565483017,0.0,0.0,6.0,11.661886314014613,0.0,2
516.0,204.53581103316793,517.7831918466056,21.0,30.0,-0.31937402322945846,5.178556311620424,12.688685828757624,1.6099975882525899,4.0,13.731599807739258,0.0,2
252.0,176.30624090146185,249.6333656007646,31.0,10.0,-0.31862643712742383,5.113445281982422,4.96532634663065,1.9133158665766237,4.0,13.441119194030762,0.0,2
542.0,195.69253974912922,540.2543372642172,21.0,10.0,-0.3502082873213591,5.0859246253967285,4.788307513411901,1.4707687835297556,4.0,13.878148078918457,1064948535229.0,2
140.0,166.13658073967892,139.04796221967138,24.0,40.0,-0.16314890359624445,3.263525677577159,0.0,0.0,4.0,7.787816007715511,0.0,2
266.0,154.20551437341686,263.4235466481333,34.0,10.0,-0.27268582445333145,5.261159896850586,9.51248843806552,0.6173030209519177,4.0,14.459595680236815,0.0,2
545.0,173.92667030978978,547.1153676944839,21.0,10.0,-0.3571848726768825,4.97078800201416,5.351614112133575,2.879035280333936,4.0,13.878148078918457,0.0,2
567.0,198.6460054289784,563.9393466726738,21.0,30.0,-0.3261707835397848,5.0859246253967285,10.677555035396956,2.2440272347218766,4.0,13.878148078918457,0.0,2
173.0,195.42504423465698,171.4217087378467,24.0,40.0,-0.21021890874031882,3.641254015802155,0.0,0.0,4.0,8.993805881611292,0.0,2
521.0,228.3957497511718,520.3412151740008,21.0,10.0,-0.3366373337350447,5.008065700531006,4.83441878034167,1.5860469508541748,4.0,13.13895320892334,0.0,2
255.0,151.2137972285527,253.1755368195818,24.0,10.0,-0.17637526220734442,5.572513580322266,12.369334370081173,0.8497224127680272,4.0,13.83052018915565,0.0,2
297.0,245.46845767465445,294.5887873287736,34.0,10.0,-0.30253518201883395,5.198733329772949,4.891948811585859,0.7112525316910769,4.0,13.266069175201713,0.0,2
332.0,203.70624242629827,329.77266564514423,31.0,10.0,-0.31561320688531436,5.027198791503906,9.069660188014423,1.3972519462960598,4.0,13.731599807739258,2441743112528.0,2
361.0,227.54376720363794,358.28196012322144,21.0,40.0,-0.2361091579615176,5.066448211669922,1.6343560794770262,5.912974843764511,0.0,13.13895320892334,560526647382.0,2
315.0,202.0488632905367,309.55469635776865,21.0,40.0,-0.288550287572322,5.246020793914795,13.984224725542655,1.3280441918324297,4.0,13.976881980895996,0.0,2
412.0,178.4914103151387,393.739796551856,21.0,10.0,-0.26798051201705547,3.748873520252559,0.0,0.0,4.0,10.666157534376339,0.0,2
527.0,219.80311339633744,520.6120465231571,21.0,10.0,-0.31092408975240227,5.014116764068604,6.155745889324024,4.889364723310058,4.0,13.208941459655762,0.0,2
238.0,93.21098722301497,236.53869469317067,24.0,10.0,-0.26070144612637963,5.690929889678955,5.983660129935642,1.4005388073503098,4.0,13.662251472473145,0.0,2
338.0,207.15869232680134,327.14857139014106,31.0,40.0,-0.28689715230079677,5.154557228088379,13.581163958719328,0.8942584803865679,4.0,14.040412902832031,0.0,2
164.0,147.26335064174387,163.38274541733716,21.0,40.0,-0.20538491735132847,3.932064598553766,0.0,0.0,4.0,9.788345937859436,0.0,2
281.0,193.59269905411696,281.82308265999575,31.0,10.0,-0.32596110636240827,5.246020793914795,5.3039970988443494,2.6120475416314095,4.0,13.976881980895994,942115783766.0,2
541.0,208.05881703685043,535.9858649753955,21.0,10.0,-0.37926978892683283,4.995950698852539,5.244397171051965,2.610992927629913,4.0,13.878148078918457,0.0,2
264.0,255.14568334959813,261.147953489344,24.0,10.0,-0.2720792718304015,5.2977142333984375,9.26196356226585,1.6839021228478779,6.0,13.222733497619629,0.0,2
333.0,247.46366185632294,332.5543414926002,31.0,10.0,-0.32905972373661535,5.198733329772949,5.024451788820979,2.0611294720524476,4.0,13.138953208923342,0.0,2
115.0,74.3648168724035,110.67883588139696,34.0,10.0,-0.2389215081514086,4.756361477995776,0.0,0.0,4.0,11.400225260486833,0.0,2
290.0,183.19081638599943,290.02631536403345,21.0,40.0,-0.3062838061088291,5.438047885894776,10.432147352986235,0.4889998494159768,4.0,13.731599807739256,1132413623251.0,2
456.0,220.73707182603818,456.4717597256223,21.0,10.0,-0.36820974431942866,5.283354759216309,10.142910624114835,9.153725556164193,4.0,13.731599807739258,0.0,2
300.0,217.4612224252667,297.58486873780436,34.0,40.0,-0.23205388642115257,5.283354759216309,13.310866639260235,0.2771665981505859,4.0,13.753186909203391,0.0,2
286.0,192.3372458328908,284.3417615559463,21.0,40.0,-0.26194438683113086,5.384580135345459,13.678429967530437,1.1960749188260928,4.0,13.976881980895996,0.0,2
243.0,179.94925608994768,242.25325116313425,21.0,10.0,-0.30845387442455374,5.113445281982422,4.6843816327205285,1.2109540818013196,4.0,13.441119194030762,1917589051682.0,2
478.0,169.12459389155444,472.50673375170936,21.0,10.0,-0.3903903944249139,4.97078800201416,5.96057751317307,4.401443782932674,4.0,13.878148078918457,0.0,2
293.0,216.6026846440133,289.1509253827478,24.0,40.0,-0.23094668733120793,5.585015296936035,13.384009008325783,0.46002252081445916,4.0,13.75680923461914,0.0,2
432.0,178.37346689410876,426.8166621982774,21.0,20.0,-0.33382141837288615,4.980801582336426,7.77695707513704,3.017801651800538,4.0,13.878148078918457,0.0,2
442.0,214.82882477432366,432.8070221560131,21.0,10.0,-0.33867902420258034,5.317964553833008,6.611678726154693,6.029196815386732,4.0,13.731599807739258,0.0,2
273.0,254.51556696152699,267.9801408867392,34.0,10.0,-0.3067388151289378,5.33054256439209,5.208255221077316,1.020638052693291,6.0,13.228392601013184,437035855977.0,2
567.0,173.7381161074007,569.59495301194,21.0,10.0,-0.39644716119081347,4.97078800201416,5.690879835110276,3.7271995877756874,4.0,13.878148078918457,0.0,2
286.0,175.62596161139464,282.4522555116231,24.0,10.0,-0.2716398595479404,5.400402545928955,6.3492523365943585,0.6634620025446771,6.0,13.75680923461914,0.0,2
455.0,237.03957540401302,456.66146998485965,31.0,10.0,-0.3234227395736243,5.066448211669922,5.084949985980539,2.2123749649513456,4.0,13.13895320892334,0.0,2
319.0,197.50157697777283,319.42024684114034,31.0,10.0,-0.26270319997653646,5.027198791503906,3.7760409713973297,0.8283974595376938,4.0,13.731599807739256,0.0,2
271.0,251.23825332527886,268.8504763071898,24.0,10.0,-0.2837838015510038,5.2977142333984375,9.325291079602307,1.6243727980878873,4.0,13.281198462394817,0.0,2
292.0,244.85908405481007,290.1978161574012,34.0,10.0,-0.2885905754702538,5.246080447632137,8.445997345046234,0.8626991745583468,4.0,13.287399291992188,0.0,2
304.0,207.18345624223252,299.0068255950485,24.0,40.0,-0.24797858225726946,5.128495216369628,14.269441664079682,1.262379263271468,4.0,13.75680923461914,0.0,2
375.0,216.67725029686062,376.96183974393773,31.0,10.0,-0.40611019955700517,5.283354759216309,6.747493375040527,6.368733437601316,4.0,13.731599807739258,0.0,2
268.0,176.57152153993528,262.92614103353543,24.0,10.0,-0.26569746551654455,5.436868190765381,9.194795245377755,0.8171516990277927,4.0,13.976881980895996,0.0,2
293.0,253.43439363400262,288.5010192075582,31.0,10.0,-0.2709400815847377,5.198733329772948,7.787410629047781,2.1410229152180045,4.0,13.13895320892334,0.0,2
252.0,179.71156261828003,249.2704215986168,24.0,10.0,-0.26996854002574977,5.417598724365234,7.2389265218855146,0.8691609649078559,4.0,13.795422554016113,0.0,2
150.0,92.7022289103572,146.78833621492547,24.0,40.0,-0.14098685664340746,3.2461736090308597,0.0,0.0,4.0,8.19501945829454,0.0,2
321.0,236.44788100693074,319.2884881615338,31.0,10.0,-0.3495040876828288,4.934835433959961,5.354178300220328,1.2803120891596698,6.0,14.040412902832031,0.0,2
402.0,217.52333729021865,397.5504087244932,41.0,10.0,-0.35193855769378357,5.317964553833008,4.981469005174293,1.9536725129357313,4.0,13.70724446806189,219572848286.0,2
328.0,219.30313880810246,325.2945404974064,31.0,10.0,-0.3589777173783834,5.283354759216309,4.513845439737883,0.7846135993447068,4.0,13.731599807739258,0.0,2
434.0,216.5645423789118,427.2684794605944,31.0,10.0,-0.421937380108622,5.293166467981431,5.681759041921787,3.7043976048044662,4.0,13.731599807739258,0.0,2
325.0,192.22228949531348,334.8867750348205,31.0,10.0,-0.353020693297747,5.027198791503906,6.009730483601263,4.524326209003157,4.0,13.731599807739258,773060296216.0,2
383.0,254.4616684259585,391.6288141379729,11.0,10.0,-0.32843480303116596,5.30690336227417,7.611659368734943,7.962324376086594,4.0,13.13895320892334,0.0,2
580.0,197.75577690839026,577.5638555081035,21.0,10.0,-0.3342179329427955,5.0859246253967285,5.012192991313539,1.3952916284367685,4.0,13.878148078918457,0.0,2
540.0,210.4056810152826,539.848700585145,21.0,10.0,-0.3361179740493295,4.995950698852539,5.448891534765973,2.09483157664099,4.0,13.878148078918457,0.0,2
252.0,273.5422204115906,246.89030023841943,24.0,60.0,-0.24280092224928596,5.292881011962891,0.0,0.0,6.0,13.222733497619629,2227812042556.0,2
155.0,186.1231396841672,152.91329856941064,24.0,10.0,-0.20840842359512865,4.174575542049801,0.0,0.0,6.0,9.575666593360948,0.0,2
254.0,149.8076697859176,253.07396700656517,34.0,30.0,-0.26288819961336046,5.524392127990723,8.26288023754332,0.4342520634684709,4.0,14.459595680236818,203638685309.0,2
518.0,206.0733943550798,513.1141143299604,21.0,40.0,-0.29472150486554693,5.178556311620425,13.368461616011055,2.0340679913509527,4.0,13.731599807739258,0.0,2
154.0,181.10877589136342,153.22080465165334,24.0,40.0,-0.16150817861581093,3.5259770432563675,0.0,0.0,4.0,8.41410890344071,0.0,2
129.0,99.24128549330568,127.39120534944804,24.0,40.0,-0.2118247030167957,4.868431875150695,0.0,0.0,4.0,11.70263185893067,0.0,2
323.0,205.47789124628056,316.6662228271387,31.0,40.0,-0.28278282346172445,5.1871332926292935,13.630882084787267,1.0772052119681677,4.0,14.040412902832031,0.0,2
202.0,83.58931086866541,202.12071739143,24.0,10.0,-0.25757847259948036,5.699049949645996,4.669052294635254,1.172630736588133,4.0,14.346285820007324,0.0,2
504.0,205.3561719365244,508.3316782575288,21.0,10.0,-0.3452993332079267,5.027198791503905,6.1099617055458,2.3091508392070335,4.0,13.731599807739258,0.0,2
334.0,244.8202718046594,329.5394025564924,21.0,10.0,-0.31680241843490015,5.167465686798096,5.917374211357112,2.641620127408655,4.0,13.13895320892334,0.0,2
244.0,261.60931303827863,237.73540047666887,31.0,40.0,-0.2403288280302757,5.190669770715755,0.0,0.0,6.0,12.96738825172857,0.0,2
347.0,209.23805798551467,341.4397527809107,21.0,40.0,-0.2895218222512893,5.154557228088379,14.023772779996921,1.2373146471594814,6.0,14.040412902832031,0.0,2
544.0,176.07959576274166,541.1365831884742,21.0,10.0,-0.39659997212044906,4.97078800201416,5.567072747999559,3.4176818699988942,4.0,13.878148078918457,0.0,2
302.0,198.07097316672147,295.767039276054,21.0,40.0,-0.2728070941499641,5.175733652392639,13.242406006374969,0.8506087119076045,4.0,13.976881980895996,0.0,2
435.0,207.26781482757056,430.1279139680454,31.0,10.0,-0.36103269451078956,4.995950698852539,6.388820742203663,5.148072602948974,4.0,13.878148078918457,1441261699281.0,2
532.0,189.82327728838467,528.803801482858,31.0,10.0,-0.3984292095725976,5.0859246253967285,4.7621151589884345,1.4052878974710858,4.0,13.878148078918457,0.0,2
254.0,275.24858054759176,252.536872958135,24.0,40.0,-0.29935830547178904,5.347187519073486,11.672910179476125,0.8785781485172834,4.0,12.830498695373535,0.0,2
234.0,275.64769677196875,232.0716886398371,24.0,10.0,-0.27367792942530617,5.347187519073486,6.626424674437322,0.8263356586960553,4.0,12.830498695373535,0.0,2
247.0,200.27179725009327,244.866261064824,31.0,10.0,-0.3289203715738199,5.217844486236571,4.732116663501944,1.3302916587548563,4.0,13.482061386108398,0.0,2
520.0,203.36957734174518,519.3090007121931,31.0,10.0,-0.3413811437237656,5.027198791503906,8.556148703473513,1.6156676756937678,4.0,13.731599807739258,0.0,2
298.0,195.98073462201262,294.0630157669581,21.0,40.0,-0.27213097581173407,5.246020793914794,13.44967100669672,0.6241775167418044,4.0,13.976881980895996,0.0,2
393.0,222.70496875558212,415.787037973852,21.0,10.0,-0.3968168072417342,4.934835433959961,8.076371272640499,9.690928181601246,4.0,14.040412902832033,60358713601.0,2
402.0,232.28957055220604,422.7691703746668,21.0,10.0,-0.3487246290945218,4.934835433959961,7.847974924878209,8.022437644686544,6.0,14.040412902832031,0.0,2
257.0,204.56715462026233,255.6061851236633,34.0,40.0,-0.27632091520694774,5.303940296173095,13.499067204100657,0.4514185089882019,4.0,13.878148078918457,0.0,2
445.0,240.29582640056435,437.5486912736107,31.0,10.0,-0.32801293293946787,5.066448211669923,4.779350912013188,1.4483772800329682,4.0,13.138953208923338,0.0,2
584.0,198.04013211736168,580.7977497241362,21.0,30.0,-0.3423623925376912,5.0859246253967285,10.781909037002377,1.5421512332823903,4.0,13.878148078918457,0.0,2
300.0,215.42701586131116,296.09983120154857,24.0,40.0,-0.22583488206911612,5.181661991223898,13.972509124314136,0.4312728107853422,6.0,13.287399291992188,0.0,2
362.0,212.71839671787754,359.54790951383455,21.0,10.0,-0.35749628121571636,5.154557228088378,5.948000186611199,4.370000466527998,4.0,14.040412902832031,0.0,2
525.0,219.9644163482763,519.083730720716,21.0,10.0,-0.41595573691250654,5.293166467981431,5.249637849851874,2.6240946246296843,4.0,13.731599807739256,0.0,2
242.0,280.9473646186289,240.754868294429,24.0,40.0,-0.24978982124783355,5.37435483932495,10.497872454569185,1.1626223520104346,4.0,12.830498695373535,0.0,2
515.0,206.58983473541184,509.2422814043615,31.0,40.0,-0.3124723012174027,5.317964553833008,9.555472215377739,2.0097072707225783,4.0,13.731599807739258,0.0,2
314.0,196.85207127590115,310.51301582053327,21.0,30.0,-0.295217540144746,5.384580135345459,10.960526536314203,0.88090139198912,4.0,13.979492840701585,0.0,2
238.0,276.4997010817804,236.20526967627652,24.0,10.0,-0.2744450781554328,5.358724326303561,8.212221431009219,0.4757590569750943,4.0,12.830498695373535,0.0,2
269.0,183.94924663955302,264.99772407216176,34.0,10.0,-0.30718476002973233,5.298759460449219,7.513925507509063,0.9856449963295296,7.0,13.75680923461914,237178158550.0,2
557.0,193.63013062957623,562.8753949516054,21.0,10.0,-0.36713646207342154,5.0859246253967285,7.96343820639634,5.5088748084499395,4.0,13.878148078918459,0.0,2
334.0,214.24179046325867,329.84126269765034,34.0,40.0,-0.23301813188607842,5.154557228088379,13.42479569644588,0.502619644093821,4.0,14.040412902832031,0.0,2
294.0,263.1914798772294,295.2369878753447,21.0,10.0,-0.31523847996926974,5.374334187183565,8.751708471833668,5.408397393176518,4.0,12.816948233298884,0.0,2
476.0,209.97690212502943,474.76115841333313,31.0,10.0,-0.3527429150415702,4.684385480296012,2.149199467002098,1.6866174997968055,4.0,13.327841874274906,0.0,2
206.0,102.34166933365009,204.51892880727547,24.0,10.0,-0.25725734603898115,5.690929889678955,10.18380477388359,0.44280758572632106,7.0,13.662251472473145,3241577180795.0,2
310.0,243.9120438600123,305.58343718374385,31.0,10.0,-0.32450449551209315,5.031415939331055,3.9295673712499406,0.7815457721865697,6.0,14.040412902832031,0.0,2
375.0,223.54083035278504,377.1345778795933,31.0,10.0,-0.38453894680699596,4.934835433959961,6.39530726783247,5.488268169581175,4.0,14.040412902832033,2133233424229.0,2
545.0,175.80679057936493,543.1494840041294,21.0,10.0,-0.3998753043561716,4.97078800201416,5.760273014580536,3.9006825364513382,4.0,13.878148078918457,0.0,2
539.0,190.11542611303645,538.8792762452958,31.0,10.0,-0.33351840425130624,5.031759361155983,8.736459888333286,1.4266664118823278,4.0,13.878148078918457,759944966120.0,2
544.0,200.98418097773802,542.370979086055,31.0,10.0,-0.32760984537956295,4.995950698852539,10.130994011660432,2.1244660106645745,4.0,13.878148078918457,0.0,2
458.0,175.69231689690127,459.82097730995497,21.0,10.0,-0.3369878012197957,4.980801582336426,6.6774251199329955,6.1935627998324865,4.0,13.878148078918457,0.0,2
278.0,191.64375128489846,272.76208883134086,21.0,30.0,-0.2775377150442171,5.3051753174768725,12.096061505328956,1.2900939149383515,4.0,13.976881980895996,264230454711.0,2
293.0,259.27359345271753,292.1988742694938,24.0,30.0,-0.267331293746502,5.351770877838135,12.305727508122306,1.5656886333194633,4.0,13.13895320892334,0.0,2
332.0,222.3123760877174,327.73646234876855,34.0,10.0,-0.27986282562540477,5.211073398590088,9.009091196932859,0.7112637018678603,4.0,14.040412902832031,0.0,2
279.0,159.39792518701407,276.07888139110094,24.0,40.0,-0.2569765483204204,5.261159896850587,14.153998492429002,0.381571573538255,7.0,14.459595680236816,0.0,2
248.0,200.50772201166612,246.21662726642637,24.0,40.0,-0.24838521113768564,5.303940296173096,14.300688018305282,0.5017200457632051,7.0,13.878148078918457,0.0,2
523.0,211.2776337037235,519.0126813017703,21.0,10.0,-0.31596157589734375,4.99595069885254,5.519241325283536,3.2981033132088404,4.0,13.410620166830814,0.0,2
164.0,97.29914049715542,161.7468206844767,24.0,40.0,-0.15259286473605868,3.7493729264769393,0.0,0.0,6.0,9.050236114084036,0.0,2
129.0,154.4314191185551,128.25365246583914,34.0,40.0,-0.1488944088022288,3.012485240840453,0.0,0.0,4.0,7.188753237891238,0.0,2
266.0,196.27582220847418,263.9356074758723,34.0,10.0,-0.34085465459164677,5.303940296173096,4.46072819990496,0.6518204997623969,4.0,13.878148078918457,0.0,2
271.0,192.78294368856754,266.6805985302728,31.0,10.0,-0.304900770718342,5.246020793914795,6.913559375515572,0.3501971487239671,4.0,13.976881980895996,4743228438756.0,2
205.0,264.68749040110833,204.12285687253427,34.0,10.0,-0.27066158716674527,5.4153852462768555,7.9192038094368336,0.5423904253076499,4.0,12.796457290649412,2728238279849.0,2
512.0,227.50684469046,506.8154185941838,21.0,10.0,-0.35297026784595326,5.008065700531006,5.328749024332454,2.8218725608311317,4.0,13.13895320892334,0.0,2
267.0,197.54174736017183,267.9253130854309,31.0,10.0,-0.32933636213541173,5.217844486236572,6.499284203580484,2.1883488252166394,4.0,13.441119194030762,0.0,2
260.0,227.35220328929995,256.86787751222306,31.0,10.0,-0.26877528656145755,5.0141167640686035,4.570488186490749,0.9262204662268717,4.0,13.208941459655762,0.0,2
341.0,206.86276152029967,340.80403924803255,31.0,10.0,-0.34878135301328383,5.027198791503906,4.7447233487888,1.3618083719719998,4.0,13.731599807739258,2766186049731.0,2
315.0,179.58066457224754,317.5317910771878,31.0,10.0,-0.36799792651483876,4.980801582336426,5.090353510217766,2.225883775544416,4.0,13.878148078918457,0.0,2
452.0,240.7520873480358,448.3982396053372,31.0,10.0,-0.3369313655341618,5.066448211669922,4.973824056812323,1.9345601420308072,4.0,13.13895320892334,0.0,2
456.0,213.86074351470177,461.46673240615985,21.0,10.0,-0.42798558426103106,5.317964553833008,7.261260311326101,7.653150778315252,4.0,13.731599807739258,0.0,2
305.0,198.40049581726856,295.13592472637015,21.0,40.0,-0.2943672607919765,5.246020793914795,13.458506952866513,1.7506695633073215,4.0,13.976881980895996,0.0,2
263.0,271.9134605955441,260.31761687611436,34.0,10.0,-0.23476146656887567,5.237848330007016,11.416130270166157,0.6196580334417772,4.0,12.830498695373537,594957216350.0,2
316.0,207.2231865861788,307.6097820628497,31.0,10.0,-0.3008812930985386,5.128495216369629,7.937071276832953,1.328979561945304,4.0,14.040412902832031,380735055374.0,2
282.0,212.12879437595404,281.6449667020306,31.0,10.0,-0.32096635141276275,5.001425403438203,7.296900672552406,1.7777617226098397,4.0,13.208941459655762,0.0,2
506.0,221.67112882701252,505.85728781276885,21.0,10.0,-0.3540998953900323,5.293166467981431,5.193950350305188,2.4848758757629685,4.0,13.70724446806189,0.0,2
285.0,199.7072481514754,280.7272675214002,24.0,40.0,-0.2742855124047722,5.444123268127441,2.4455309096294284,0.21868164300569493,4.0,13.99258041381836,0.0,2
550.0,191.8612241681065,547.2882651449661,31.0,10.0,-0.3313819175586846,5.0859246253967285,6.29215738482581,1.437202878210166,4.0,13.878148078918457,0.0,2
312.0,218.05953778250483,311.8933968232625,34.0,10.0,-0.34386354071501934,5.283354759216309,5.905802895255216,0.8740962792337084,4.0,13.731599807739258,0.0,2
298.0,217.33490994765793,294.964947767089,34.0,40.0,-0.24022539882666843,5.335486386123217,13.401817319403621,0.504543298509056,4.0,13.75680923461914,1323791287901.0,2
348.0,204.8716564824776,352.6412096273423,31.0,10.0,-0.3414114296919869,5.027198791503907,7.038618477208596,5.038958747882548,4.0,13.731599807739258,0.0,2
290.0,210.00743847557152,287.3154679466965,24.0,40.0,-0.21668154963321062,5.585015296936035,13.376776244328333,0.4419406108208358,4.0,13.75680923461914,0.0,2
305.0,245.15766056080895,302.863594242892,31.0,10.0,-0.3036653440760273,5.031415939331055,5.452417739839499,1.6310443495987492,6.0,14.040412902832031,0.0,2
226.0,89.10982173858969,223.71614998351848,21.0,10.0,-0.28133148594745416,5.690929889678955,7.4163868562876605,1.102943467358206,4.0,13.662251472473145,0.0,2
289.0,210.83554371880916,286.08624947333936,24.0,40.0,-0.24819576713470917,5.542499496093663,13.367238129309507,0.41809532327377225,4.0,13.75680923461914,4479609184406.0,2
254.0,128.89251773489826,251.17056763490837,24.0,10.0,-0.2602905556074021,5.520002365112305,9.785943756548722,0.4424162473366553,7.0,13.63137149810791,0.0,2
433.0,173.37841883163134,433.60632737803104,21.0,10.0,-0.3638721578083777,5.005965043420661,6.320007473985807,5.300018684964518,4.0,13.878148078918457,0.0,2
239.0,271.3875852165263,236.56453725188504,41.0,60.0,-0.1908494127258085,5.29288101196289,4.3396869328408565,0.5229316427505033,0.0,13.222733497619627,4458293716608.0,2
439.0,218.48432459638994,439.2916635928572,21.0,10.0,-0.38078633979337445,5.2833547592163095,9.149541202595394,8.28022353448422,4.0,13.731599807739256,0.0,2
335.0,211.1827683158026,328.38905624955834,34.0,40.0,-0.2307256338408152,5.154557228088379,13.428139308781557,0.4720173768880521,4.0,14.040412902832031,1455582064976.0,2
356.0,227.87202520850192,346.3329872453001,31.0,30.0,-0.21668704826672666,5.066448211669923,1.526976730639952,4.617851217764293,0.0,13.13895320892334,1620171791930.0,2
460.0,174.22154912859583,460.2278896440868,21.0,10.0,-0.3614375960273551,4.980801582336426,6.536114530557017,5.840286326392543,4.0,13.878148078918457,0.0,2
239.0,274.29602002949514,236.1851132672555,24.0,10.0,-0.2698846222016545,5.347187519073486,10.635253087385037,0.8098377324273123,4.0,12.830498695373535,0.0,2
296.0,191.09614902629914,290.01575298712663,21.0,40.0,-0.2596623727712151,5.384580135345459,13.666685484755401,1.123702673186552,4.0,13.976881980895996,0.0,2
575.0,197.45570638466194,573.3648670925581,21.0,10.0,-0.33487538177054815,5.0859246253967285,6.307914252927429,1.6389836639716837,4.0,13.878148078918457,0.0,2
454.0,230.11803643637876,463.61023057911484,21.0,10.0,-0.3686871974594113,5.008065700531006,6.311411567152234,5.278528917880585,4.0,13.13895320892334,0.0,2
288.0,211.05481090548375,284.0959791858995,34.0,10.0,-0.2750241456929627,5.585015296936035,6.162851546365157,0.7823782341794894,4.0,13.75680923461914,0.0,2
137.0,113.48543434691445,134.68511770182647,21.0,10.0,-0.19354945513967795,2.998994112477818,0.0,0.0,4.0,7.748912952015956,0.0,2
271.0,260.36637498184604,268.9580475263448,24.0,10.0,-0.2637806730236139,5.240396267233542,9.97654174230318,0.9483366672354402,6.0,13.228392601013184,3977375050533.0,2
306.0,225.79097877318264,305.5389559567585,34.0,10.0,-0.3294766863858323,5.143702598467263,4.976894994666703,0.7983353720238935,4.0,13.13895320892334,2304846242441.0,2
277.0,268.07314881776375,272.27481882810935,24.0,40.0,-0.22603572939665853,5.33054256439209,2.408901001503035,0.14554017499051514,4.0,13.222733497619629,0.0,2
549.0,188.11390010776353,544.9078666531772,11.0,10.0,-0.39536070660210465,4.980261325836182,6.052418729851162,4.631046824627905,4.0,13.878148078918457,0.0,2
232.0,86.34176982079231,228.46841770744908,24.0,10.0,-0.2852968856959855,5.717838287353516,5.146940795932009,1.0129830577911076,4.0,14.346285820007322,0.0,2
558.0,208.04904347457298,560.2973734767756,21.0,10.0,-0.3880143678090028,4.995950698852539,5.189823866361055,2.4745596659026377,4.0,13.87814807891846,0.0,2
535.0,222.74378707481378,533.5854364710964,21.0,10.0,-0.31994880752560934,5.0141167640686035,5.030620188575444,2.0053907427512954,4.0,13.208941459655762,0.0,2
263.0,269.218822042478,260.87633700841997,24.0,10.0,-0.2964097290291784,5.347187519073486,8.134627685953891,0.7409314971034082,4.0,12.830498695373535,0.0,2
325.0,250.5421012166913,319.3908842861755,21.0,10.0,-0.292919271447142,5.198733329772949,5.007003435730249,2.0175085893256233,4.0,13.138953208923338,0.0,2
572.0,198.92408210871764,571.2057616927741,21.0,10.0,-0.32372545717577117,5.085924625396728,7.591559715231604,2.1090362743805606,4.0,13.878148078918457,0.0,2
261.0,185.7607091182787,258.2325090467431,24.0,10.0,-0.26521211585032695,5.417598724365234,7.734848185720231,1.4608071247604384,4.0,13.795422554016113,0.0,2
258.0,264.36497211605564,257.97757168006416,34.0,10.0,-0.2622177381158144,5.347187519073486,6.8710433861542946,1.2284130936608175,4.0,12.830498695373535,1072724373775.0,2
341.0,208.619352372776,337.3383079515618,21.0,40.0,-0.2786214098578075,5.154557228088379,13.292454311482715,1.5827117861545856,4.0,14.040412902832031,0.0,2
323.0,234.80132012320524,322.032655078164,34.0,10.0,-0.2936441552482049,5.066448211669922,4.608094693264567,1.020236733161417,4.0,13.168354180715616,186328122088.0,2
259.0,264.8293061093912,259.6152166026405,24.0,40.0,-0.2472758845713626,5.351770877838136,13.933836917423765,0.4743981188021196,6.0,12.830498695373535,0.0,2
421.0,253.20325928517735,415.45603281907177,11.0,10.0,-0.33524764023462594,5.306903362274169,7.276121374283214,5.737390814348819,7.0,13.13895320892334,0.0,2
318.0,210.66033248016814,320.89548198762304,21.0,10.0,-0.33140231229980216,4.995950698852539,6.939837261273005,5.655976980819184,7.0,13.208941459655762,0.0,2
477.0,185.43897661091245,472.0667789362325,31.0,10.0,-0.40902665472201877,4.980261325836181,5.070647075684534,2.176617689211334,4.0,13.878148078918455,0.0,2
278.0,194.5528756687208,275.5882883414101,34.0,10.0,-0.26067760174365456,5.298759460449219,9.92666845661579,0.8322317214036894,4.0,13.75680923461914,2166685158919.0,2
483.0,176.98571906639097,481.39390246206966,21.0,10.0,-0.4023079721601676,4.980801582336425,5.864868106337218,4.110102171681594,4.0,13.878148078918455,0.0,2
249.0,178.22177712536745,248.13308343594338,24.0,10.0,-0.28661540943362773,5.417598724365234,4.618709910697547,1.0467747767438664,4.0,13.795422554016113,0.0,2
235.0,162.3707262409222,230.71914227446612,24.0,40.0,-0.2591384239812867,4.509870968976046,0.0,0.0,4.0,11.710295453117835,0.0,2
478.0,219.80473902406595,469.6739935806829,21.0,10.0,-0.3440193548467599,5.276122644553556,5.558732199867395,3.3968304996684853,4.0,13.13895320892334,0.0,2
515.0,198.12665526790067,512.5958744845091,21.0,10.0,-0.31129328778313614,4.99595069885254,8.155765371846332,2.5160925092809863,4.0,13.878148078918457,0.0,2
544.0,196.2838228486658,546.1103141280372,21.0,10.0,-0.33786986325947377,5.0859246253967285,4.938537961409628,1.8463449035240684,4.0,13.878148078918457,540666179424.0,2
500.0,206.89341983527484,495.8154710370122,31.0,40.0,-0.3227187821349497,5.317964553833008,9.558317355311823,1.9916837992384675,4.0,13.731599807739256,3083744815245.0,2
551.0,195.39224723284877,547.2279885910121,31.0,10.0,-0.3530634141599326,5.0859246253967285,4.88312035009001,1.7078008752250264,4.0,13.878148078918457,0.0,2
310.0,194.7744028035944,303.3826932464449,21.0,40.0,-0.2798238495021189,5.384580135345459,13.204361731434311,2.055724118451383,4.0,13.976881980895994,0.0,2
124.0,88.06043594135174,125.42876902764449,24.0,40.0,-0.1201571978443353,2.9141697125765633,6.624797067184331,0.3301533276230304,4.0,7.139668459105347,0.0,2
284.0,194.72286191329943,282.95154961353774,21.0,30.0,-0.3236932419457486,5.151819085421627,11.773371341462813,2.375574915699863,6.0,13.976881980895996,0.0,2
501.0,187.3529260155991,492.9743634883101,21.0,10.0,-0.4103162630962424,4.980261325836182,4.751944952494329,1.3798623812358235,4.0,13.878148078918455,0.0,2
340.0,218.30191932560817,332.53817243305895,31.0,30.0,-0.27253054037010405,5.154557228088379,12.137155135271792,1.8454812681568744,4.0,14.040412902832031,0.0,2
300.0,215.17243161728763,297.6542736428392,34.0,40.0,-0.24298664033928163,5.283354759216309,13.443213567096421,0.3686204319051588,4.0,13.731599807739258,0.0,2
532.0,189.95914554272127,523.897780099659,21.0,10.0,-0.409643019984133,4.980261325836181,4.8568915686852705,1.6422289217131736,4.0,13.878148078918457,0.0,2
332.0,205.87880693839926,324.7036745574947,21.0,40.0,-0.2848362970184116,5.154557228088379,13.54186698337869,0.8546674584467279,4.0,14.040412902832031,0.0,2
262.0,177.23996408543368,257.7194190805493,24.0,10.0,-0.2647382025960312,5.621148586273193,8.311415448476193,0.9727133784717147,4.0,13.763900756835938,0.0,2
307.0,198.11533501984616,301.1556257886921,21.0,40.0,-0.2829438724112266,5.384580135345459,13.74595429280318,1.3648857320079548,4.0,14.040412902832031,0.0,2
491.0,205.47658586799264,488.38593710386806,21.0,10.0,-0.3384053826268675,4.995950698852539,7.6886977155786695,7.622030231226228,4.0,13.878148078918457,0.0,2
459.0,219.60957659677894,457.82258085831006,21.0,10.0,-0.3558023342951163,5.283354759216309,6.940228811726472,6.599208816122944,4.0,13.731599807739258,0.0,2
296.0,199.40840703459202,296.3589965641728,31.0,30.0,-0.3112226874195113,5.246020793914795,8.201369525038338,1.6768378304173097,4.0,13.979492840701587,0.0,2
270.0,189.24480457595462,268.13815165480526,31.0,10.0,-0.28598681182077473,5.246020793914795,10.092623263058616,1.6014211713451254,4.0,13.976881980895994,2069115200570.0,2
229.0,123.82420936134278,223.4698785151997,24.0,10.0,-0.2607406617043295,5.670567035675049,5.5202511210238665,1.4024365537232109,4.0,14.240604400634766,0.0,2
331.0,249.86826107791703,324.99147586287285,21.0,10.0,-0.2940442538440569,5.198733329772948,5.32203365698317,2.805084142457925,4.0,13.13895320892334,1876108429978.0,2
252.0,273.697906352458,248.53554674836755,24.0,40.0,-0.2885121788840964,5.347187519073486,9.336923136833407,1.0494829983545646,4.0,12.830498695373535,0.0,2
356.0,229.62600500108255,376.9798960334012,11.0,20.0,-0.34972237473568524,5.066448211669923,11.166752668122808,10.985973304832818,4.0,13.13895320892334,0.0,2
269.0,193.38313432287882,264.21306783638346,31.0,10.0,-0.3416043087616136,5.217844486236572,4.580861848075747,0.9521546201893654,4.0,13.441119194030762,2361577853656.0,2
314.0,236.09260316011117,309.653695436405,31.0,10.0,-0.3925333393311338,5.057789325714111,5.426650050615821,1.566625126539554,6.0,14.040412902832033,2981791465352.0,2
410.0,233.34644387105124,412.0296156726854,21.0,10.0,-0.36851166343416264,4.934835433959961,8.262963962374815,8.657409905937044,6.0,14.040412902832031,0.0,2
263.0,193.34835208119938,263.1139041998551,31.0,10.0,-0.3419264205887148,5.303940296173096,4.596127983719322,0.990319959298306,4.0,13.878148078918457,855443698036.0,2
265.0,272.19670545599206,261.52335741723186,34.0,10.0,-0.23563434397513164,5.194586753845215,12.627911205707765,0.6920017142295206,4.0,12.830498695373535,0.0,2
242.0,174.80054835283428,238.60902001794022,34.0,10.0,-0.2934320414885986,5.417598724365234,6.241427073032835,0.48626484975866874,4.0,13.795422554016115,151835861852.0,2
301.0,218.4598741816658,298.6434949730539,24.0,40.0,-0.23530187635587257,5.3354863861232165,13.438960212762169,0.5974005319054215,4.0,13.75680923461914,0.0,2
506.0,223.35355431063064,506.71350792510543,21.0,10.0,-0.33696410117797476,5.008065700531006,7.616962450364619,4.031832911388263,4.0,13.13895320892334,0.0,2
462.0,170.17040441720533,456.43385438529685,21.0,10.0,-0.3566761151330714,5.00596504342066,6.125224732756532,4.8130618318913285,4.0,13.878148078918457,0.0,2
447.0,206.42426204699467,427.19092293500887,21.0,10.0,-0.3884954434186946,5.027198791503906,7.616896219163514,8.542240547908783,4.0,13.731599807739258,0.0,2
291.0,193.90272467884037,287.34140839787904,21.0,40.0,-0.293835895966621,5.246020793914795,13.49207871374353,0.7301967843588217,4.0,13.976881980895996,0.0,2
224.0,248.78159193949872,220.89160658923504,34.0,10.0,-0.27302890587303247,5.428263187408447,9.104949402308648,0.3517071937615722,4.0,13.208941459655763,2911365197630.0,2
300.0,253.16362976498053,296.55281619165703,21.0,30.0,-0.2611270138043835,5.198733329772949,11.04014895981554,1.8051203713437376,4.0,13.13895320892334,495845662383.0,2
257.0,198.8440420069959,255.3500643227261,21.0,10.0,-0.317999343179074,5.217844486236572,11.000969380100868,2.1253121322576525,4.0,13.455701344633756,0.0,2
214.0,236.19725649797994,213.010098214244,34.0,10.0,-0.28268819162464776,5.7046895027160645,6.5362678934519,0.4542752662797869,4.0,13.208941459655762,4059139940710.0,2
570.0,175.11757791151194,582.1021822385901,11.0,10.0,-0.3518639405121877,4.97078800201416,6.149497474663319,4.873743686658295,4.0,13.878148078918457,0.0,2
285.0,253.4198924931404,284.50977283086627,21.0,10.0,-0.2849250688437435,5.320443153381348,8.593088652538086,2.643248297125282,6.0,13.287399291992188,0.0,2
313.0,241.13659279851439,312.8378836342464,31.0,10.0,-0.326674715659136,5.198733329772949,5.321751735005935,1.9010677269282301,4.0,13.168354180715617,0.0,2
469.0,218.00315036299637,468.9944407557822,21.0,10.0,-0.410747192335313,5.317964553833008,6.45427205468418,5.63568013671045,4.0,13.731599807739258,0.0,2
242.0,272.3871786982437,239.72882697167185,34.0,40.0,-0.24096171247949633,5.276275962533303,13.441425471920361,0.5480243793620191,4.0,13.222733497619629,673039139028.0,2
375.0,231.66894862895845,391.82721552990245,21.0,10.0,-0.3410408200743922,4.934835433959961,7.894826968416664,8.093125407476027,6.0,14.040412902832031,0.0,2
458.0,238.62882119081547,410.0923443243927,11.0,10.0,-0.3622292682708846,5.167465686798096,8.233683213133467,10.08420803283367,4.0,13.13895320892334,0.0,2
377.0,213.7565948920001,376.27735211098025,31.0,10.0,-0.3699870217566258,5.154557228088379,5.560845816955071,3.4021145423876775,4.0,14.04041290283203,0.0,2
277.0,186.77206918330603,274.6512437567018,34.0,20.0,-0.27174291548568497,5.384580135345459,11.242826697317469,1.4940862937657844,4.0,13.976881980895996,0.0,2
248.0,156.7193294785689,240.77270110138306,24.0,10.0,-0.2615211783071866,5.674273014068604,5.2775766719955435,1.6136783470988822,4.0,14.240604400634766,0.0,2
305.0,235.1247347201409,302.6086993321347,24.0,10.0,-0.24901362617078648,5.472708225250244,9.576151585262997,0.5382643202530996,6.0,13.28739929199219,0.0,2
515.0,238.6876610485981,512.3917512954808,11.0,10.0,-0.3907965600696677,5.066448211669922,8.262677892894725,10.156694732236815,4.0,13.13895320892334,0.0,2
193.0,242.19870607779023,191.4007863631859,34.0,10.0,-0.2971158023090784,5.53240156173706,9.775159851988791,0.4829854126551477,4.0,13.482061386108398,3883121110992.0,2
299.0,214.1132332483589,296.26822468528945,24.0,40.0,-0.24408961874933885,5.283354759216308,13.390353358533886,0.4758833963347152,4.0,13.753186909203391,0.0,2
86.0,43.70760204930241,86.60829029756181,24.0,10.0,-0.13040057561518778,3.137059473011845,0.0,0.0,7.0,7.466469098444458,0.0,2
75.0,4.075885361999758,74.94932836813967,24.0,10.0,-0.14862726932987907,3.314639052299854,0.0,0.0,4.0,7.2572138538104785,0.0,2
256.0,195.13685797308688,254.88881449100097,21.0,10.0,-0.3209758087285167,5.217844486236572,4.960394048017302,1.9009851200432533,4.0,13.44111919403076,0.0,2
279.0,259.73785573321544,275.04160410813444,31.0,10.0,-0.3075878352723485,5.30690336227417,4.800444611724293,1.3873995995328137,4.0,12.830498695373535,172159699598.0,2
224.0,97.81662465732805,222.86545153563435,24.0,10.0,-0.2437037211206308,5.642025947570801,4.8512294139213905,1.2171146306938976,4.0,14.146509170532227,0.0,2
363.0,262.47777370913576,385.4702461933676,12.0,10.0,-0.3379335258025757,5.347187519073486,8.903555551938098,11.758888879845244,4.0,12.830498695373535,0.0,2
217.0,105.18628494676362,213.47846060893772,21.0,10.0,-0.2657920164184576,5.6957221031188965,7.827137627975187,0.49316658622996656,4.0,13.576733589172365,0.0,2
325.0,233.16330461729595,326.3565185408878,34.0,10.0,-0.26526416752594917,5.066448211669922,5.704302601067787,1.0957079589802854,4.0,13.13895320892334,0.0,2
215.0,277.70583263954074,214.76853028601954,34.0,10.0,-0.24375576192211185,5.111889839172363,3.8428122409887626,0.4729886359246643,0.0,12.796457290649414,4534263970809.0,2
248.0,179.6453318450482,244.21283874227612,24.0,10.0,-0.2731988935921479,5.417598724365234,8.689173005727664,0.6010413053814552,4.0,13.795422554016113,0.0,2
334.0,234.8569597156916,322.0047253216658,31.0,10.0,-0.3950916762514657,5.057789325714111,7.028762450473787,5.571906126184465,6.0,14.040412902832033,1797244170897.0,2
264.0,149.29835968214633,262.05647518717535,24.0,10.0,-0.23081772998104177,5.719560146331786,7.870037492600573,1.0379079355174285,6.0,13.763900756835938,0.0,2
352.0,210.07979861882785,347.99979150962093,31.0,40.0,-0.2864495822574441,5.154557228088378,13.938486845870335,1.4500208119760076,4.0,14.040412902832031,0.0,2
558.0,192.17452061788276,561.2741503425698,21.0,10.0,-0.3725869979062824,5.0859246253967285,5.329853598917711,2.824633997294277,4.0,13.878148078918459,0.0,2
292.0,199.73088605556563,284.4269708924891,31.0,10.0,-0.3271935544974441,5.128495216369629,9.016954703351233,1.4713666759204558,4.0,13.976881980895994,0.0,2
544.0,195.11921837300503,539.7849275260485,31.0,10.0,-0.34351988661113225,5.0859246253967285,5.004821420528262,2.0120535513206557,4.0,13.878148078918459,2223313608636.0,2
309.0,220.66984360518745,308.5616191967004,34.0,40.0,-0.22722547181562006,5.283354759216308,13.338536367380708,0.3463409184517705,4.0,13.731599807739258,0.0,2
532.0,190.11954448502004,526.4418938331487,31.0,10.0,-0.3940931479376607,5.0859246253967285,4.797593797388697,1.493984493471743,4.0,13.878148078918459,0.0,2
429.0,254.0747543100532,421.06560863358345,21.0,20.0,-0.33669427843197963,5.30690336227417,7.298350864927446,3.2198231657764276,4.0,13.13895320892334,0.0,2
252.0,258.3212664733895,246.9034071023167,34.0,10.0,-0.23947839805033136,5.320443153381348,9.211564881947108,0.7738915904244594,6.0,13.222733497619627,4502904940397.0,2
329.0,243.1227977366529,326.1159312513445,31.0,10.0,-0.37680277053402006,5.2977142333984375,7.068792037882711,5.671980094706776,6.0,14.040412902832031,0.0,2
429.0,215.71597392543805,412.2624361643207,21.0,10.0,-0.3553515434875538,5.317964553833008,6.2450495921754845,5.11262398043871,4.0,13.731599807739258,3785520421463.0,2
284.0,206.05170747549295,280.5803440683017,24.0,40.0,-0.23906481244539007,5.57284164428711,13.40346715877484,0.5086678969370975,4.0,13.75680923461914,0.0,2
255.0,258.71546703156395,250.6644145926511,34.0,10.0,-0.2722474968465882,5.33054256439209,10.792784121422233,0.8643249797094149,6.0,13.222733497619629,2160810552871.0,2
224.0,249.95179897641634,222.41609853670195,24.0,10.0,-0.2759163646792171,5.576583385467529,7.091386888707893,0.7884619019135838,4.0,12.796457290649414,0.0,2
438.0,172.58192074985283,438.46962786234496,31.0,10.0,-0.3411360694842385,4.980801582336425,5.066787593566064,2.166968983915158,4.0,13.878148078918457,0.0,2
272.0,257.47898148093327,269.15570830263846,24.0,40.0,-0.22019289932418706,5.351770877838135,13.540687165491944,0.4713215844307589,4.0,13.13895320892334,874985199367.0,2
548.0,183.81410249815463,548.6196846082373,21.0,10.0,-0.419189743278096,4.980261325836182,5.445536104776328,3.113840261940818,4.0,13.878148078918457,0.0,2
352.0,228.16059538407228,334.72882109625675,21.0,10.0,-0.34321843730212687,5.057789325714111,9.774401818803222,5.373815426114295,4.0,13.287399291992188,0.0,2
297.0,205.07414042290705,295.21994403403323,42.0,10.0,-0.33939231792446306,5.128495216369629,5.641778277950071,1.1408867109676493,4.0,13.856376127594885,2127515788360.0,2
247.0,252.8801631095755,245.71015229842212,31.0,30.0,-0.2883614915326358,5.355211642181988,10.124561299534456,0.7520203521743488,4.0,13.166812609700322,0.0,2
447.0,219.53009141343108,449.59477195207023,31.0,10.0,-0.3515914216393851,5.020801269844786,4.989478749190097,1.973696872975241,4.0,13.138953208923338,4686625579519.0,2
262.0,264.4819015298245,258.2733331525305,24.0,40.0,-0.27742014924949393,5.33054256439209,6.175786083214815,0.3161775368042211,6.0,13.222733497619629,227762475216.0,2
306.0,238.93257943791582,302.91469695229114,31.0,10.0,-0.3202784243773425,5.018185733115838,5.761331037358209,1.0956005020270916,6.0,14.040412902832031,4208066717550.0,2
541.0,194.2723054392848,545.0998975284748,21.0,10.0,-0.324343288582141,5.0859246253967285,5.99477759753818,4.327348302929175,4.0,13.878148078918457,0.0,2
424.0,240.99919975518188,417.96478548208466,21.0,10.0,-0.3553404428878349,5.198733329772949,5.241490897950307,2.603727244875767,4.0,13.13895320892334,0.0,2
276.0,256.9053022597766,273.3235188068806,34.0,10.0,-0.23090784908974016,5.351770877838135,9.117148906687722,0.7009584483924064,4.0,13.13895320892334,1141896709853.0,2
523.0,207.3326071435631,519.4144751265543,21.0,30.0,-0.32734018341469884,5.178556311620425,11.571347068779444,1.8224360321031385,4.0,13.731599807739258,0.0,2
520.0,172.15470535913195,526.9755713098453,11.0,10.0,-0.40337408204506,4.97078800201416,6.837598809372668,6.59399702343167,4.0,13.878148078918457,0.0,2
329.0,185.67743220039867,344.2987406999923,21.0,10.0,-0.26319944807737644,3.6983243655232547,0.0,0.0,6.0,9.580952311025081,0.0,2
293.0,258.4931403004728,284.0918422994756,21.0,20.0,-0.35980387176663853,5.30690336227417,8.460116113847146,5.021549760611982,4.0,12.830498695373535,0.0,2
443.0,183.71145136471864,439.8671372164147,21.0,10.0,-0.3933046566138384,4.980801582336427,5.956259368483491,4.3906484212087245,4.0,13.878148078918457,0.0,2
469.0,186.34126243106064,462.6537418122463,21.0,10.0,-0.3924738374300528,4.980801582336426,5.7045794820424165,3.761448705106042,4.0,13.878148078918457,0.0,2
243.0,147.7899413662891,238.4255999352422,24.0,10.0,-0.260079798895892,5.579386234283446,6.144034668733016,1.1306346170381265,4.0,13.795422554016115,0.0,2
298.0,251.57340012879177,298.2849561222246,31.0,10.0,-0.3145927437491069,5.287802310839092,5.142480917756943,1.1153457975178247,4.0,13.13895320892334,0.0,2
573.0,177.45513527245888,575.5307913279852,21.0,10.0,-0.3824705051565631,4.970788002014159,5.797765726900471,3.9944143172511777,4.0,13.878148078918457,0.0,2
315.0,237.61979231100239,323.35165227582297,21.0,10.0,-0.33076998465856094,5.057789325714111,6.3055262202178985,3.763815550544747,6.0,13.287399291992188,0.0,2
544.0,181.86005854377976,544.8614877856305,21.0,10.0,-0.361174596526043,4.977795666211272,5.815879015272511,4.039697538181278,4.0,13.878148078918457,0.0,2
332.0,204.81447634242187,324.63982633886735,21.0,30.0,-0.25561370699943753,5.154557228088379,10.391169686900213,1.0467631585992097,6.0,14.04041290283203,0.0,2
508.0,213.33913473151964,507.4730667643922,31.0,10.0,-0.33308150887425947,4.995950698852539,4.95112470955842,1.8778117738960491,4.0,13.208941459655762,0.0,2
292.0,210.6968848745454,288.2586989173326,24.0,40.0,-0.2177751311510385,5.585015296936035,13.387783657729361,0.46945914432340907,4.0,13.75680923461914,0.0,2
257.0,200.78025227007006,254.98416512721806,34.0,40.0,-0.2671985412241693,5.303940296173096,13.377092089363195,0.44273022340799173,4.0,13.878148078918459,0.0,2
258.0,142.82085536356337,255.14681841808036,24.0,10.0,-0.0976366766868299,5.306139384890062,6.324458917356903,0.9553818990582168,4.0,14.459595680236816,0.0,2
559.0,188.6290813262086,552.3625613452432,21.0,10.0,-0.350861373238938,5.0859246253967285,5.984649540309827,1.933029622818525,4.0,13.878148078918457,0.0,2
339.0,229.77291853592504,326.6280966944289,31.0,10.0,-0.3644034025532431,5.057789325714111,7.485006797641892,5.927904678637174,6.0,14.040412902832031,1650914823864.0,2
459.0,213.35847756306106,457.83727278833067,21.0,10.0,-0.34336256220914974,5.317964553833008,5.963409984206598,4.408524960516495,4.0,13.731599807739258,0.0,2
223.0,283.5826484524823,221.378833896674,34.0,40.0,-0.27015181733566584,5.374354839324951,0.0,0.0,4.0,12.830498695373535,2771129574494.0,2
302.0,216.83573821558127,299.74286754804496,24.0,40.0,-0.2426526143970538,5.283354759216308,13.519958371203513,0.6149644211594564,4.0,13.731599807739258,0.0,2
511.0,233.04014761198556,514.2758512443924,21.0,10.0,-0.3497140848837981,5.008065700531006,6.5636982068268495,5.9092455170671245,4.0,13.13895320892334,0.0,2
490.0,209.51534976702243,486.35799984034577,31.0,10.0,-0.32491659454358235,5.317964553833008,4.750929850523639,1.377324626309096,4.0,13.731599807739258,0.0,2
531.0,206.2766891403996,531.6828978631735,31.0,10.0,-0.35652270038357153,4.99595069885254,5.088238740277458,2.2205968506936453,4.0,13.878148078918455,0.0,2
452.0,212.95985385030352,455.1406681970453,21.0,10.0,-0.4152322492465993,5.317964553833008,6.705239539336043,6.2630988483401095,4.0,13.731599807739258,0.0,2
209.0,90.0186498755255,206.93069092884616,34.0,10.0,-0.2897535438589283,5.7178382873535165,5.260916459896213,0.4289236806621438,4.0,14.346285820007322,0.0,2
212.0,254.454698826452,210.41160954545035,34.0,20.0,-0.28410995744583945,5.428263187408447,6.575287945344417,0.4343629674972376,4.0,12.796457290649414,3214127546649.0,2
293.0,212.29923254312834,289.8272095108083,24.0,40.0,-0.24261003477028958,5.335486386123217,13.330950335695604,0.3273758392390121,4.0,13.75680923461914,153124523395.0,2
265.0,250.15809140811712,261.87860872005103,31.0,10.0,-0.2772857216257793,5.313911347250336,7.8662286475733225,1.1995522014573659,6.0,13.287399291992188,452813734489.0,2
159.0,47.75441667105488,156.95927926840127,21.0,10.0,-0.21986671269360442,4.226836895704935,0.10386750790108452,0.05913678411632596,4.0,9.430585618900118,0.0,2
301.0,218.12063259810878,298.20772481279846,24.0,40.0,-0.2286739024433116,5.5340551672629985,13.38302640110179,0.4575660027544723,4.0,13.75680923461914,0.0,2
303.0,223.88132119759186,299.88362660378215,34.0,40.0,-0.31079030046438866,5.283354759216309,9.039166090776805,0.5202453240290463,4.0,13.287399291992188,2551961146826.0,2
574.0,185.09787110604267,560.8649548812277,31.0,10.0,-0.3727791595401915,4.980261325836182,5.124365087560644,2.2055795628968338,4.0,13.878148078918457,0.0,2
257.0,194.19805802957762,254.3961371244117,31.0,10.0,-0.3504939441121881,5.303940296173096,4.574536731554196,0.93634182888549,4.0,13.878148078918457,4481918036395.0,2
244.0,281.30585547823864,241.74364802932178,24.0,40.0,-0.2817335435392563,5.374354839324951,7.762777689083726,0.4399539314474912,4.0,12.830498695373535,0.0,2
298.0,259.2187953747921,299.0215446877023,24.0,30.0,-0.273294333420562,5.351770877838135,11.770959317130888,1.5574022827194185,4.0,13.13895320892334,0.0,2
231.0,230.38163358596313,230.62895260676535,24.0,10.0,-0.2749893453657381,5.7046895027160645,8.881221755917906,1.236649282732644,4.0,13.20894145965576,0.0,2
239.0,178.94982522182002,238.87191656137787,34.0,10.0,-0.3160473992539493,5.113445281982422,7.131951724805839,0.9512385353158519,4.0,13.441119194030762,0.0,2
333.0,211.31341905822893,325.38205350157205,34.0,40.0,-0.24217998005359603,5.15455722808838,13.453375373246232,0.537381776645314,4.0,14.040412902832031,3084703428573.0,2
565.0,195.10066975457752,571.6459197506946,21.0,10.0,-0.3781685876170907,5.0859246253967285,5.669845824733102,3.674614561832751,4.0,13.878148078918457,0.0,2
254.0,274.76144201334284,246.3920740991311,31.0,10.0,-0.2662686709600466,5.347187519073486,5.898310902074589,1.92910615530621,4.0,12.830498695373537,469239142568.0,2
224.0,239.31592900631304,223.02789900310796,24.0,10.0,-0.27509353356263755,5.576583385467529,7.28329391596006,0.661087562874919,4.0,13.208941459655762,0.0,2
239.0,96.81074660252338,235.46215465741986,24.0,10.0,-0.22873386892767866,5.70287473641553,7.446127676610719,0.7421778163443618,4.0,14.272902488708496,0.0,2
285.0,246.2311478749188,280.3625928864325,24.0,10.0,-0.26037650279802815,5.2977142333984375,9.990833888033926,0.6796382511394562,4.0,13.287399291992188,0.0,2
584.0,199.81101109256932,578.3098797791688,21.0,10.0,-0.3624461678522254,5.0859246253967285,5.191154127367159,1.8997499280731178,4.0,13.878148078918457,0.0,2
250.0,278.0326792668911,246.8658404040169,24.0,40.0,-0.27779457949311026,5.347187519073486,13.452235783108817,0.47298871299214507,4.0,12.830498695373535,0.0,2
330.0,206.146793726366,323.57733711966137,31.0,40.0,-0.2747563858871877,5.1871332926292935,14.289361743645424,2.3499504423693263,4.0,14.040412902832031,571355745646.0,2
268.0,193.42795859159514,265.7946521513986,31.0,10.0,-0.31678062457799866,5.303940296173096,4.678228524743718,1.0927916869091172,4.0,13.441119194030762,0.0,2
601.0,181.88563321723052,604.1847923996191,21.0,10.0,-0.39322491981498303,4.980261325836182,5.536416759176401,3.341041897941002,4.0,13.878148078918457,0.0,2
195.0,230.31142626460866,193.69070465822915,24.0,40.0,-0.2077456121511967,4.764135014964953,0.0,0.0,4.0,10.932895549292926,0.0,2
243.0,241.98587299722234,243.56013659723163,24.0,20.0,-0.2758931780015237,5.428263187408447,7.026741081815707,0.9240145611690076,4.0,13.208941459655762,0.0,2
302.0,210.417098944057,297.86792950453247,24.0,40.0,-0.24826281958001134,5.128495216369629,14.029866197962503,0.9678693784014135,6.0,13.75680923461914,0.0,2
456.0,171.06096558074438,455.0388087028485,21.0,10.0,-0.3688335904083859,4.980801582336426,5.867498318624872,4.1687457965621775,4.0,13.878148078918457,0.0,2
330.0,218.8772756262377,325.5960986764844,34.0,10.0,-0.2511929487937118,5.211073398590088,11.057579278484603,0.7024001180095074,4.0,14.040412902832031,0.0,2
276.0,193.96088021377736,272.8105046333793,34.0,10.0,-0.25670612352391253,5.298759460449219,10.823178438570782,0.819616531325331,4.0,13.75680923461914,1625013869190.0,2
504.0,221.91366369857752,501.00074129831376,21.0,10.0,-0.3611391733057054,5.31594844929223,5.132470211181764,2.331175527954409,4.0,13.317559033224022,0.0,2
529.0,178.93753810770366,532.4561469375237,21.0,10.0,-0.3578965750784135,4.980801582336426,6.896853637598941,5.916226393505189,4.0,13.878148078918457,0.0,2
480.0,218.89914065008014,487.0793641930679,21.0,10.0,-0.4258848309635817,5.317964553833008,6.133998914648361,4.834997286620902,4.0,13.731599807739258,0.0,2
309.0,199.64097990398795,304.1500595042039,21.0,30.0,-0.28642971869129535,5.246020793914795,10.899216074579817,1.0635741670321368,4.0,13.976881980895996,0.0,2
264.0,255.0344797265117,260.87306828235654,34.0,10.0,-0.30148763832996495,5.2977142333984375,7.697847526526561,0.8116756057831216,6.0,13.222733497619629,896525954037.0,2
483.0,176.64123549767848,482.61143103486745,21.0,10.0,-0.4116849146302766,4.980801582336426,6.8981603419449105,6.084674694468605,6.0,13.878148078918457,0.0,2
509.0,192.62880449753507,501.5273221445781,21.0,10.0,-0.39221196954341386,4.980261325836182,6.204468202358836,5.011170505897088,4.0,13.878148078918457,0.0,2
409.0,212.50277322754857,403.1617862231114,21.0,10.0,-0.4063759197110998,5.317964553833008,8.266756979537353,7.701139024185839,4.0,13.731599807739258,0.0,2
555.0,192.1680173907805,547.0586447113922,21.0,10.0,-0.3484244366293972,5.0859246253967285,6.308245482583664,5.270613706459157,4.0,13.878148078918457,0.0,2
282.0,259.1379820880205,279.390229351106,31.0,10.0,-0.33028593850050125,5.30690336227417,4.9767855121633,1.9419637804082466,4.0,12.830498695373535,0.0,2
301.0,167.7452060895417,301.7039299497265,31.0,10.0,-0.3180978838719494,4.991231225941279,5.489443440897185,0.7658349621310284,4.0,13.878148078918457,0.0,2
318.0,250.12061807952833,315.4890267653325,31.0,10.0,-0.2867331617808212,5.198733329772948,4.676512491676713,1.1912812291917836,4.0,13.13895320892334,0.0,2
509.0,208.6280938482063,505.86061007426997,31.0,10.0,-0.3644671911491897,4.995950698852538,5.294153784219054,2.7353844605476323,4.0,13.878148078918457,0.0,2
252.0,196.40670941155616,255.5168709768261,21.0,10.0,-0.32536400828150336,5.217844486236572,4.80535674787167,1.5133918696791733,4.0,13.441119194030762,0.0,2
190.0,243.76415276377196,188.7493051160856,41.0,10.0,-0.26955471026531286,5.5324015617370605,6.86648624526343,0.5018320515147551,4.0,12.690256118774414,1412044040361.0,2
491.0,215.099077337299,488.1072390065606,31.0,10.0,-0.34699274823376725,4.995950698852538,5.212215489311276,2.530538723278191,4.0,13.208941459655762,0.0,2
243.0,240.22956929660563,242.5450656773675,24.0,10.0,-0.2852662156880389,5.59413216865226,7.142383957032075,0.9557736976077841,4.0,13.208941459655762,0.0,2
294.0,196.32166255909758,286.87586943561325,21.0,40.0,-0.2936711556584234,5.246020793914795,14.024569370814152,2.0614234270353817,4.0,13.976881980895996,0.0,2
538.0,196.58936615075012,542.0960293379819,31.0,10.0,-0.32466467268163524,5.0859246253967285,4.906264549828165,1.765661374570413,4.0,13.878148078918457,0.0,2
218.0,194.56528420731783,217.22226713647115,34.0,10.0,-0.2690790242052639,5.068394532731963,2.588359265245697,0.6183246825980986,4.0,12.617086467547642,0.0,2
256.0,218.16745914134555,254.8513190509823,34.0,10.0,-0.27935948031651625,5.014116764068603,6.37528590929037,0.400776284065064,4.0,13.208941459655762,4740597192929.0,2
357.0,212.095504343365,354.39434728732795,31.0,10.0,-0.3397907896472477,5.154557228088379,6.3262620022633165,3.4663399371651913,4.0,14.040412902832031,0.0,2
594.0,183.07275434039943,587.2543425892685,21.0,10.0,-0.37731116542173654,4.980261325836182,5.1897529121522785,2.4743822803806954,4.0,13.878148078918457,0.0,2
336.0,240.39756849864665,331.2775663152369,31.0,20.0,-0.3398003684006281,5.167465686798096,6.519655196510366,1.0376005527868124,4.0,13.13895320892334,569304169029.0,2
162.0,83.36651868886293,158.3147545748688,21.0,10.0,-0.28214361836165386,5.739861965179443,6.676076782123111,0.6464361367144806,4.0,13.660167694091797,4102252525020.0,2
315.0,196.5933526938767,309.28867918720493,21.0,30.0,-0.2793905374367736,5.384580135345459,12.182165035515931,1.0732474072497358,4.0,13.976881980895996,0.0,2
251.0,257.37279732121505,248.31855483604954,31.0,10.0,-0.313001984318198,5.30690336227417,4.761369592658007,1.4034239816450171,4.0,12.830498695373535,0.0,2
333.0,221.4626910885606,329.5377601888368,34.0,40.0,-0.28176440781522183,5.211073398590088,11.608446357991912,0.6031081811879775,4.0,14.040412902832031,0.0,2
264.0,224.4139941892566,264.64161249752584,34.0,10.0,-0.28625885985017774,5.0141167640686035,7.136196190006493,0.656024455599275,4.0,13.20894145965576,1948099827469.0,2
302.0,208.65290825286584,298.7263506749698,24.0,40.0,-0.2524565178189986,5.128495216369629,14.13083529692727,1.220292125813327,6.0,13.75680923461914,0.0,2
401.0,242.46681613421256,390.14252674149975,21.0,10.0,-0.3659463130915667,5.189869104774253,5.595752580387505,3.4893814509687604,4.0,13.13895320892334,0.0,2
258.0,194.16219879798126,253.8267753429595,21.0,10.0,-0.31497587281777056,5.217844486236572,4.363253319900532,1.6314342706250269,4.0,13.441119194030762,0.0,2
395.0,242.7499417319437,391.1581993162901,21.0,10.0,-0.331418205313518,5.167465686798097,5.815824536428639,4.039561341071597,4.0,13.13895320892334,0.0,2
465.0,186.0320275724396,463.167723862569,21.0,10.0,-0.40395916679514576,4.980801582336426,5.216699506133346,2.541748765333365,4.0,13.878148078918457,0.0,2
228.0,249.71364624197804,225.486618103279,24.0,10.0,-0.28515260913759216,5.576583385467529,4.675527069468753,0.7615002112433615,4.0,12.796457290649414,0.0,2
259.0,171.02295633974194,253.50041086790742,24.0,10.0,-0.3007325963361068,5.436868190765382,7.604760008218133,0.5065801641815478,4.0,13.023961067199707,0.0,2
297.0,165.6889641526515,295.29074717746295,21.0,10.0,-0.32094131255581104,5.468239784240723,4.846797009677501,1.0931196687608138,4.0,14.085239005415403,2283054153204.0,2
437.0,216.22850325938236,435.0516416476372,31.0,10.0,-0.4358586742096653,5.315948449292229,5.672407865441871,3.681019663604679,4.0,13.731599807739256,0.0,2
332.0,248.6710681354883,331.3443366802469,21.0,10.0,-0.27694098278870105,5.167465686798097,6.341472726667865,4.060956720247451,4.0,13.13895320892334,0.0,2
348.0,227.5556187323436,342.42913396819836,21.0,10.0,-0.32854984783479424,5.057789325714111,7.105567420079134,2.370714666702596,6.0,13.628083119809059,0.0,2
358.0,183.84351944807415,361.1693299013592,21.0,10.0,-0.2508173671629949,3.6983243655232547,0.0,0.0,6.0,9.580952311025081,0.0,2
277.0,268.51395801605565,274.7947517736968,24.0,40.0,-0.24914344052856835,5.33054256439209,2.4187262938209164,0.17010340578521796,4.0,13.222733497619629,0.0,2
359.0,244.52258875586952,359.14497955602315,21.0,10.0,-0.32545217113983826,5.198733329772949,5.151385860085439,2.3784646502135964,4.0,13.13895320892334,0.0,2
251.0,163.78239605191442,246.45652040668514,24.0,10.0,-0.26587009749397966,5.683489607838754,8.112726518619263,0.878770678779652,4.0,13.763900756835938,0.0,2
580.0,196.8714364165248,576.9784445063392,21.0,10.0,-0.34995633369986234,5.0859246253967285,4.6661433564920705,1.1653583912301757,4.0,13.878148078918457,0.0,2
246.0,98.38536721370797,241.7568506568841,24.0,10.0,-0.29700287335698045,5.726686000823975,0.7362986069091702,0.06947374163766729,7.0,14.146509170532227,0.0,2
269.0,157.04508919719322,268.00070650283607,34.0,40.0,-0.23726055121379,5.261159896850586,13.615956777108291,0.512029195064909,4.0,14.459595680236816,559076903182.0,2
314.0,180.39057744214585,317.7993161367499,31.0,10.0,-0.37606772438280256,4.980801582336426,6.2226245187859694,4.8137364532357205,4.0,13.878148078918459,1916212308768.0,2
562.0,170.75110331445663,562.484432799538,21.0,10.0,-0.4153416207851703,4.97078800201416,6.125723107803184,4.814307769507961,4.0,13.878148078918457,0.0,2
505.0,204.00642436691226,507.6907470857358,21.0,10.0,-0.33247058696292753,4.995950698852539,6.667260453566255,6.168151133915639,4.0,13.878148078918457,0.0,2
329.0,207.0936318845084,325.3541800144711,21.0,30.0,-0.28194041255862,5.514761924743652,10.667148112787785,1.1678702819694624,4.0,13.992580413818361,0.0,2
518.0,205.1824148935502,513.5561616138855,21.0,30.0,-0.2847607339343296,5.027198791503906,10.502045212262567,1.789492602407942,4.0,13.731599807739258,0.0,2
220.0,103.5598213332468,214.2195140020282,34.0,10.0,-0.30315330289180403,5.50592803955078,7.655790419745774,0.47675494283402975,4.0,14.146509170532228,698261604462.0,2
509.0,173.63205619970927,523.773741482515,21.0,10.0,-0.361766298431747,4.975668407180935,6.093744556590895,4.734361391477236,4.0,13.878148078918457,0.0,2
269.0,149.063850226264,263.77247264693113,24.0,30.0,-0.25432928814772543,5.261159896850586,10.495319118671379,0.287040980612298,4.0,14.459595680236816,0.0,2
272.0,262.92081273298413,268.82317945579535,24.0,40.0,-0.25031119759039333,5.292881011962891,1.793925589396753,0.2108413707521927,6.0,13.222733497619629,0.0,2
581.0,203.03986613275237,580.5812889475569,21.0,10.0,-0.3278383621756968,4.995950698852539,4.66241205979509,1.1560301494877256,4.0,13.878148078918457,0.0,2
310.0,222.63595606582805,309.3347627968781,24.0,40.0,-0.23765725098537438,5.283354759216309,13.351894001881163,0.3797350047029142,4.0,13.13895320892334,0.0,2
579.0,193.93941300559808,583.7195310421932,21.0,10.0,-0.3168870848359412,5.0859246253967285,8.68752476199829,4.129770809105196,4.0,13.878148078918457,0.0,2
302.0,168.04073768813763,298.68239083384594,31.0,10.0,-0.36228294813945333,4.97078800201416,5.464809046350974,2.7113642836524137,4.0,13.878148078918459,1033332457923.0,2
544.0,193.05109833341703,536.6098404695733,21.0,10.0,-0.3860634593209591,5.0859246253967285,5.892153951561405,4.230384878903513,4.0,13.878148078918457,0.0,2
579.0,203.92407541508268,582.8165319812854,21.0,10.0,-0.3360657482479207,4.995950698852539,8.138583325071565,1.7202447204454145,4.0,13.878148078918457,0.0,2
538.0,187.46205836083766,533.2484818505358,31.0,10.0,-0.33333509679661266,5.0859246253967285,5.558690133120765,2.3505755788453273,4.0,13.878148078918457,0.0,2
517.0,210.1063006357569,516.4227475721983,31.0,10.0,-0.3492367029380314,4.995950698852538,5.104526781470776,2.261316953676937,4.0,13.878148078918457,0.0,2
227.0,233.28490295681192,228.4215213881669,24.0,10.0,-0.2721879171935116,5.7046895027160645,5.081194541740643,1.0179883492977508,4.0,13.208941459655763,0.0,2
343.0,217.61069033315198,335.55021922409173,31.0,40.0,-0.28824166531955336,5.154557228088379,14.080741247285445,2.2018531182136085,4.0,14.040412902832031,3650155093582.0,2
535.0,211.86093801949903,533.3776081160796,21.0,10.0,-0.3365034970740614,4.995950698852539,5.119322252444788,2.2983056311119685,4.0,13.410620166830814,0.0,2
277.0,176.28435837257115,271.26255729787925,24.0,10.0,-0.2623875059620435,5.612517846773748,9.48774934202732,1.005515129240544,4.0,13.75680923461914,0.0,2
297.0,260.35013014422856,293.5085241111515,31.0,10.0,-0.28371354791375775,5.106265544891357,7.041948597578599,1.0073186278739579,6.0,13.228392601013184,0.0,2
301.0,252.58405329879588,297.5249669408463,21.0,30.0,-0.2662974811088597,5.198733329772949,12.452841515369201,1.9841452833026638,4.0,13.13895320892334,0.0,2
466.0,218.83066845882917,463.6322969311078,21.0,10.0,-0.412476904914011,5.317964553833008,5.484450243366326,3.2111256084158155,4.0,13.731599807739258,0.0,2
550.0,182.2835873507676,546.8477577393135,21.0,10.0,-0.4078659015523747,4.980261325836182,5.000598086094445,2.0014952152361105,4.0,13.878148078918459,0.0,2
183.0,37.244720341888936,181.20152566622622,21.0,10.0,-0.26216188531429463,5.382480919197733,3.9722949648696346,0.48775962257435945,7.0,13.31010866998449,0.0,2
281.0,221.41746217819323,279.5474102399249,31.0,10.0,-0.30574916117225254,5.0141167640686035,10.277153639460302,1.1422789649897378,4.0,13.208941459655762,0.0,2
446.0,225.22901286588186,451.53428153722825,21.0,10.0,-0.35013290122478385,5.008065700531006,6.722156751591845,6.305391878979613,4.0,13.13895320892334,0.0,2
354.0,221.09323656639592,354.1714403621504,31.0,10.0,-0.2961888444567954,5.154557228088379,7.784763293076759,1.9207458440761924,4.0,14.040412902832031,1647829119220.0,2
340.0,244.23011825294356,338.52938248575634,21.0,10.0,-0.3370410240398851,5.167465686798096,5.387386518058067,2.968466295145166,4.0,13.13895320892334,0.0,2
255.0,202.4912600433829,254.23489361212665,34.0,40.0,-0.24567480173171496,5.303940296173096,13.40526916425839,0.5131729106459727,4.0,13.878148078918457,0.0,2
237.0,156.53726509943314,233.82085638623357,24.0,10.0,-0.24416965485998482,5.6742730140686035,10.29764298171525,1.1605857093753678,4.0,13.795422554016112,0.0,2
327.0,235.69707318882556,325.3554518851721,34.0,10.0,-0.315719368385181,5.066448211669922,4.6826638132207705,1.2066595330519274,4.0,13.13895320892334,0.0,2
228.0,161.13905557565107,224.30747060165558,24.0,40.0,-0.23636039542555626,4.7765525675054334,3.9159295624566126,0.26946215590892497,4.0,11.6053383628458,0.0,2
562.0,201.28305374789892,559.2860982840865,21.0,10.0,-0.33176600545196855,5.0859246253967285,8.213121455319842,2.9471539508410105,4.0,13.878148078918457,0.0,2
242.0,203.20436259259435,239.31114559505892,34.0,10.0,-0.28635371867401316,5.303940296173096,8.249047101688426,0.4113197092680817,7.0,13.208941459655762,5315071659548.0,2
307.0,195.85684495224803,300.9752980194314,21.0,40.0,-0.287804719946425,5.384580135345459,14.124390414611254,1.5681378931579966,4.0,13.976881980895994,0.0,2
538.0,190.99335116603544,533.4927690021218,21.0,30.0,-0.3472333815697423,5.0859246253967285,10.033506697906933,1.2375770918881321,4.0,13.878148078918459,4377144597115.0,2
531.0,223.3402835813572,527.248215068701,21.0,10.0,-0.32636630442456727,5.008065700531006,7.917095160638389,2.113724734951547,4.0,13.13895320892334,0.0,2
272.0,189.94564546694596,267.02724365526603,24.0,40.0,-0.28012311105906357,5.388824939727783,5.634256860908353,0.5239983166543609,4.0,13.023961067199707,0.0,2
566.0,194.8030454457001,562.1168785187551,21.0,10.0,-0.3527280894234581,5.085924625396728,5.0292899520245795,0.9678252258521467,4.0,13.878148078918457,0.0,2
498.0,208.34387030686673,498.37807971839175,21.0,30.0,-0.34530500153592175,5.317964553833008,8.089506318977287,2.363611521608635,4.0,13.731599807739258,0.0,2
205.0,87.50990284829432,199.6753738730049,24.0,10.0,-0.2763925542744535,5.702375869228417,4.800586173331908,0.8279716176624599,4.0,13.881834983825684,0.0,2
266.0,175.1353640312706,260.99753039208224,31.0,10.0,-0.3267329555311517,5.210431451666842,6.921253175108836,0.8355308630282825,4.0,13.441119194030762,2885472240143.0,2
525.0,219.21397398887763,517.0973861010441,21.0,10.0,-0.32369718400860326,5.0141167640686035,5.900721847660003,4.251804619150008,4.0,13.20894145965576,0.0,2
409.0,200.8883625368475,420.3130923299964,21.0,10.0,-0.34910151686879576,5.027198791503906,6.13959355407201,4.848983885180025,4.0,13.731599807739258,0.0,2
419.0,179.31256920541017,423.78000755102056,21.0,10.0,-0.4124564206256154,4.980261325836182,6.593499294879156,5.983748237197888,4.0,13.878148078918457,0.0,2
197.0,83.33588268831232,195.18227854263347,24.0,10.0,-0.27831612137074535,5.699049949645996,4.5569198222850975,0.8922995557127422,4.0,14.346285820007324,0.0,2
245.0,171.07127021357954,242.25094508706138,24.0,40.0,-0.228269431974393,4.53384905976331,1.400845667888099,0.08405325736497025,4.0,11.652977794287484,0.0,2
242.0,202.98075727731185,238.81441358892755,34.0,10.0,-0.2878135682896329,5.303940296173096,5.349533892540334,0.42950702819882414,7.0,13.208941459655763,3569841204664.0,2
540.0,204.21960595735635,538.66667938618,21.0,10.0,-0.30961135292500364,4.995950698852539,6.639057629756909,2.578559089686772,4.0,13.878148078918459,0.0,2
229.0,189.54429987220044,228.73083261702203,21.0,10.0,-0.33869160224361183,5.240657871209296,5.024251152613905,2.168714063207842,4.0,13.441119194030762,0.0,2
356.0,230.14537628021168,361.4315556271126,11.0,10.0,-0.3473187403240363,5.066448211669922,7.964218147486841,6.567747124269795,4.0,13.287399291992188,0.0,2
256.0,257.95779812832814,251.84600651088206,34.0,10.0,-0.2798952724700881,5.320443153381348,5.4418716315781905,0.6500973526523612,6.0,13.222733497619629,68203098064.0,2
256.0,172.18042297203695,247.81181669685492,24.0,30.0,-0.2751888412834086,5.436868190765381,4.025090525437202,0.19715908390835782,4.0,13.976881980895996,0.0,2
301.0,248.74058601926498,304.2952885778554,21.0,10.0,-0.2958288668722115,5.2977142333984375,11.242257544104955,1.963470698937659,6.0,13.222733497619629,0.0,2
184.0,86.04557670709556,187.21157982784746,24.0,10.0,-0.2627045358641537,5.699049949645996,4.719730074373002,1.299325185932504,4.0,13.96935916273561,181170734085.0,2
505.0,181.59012979532292,504.25492146782824,21.0,20.0,-0.3314800105397414,4.980801582336427,6.557710887276264,2.799716771322748,4.0,13.878148078918457,588877658514.0,2
334.0,244.21717641410442,333.5754774955854,41.0,10.0,-0.3217793942314304,5.167465686798096,6.410560306653624,2.444208985812058,4.0,13.13895320892334,0.0,2
323.0,241.2277257978494,329.8056129208999,31.0,10.0,-0.3703347488427229,5.2977142333984375,6.577057097366886,4.442642743417214,6.0,14.040412902832031,0.0,2
459.0,241.49145399873737,460.32476504346556,21.0,10.0,-0.34717525820146167,5.066448211669922,5.746997681229774,3.867494203074435,4.0,13.138953208923338,0.0,2
292.0,214.88928377770054,285.36833810482847,24.0,40.0,-0.2389505559427177,5.585015296936035,13.393146700982097,0.4828667524552492,4.0,13.75680923461914,3157330474387.0,2
571.0,204.23594871787796,571.8980452531321,31.0,10.0,-0.3210343291482357,4.995950698852539,6.329970375660542,1.9345149802470225,4.0,13.878148078918457,0.0,2
236.0,192.5989578942726,232.51271439582854,34.0,10.0,-0.29479452598711625,5.217844486236572,7.069287808610156,2.228546027709771,4.0,13.441119194030762,0.0,2
137.0,97.12646794352311,133.2894739535845,24.0,40.0,-0.23155423348009754,4.815651141229057,0.0,0.0,4.0,11.575758665637812,0.0,2
251.0,177.4332648360669,249.21973106525314,34.0,10.0,-0.30240576296573085,5.417598724365234,8.433992965726205,0.4185374083306866,4.0,13.795422554016113,428743867318.0,2
523.0,211.88020747762977,526.5471286932478,21.0,10.0,-0.3300999858156133,4.995950698852539,7.199456767414487,2.835854313801327,4.0,13.878148078918457,0.0,2
329.0,227.14908013103258,323.77936460462263,31.0,10.0,-0.325149910787522,5.283354759216309,2.3211729839396864,0.8382404089735088,0.0,13.13895320892334,1070700901020.0,2
247.0,176.90262088164116,242.33596123909598,24.0,10.0,-0.26858563891416665,5.432310228478418,6.027451223896474,1.3695324353230574,4.0,13.795422554016113,0.0,2
306.0,181.38012316980692,301.13876440588774,31.0,20.0,-0.3645224269685129,4.980801582336426,6.017566753025505,2.0308832344721517,4.0,13.878148078918457,2937051604213.0,2
257.0,260.37659719133546,254.2331680575875,21.0,10.0,-0.2634928332299121,5.33054256439209,7.708818827827052,0.6839369485409659,6.0,13.222733497619629,2550339352373.0,2
440.0,217.12994944150324,429.6287749282222,31.0,10.0,-0.41312187690892765,5.293166467981431,6.038153769395058,4.595384423487645,4.0,13.731599807739256,0.0,2
288.0,188.5955829058792,287.1697860699509,21.0,40.0,-0.2600132863946314,5.384580135345459,13.930682083372906,1.4859285094031247,4.0,13.976881980895996,0.0,2
573.0,204.80173675282964,571.1555795078248,21.0,40.0,-0.3323212277328005,4.995950698852539,11.394508857207255,1.3466259134658052,4.0,13.878148078918457,0.0,2
325.0,212.2822507986724,320.6155101761411,34.0,10.0,-0.2426165922661699,5.211073398590089,7.4002948153565224,0.5504510961119219,4.0,14.040412902832031,3680502844683.0,2
317.0,201.31968440473526,310.6751334282578,24.0,40.0,-0.26465562260647096,5.246020793914795,11.00104209257581,0.9123671678671377,4.0,14.021266597591033,0.0,2
397.0,246.0420500074198,389.677021892846,11.0,10.0,-0.3573836810856139,5.2977142333984375,8.120603976122217,8.30150994030554,6.0,13.628083119809059,0.0,2
295.0,215.97975588566757,291.93299123178315,24.0,40.0,-0.21624255945928558,5.585015296936035,13.416087666679084,0.5402191666977122,4.0,13.75680923461914,0.0,2
253.0,278.78565083192734,249.77378259540347,24.0,10.0,-0.32134505528483487,5.338298154108733,4.351152584111686,0.671138542338023,4.0,12.830498695373535,0.0,2
266.0,167.50927193438798,262.7975937407136,24.0,40.0,-0.24975340050741918,5.621148586273193,13.57502150745496,0.9375537686373986,4.0,13.763900756835938,0.0,3
269.0,145.12500378481917,265.2148786988977,24.0,30.0,-0.2783654048018252,5.657369422912593,13.173998220587471,1.344584592564466,7.0,13.390348434448242,0.0,3
218.0,232.04137854184333,215.81990775793125,34.0,40.0,-0.27155321869210886,5.7046895027160645,13.601219039340652,1.0030475983516327,4.0,13.208941459655762,233054098845.0,3
189.0,76.42044775638192,183.52091982415678,34.0,10.0,-0.2907748506382767,5.895689546245414,6.69880136518,0.7441838890762161,4.0,13.662251472473145,266942127683.0,3
279.0,231.97901736183587,276.0225186940156,31.0,40.0,-0.28772595851150884,5.482956886291504,13.676801808792781,1.8910336481952614,4.0,13.208941459655762,0.0,3
258.0,130.55042961684552,253.88682694230283,34.0,10.0,-0.26166213152810985,5.609294013606692,8.681246904410463,0.805059008598964,4.0,13.631371498107912,0.0,3
193.0,112.41686072675631,191.31255765626486,24.0,40.0,-0.26367066501936975,5.927003860473633,13.942175914892747,1.1659864024732802,4.0,14.32474422454834,0.0,3
194.0,83.21598445415283,193.46144086673138,24.0,10.0,-0.2870491375146605,5.699049949645996,4.668426498754158,0.7958168786183086,4.0,14.346285820007324,0.0,3
246.0,113.84000748571874,242.98825647633433,34.0,40.0,-0.2114533125073973,5.552659988403321,13.852753567114096,0.7978368370563866,4.0,13.816408157348633,4508031026702.0,3
263.0,133.15891645725506,260.6619857420771,24.0,40.0,-0.252753082562244,5.44915246963501,13.58305965339365,0.9576491334841295,4.0,14.459595680236816,0.0,3
197.0,96.72462988458314,194.86814033070968,24.0,40.0,-0.24382107956546797,5.570842742919922,13.68612431210301,1.2153107802575254,4.0,13.167326927185059,0.0,3
196.0,50.58211882841014,190.48095691070577,24.0,10.0,-0.28672345846570324,5.958152770996094,6.0633645289028815,1.0947392914012648,7.0,14.433333396911621,0.0,3
295.0,204.67857265810045,292.4426025861438,34.0,40.0,-0.30569258701818747,5.128495216369629,12.9128070834254,1.0562230550191678,7.0,13.75680923461914,0.0,3
233.0,227.90939144528286,231.57333306242666,42.0,40.0,-0.2780376632791645,5.7046895027160645,13.508806927810717,0.7720173195267976,4.0,13.208941459655762,3097252798608.0,3
135.0,5.224693008923586,136.9273785929649,34.0,10.0,-0.24658971745721414,5.549841880798341,7.055078798317795,1.0606920749270232,4.0,12.399305343627928,0.0,3
264.0,187.33085884237576,259.4620869204915,34.0,40.0,-0.2777047163859248,5.417598724365234,14.05219681235258,0.7306183774700521,7.0,13.754331196824165,5531917869307.0,3
235.0,136.86281376461073,230.95344327573275,34.0,40.0,-0.12398960992172225,5.524392127990723,8.834319503282753,0.7221147692921752,4.0,13.761989710168946,1932735280498.0,3
182.0,117.44743226295047,179.19961131263696,34.0,10.0,-0.2676110850296556,5.927003860473633,9.104420345469727,1.432084245773089,4.0,14.32474422454834,0.0,3
283.0,191.2079120410006,276.4505351035515,24.0,40.0,-0.268904889065117,5.246020793914795,13.600927140408016,1.0023178510200443,4.0,13.976881980895996,0.0,3
280.0,159.00229009055852,277.49231041290443,24.0,40.0,-0.24820855152838378,5.261159896850586,14.403583203700808,0.8612987460521218,7.0,14.459595680236816,0.0,3
272.0,185.41655448167143,266.4354139086255,24.0,40.0,-0.24942004828872252,5.677848815917969,13.511807504926754,0.7795187623168833,4.0,13.976881980895996,0.0,3
272.0,130.19431431641183,269.4194193476138,24.0,40.0,-0.23612339758567072,5.489143371582031,12.405569239502162,0.7477972841529276,6.0,14.459595680236818,0.0,3
261.0,161.82012728408904,262.0244902026197,21.0,40.0,-0.2731009737808565,5.610008716583252,13.702913188595675,1.2572829714891902,4.0,13.3222074508667,0.0,3
216.0,78.95858036387847,214.40706369060376,24.0,40.0,-0.2386703064588646,5.706525325775144,14.212850907730733,1.1965108309706625,6.0,14.272902488708496,0.0,3
248.0,270.4203793583697,243.96761414661955,34.0,40.0,-0.2869584495676596,5.347187519073486,9.356181412982668,0.8699055872511738,4.0,12.830498695373535,0.0,3
320.0,246.01380205599378,319.6716021885182,21.0,40.0,-0.3008793579095664,5.167465686798096,13.828461572070873,1.5711539301771826,4.0,13.13895320892334,0.0,3
205.0,87.77803203807125,202.03352538315673,21.0,10.0,-0.29321482645211233,5.842020034790038,8.130380987763008,3.1827818350139596,4.0,13.660167694091797,0.0,3
260.0,177.75094997595357,254.3810254240689,24.0,40.0,-0.27177302151510163,5.606611251831055,13.495648030777502,0.739120076943756,4.0,13.795422554016113,0.0,3
333.0,228.10486992433428,330.927167019982,31.0,20.0,-0.3385225618594281,5.142798299696846,9.675907102484166,5.213241622415958,4.0,13.287399291992186,0.0,3
225.0,176.62542499695945,226.30341183601172,34.0,10.0,-0.30540964946989085,5.535728931427001,7.675448773319763,1.1275965309853448,7.0,13.441119194030762,0.0,3
269.0,181.9860639006132,265.2048272866616,24.0,40.0,-0.29496171009288474,5.436868190765381,13.607060023763896,0.9408047342335238,4.0,13.976881980895996,0.0,3
157.0,57.224111223101396,160.7621593598625,31.0,10.0,-0.27364012857893916,5.977583885192871,4.973818286842999,3.2801767850686296,4.0,14.006169319152832,0.0,3
198.0,72.70360553437853,194.84170860780628,34.0,10.0,-0.2696038780828821,5.774965763092041,7.956667354315149,0.8219782674212709,4.0,13.662251472473145,0.0,3
187.0,92.14744446013141,185.7255006372366,41.0,40.0,-0.24964625721385872,5.742286904217446,14.154161034320403,1.3568682062291368,4.0,13.881834983825684,0.0,3
255.0,175.54359776625625,250.445275375218,24.0,10.0,-0.34406023898694205,5.436868190765381,5.794046791061855,0.8833747246953826,4.0,13.023961067199707,0.0,3
230.0,278.3371482303268,227.83577996573717,34.0,40.0,-0.2743188777515618,5.374354839324951,13.611774250411784,1.0294356260294604,4.0,12.830498695373535,0.0,3
197.0,108.45299970926786,194.2791155253371,24.0,40.0,-0.28553965434636186,5.933718967437745,12.906498178455951,0.8689851721672173,4.0,14.32474422454834,0.0,3
301.0,177.0772430965871,298.2902089657373,31.0,30.0,-0.3209888296005875,5.606611251831055,11.875922555333691,2.427670466004109,4.0,13.754331196824163,0.0,3
215.0,183.48781107562294,213.5869886006395,34.0,10.0,-0.2760049485180474,5.535728931427002,9.625257300415944,1.074102155149792,4.0,13.441119194030762,0.0,3
183.0,35.88540833035046,180.48665447922554,24.0,10.0,-0.2828062165328865,5.904160976409912,8.28925089306275,1.0163510656131536,4.0,14.522343635559082,0.0,3
195.0,111.70787982213946,192.44236593793113,24.0,40.0,-0.32827119073314104,5.927003860473633,12.619749915492743,0.7069090353077727,4.0,14.324744224548342,0.0,3
383.0,226.64583868430856,390.5277373703412,21.0,40.0,-0.2816459955402084,5.1437025984672635,6.447077511791072,9.341336923572092,0.0,13.138953208923342,0.0,3
292.0,214.07965534742817,286.577376862729,24.0,40.0,-0.24807612150055353,5.585015296936035,13.428249570474232,0.5706239261855819,4.0,13.75680923461914,225554157168.0,3
152.0,62.844705111723584,150.43515837961473,41.0,10.0,-0.22765959858149248,5.457555294036865,6.333423638371015,0.44993095388754095,4.0,13.452926635742188,0.0,3
168.0,100.71235251153105,164.79748810743908,34.0,40.0,-0.23543875145141627,5.585353967055533,13.394161227658195,0.4854030691454905,4.0,13.452926635742186,3400202049664.0,3
201.0,33.20857846625109,199.93326512288647,24.0,10.0,-0.29085561525617176,5.939245223999023,7.10080645243142,0.9982988814436276,6.0,14.433333396911621,0.0,3
252.0,218.48728813462793,251.4096301795542,24.0,40.0,-0.270064476767758,5.714688777923584,13.471739976050966,0.4616614177175049,4.0,13.208941459655762,0.0,3
137.0,39.48351539284001,136.42795876585305,34.0,40.0,-0.2648169903809728,5.6853790283203125,13.429355028594864,0.5733875714871652,4.0,14.006169319152832,0.0,3
234.0,155.29835064999483,231.8107289702513,34.0,40.0,-0.26375632515366126,5.6742730140686035,13.585309630914105,0.891456016372992,4.0,14.240604400634766,0.0,3
223.0,79.91862522998993,221.1967011090618,34.0,10.0,-0.30837273684520156,5.891049861907959,3.2220589053513233,0.8988365837670707,4.0,13.660167694091797,1861463842834.0,3
208.0,85.36444008325265,204.4163194601834,34.0,40.0,-0.256176432899408,5.697370529174805,13.528404824612284,0.8210120615307128,4.0,13.662251472473145,0.0,3
276.0,190.43661919934465,274.2190389554795,34.0,40.0,-0.2761265902486566,5.438047885894775,13.501968257492535,0.7549206437313415,4.0,13.731599807739258,3295957898189.0,3
190.0,54.02071675139861,189.76628524875662,34.0,40.0,-0.26385183159080194,5.9325824110475285,6.761708303851937,1.1065052666361712,0.0,14.433333396911621,0.0,3
224.0,119.88273575961813,220.69885188763675,21.0,30.0,-0.2648890032732103,5.670567035675049,10.586436170871346,1.4351022638591553,7.0,14.240604400634766,0.0,3
459.0,220.7030717634649,451.12470362191846,31.0,10.0,-0.3393087777428397,5.008065700531006,6.561822716030215,5.904556790075537,4.0,13.13895320892334,1561547973218.0,3
273.0,188.9126490659449,268.9931691838034,34.0,40.0,-0.2649540055827077,5.719106674194336,13.40916159893956,0.5229039973489032,4.0,13.731599807739258,0.0,3
271.0,192.74825619094472,265.58251628020867,34.0,40.0,-0.2629838156853129,5.388824939727783,13.656709493860822,1.141773734652056,4.0,13.023961067199707,1042815087588.0,3
242.0,174.8711511610837,239.43808743435886,34.0,10.0,-0.28050089034807113,5.616784572601318,8.095713784620298,1.1167482200289023,4.0,13.976881980895996,0.0,3
240.0,244.44963765157902,237.9513466539876,24.0,40.0,-0.2699464000885368,5.428263187408446,13.494467079948285,0.30729417945575427,4.0,13.208941459655762,0.0,3
256.0,108.12929526372108,252.50864462900046,24.0,40.0,-0.25077798953833474,5.965290546417236,13.341502686414586,0.35375671603646697,4.0,13.881834983825684,0.0,3
249.0,169.42331148040273,244.18257210314593,34.0,40.0,-0.27439689944995044,5.490701675415038,13.44904267431843,0.6226066857960766,4.0,13.795422554016113,2355577352065.0,3
221.0,139.67448393728313,218.367194732248,24.0,40.0,-0.25509081115461396,5.6929611140734515,14.41449083720168,0.7862270930041972,7.0,14.240604400634767,0.0,3
278.0,83.55850349723116,280.06478794005056,21.0,10.0,-0.29008909409581085,6.14236307144165,6.355606373070174,5.389015932675433,4.0,13.369390487670898,0.0,3
247.0,229.30583286804423,245.0101862906777,34.0,30.0,-0.2880591080058431,5.482956886291504,8.731112488342113,0.6153194573231829,4.0,13.208941459655762,2384169187295.0,3
434.0,181.28930777087442,427.7821789268294,31.0,10.0,-0.3718653939302682,4.980801582336426,6.0044057203369645,4.511014300842412,4.0,13.878148078918457,4399025796142.0,3
192.0,67.25789330781647,192.8000775708213,24.0,10.0,-0.27157370535470304,5.926820278167725,4.922646921846933,1.3182544904133213,4.0,14.343480110168457,0.0,3
210.0,90.71941438696471,209.94770335397715,24.0,10.0,-0.25917192490862795,5.771101474761963,8.795097962222645,0.9191187584617424,4.0,14.272902488708496,0.0,3
260.0,158.88328152252257,255.26112817580872,24.0,40.0,-0.23279643340628586,5.490701675415039,13.467527872631091,0.6688196815777291,4.0,13.795422554016113,0.0,3
189.0,40.61363281530872,186.21677710452838,21.0,40.0,-0.3027570505268403,5.929197263254702,14.184990853398919,0.46527670790880427,7.0,14.433333396911621,1947626404662.0,3
321.0,205.48382472080286,318.1264580851557,21.0,30.0,-0.3212811863411297,5.514761924743652,9.056541960277773,3.618546016534312,4.0,13.99258041381836,0.0,3
315.0,191.52232522444686,312.49868756555657,31.0,40.0,-0.33996885903402596,5.438047885894775,14.263704621849866,1.776856979548196,6.0,13.731599807739258,486521830519.0,3
207.0,251.499520274477,207.1965896803294,34.0,40.0,-0.26452422235728323,5.576583385467529,13.995925072247532,1.4854902973230868,6.0,12.796457290649414,0.0,3
298.0,211.0180864318934,293.5980585178681,24.0,40.0,-0.25616265630560286,5.585015296936035,14.167366918715919,0.9184172967897994,6.0,13.75680923461914,0.0,3
261.0,222.22495968226883,259.07139454194885,34.0,40.0,-0.25212885272012997,5.0141167640686035,13.4639844670583,0.659961167645749,4.0,13.208941459655762,0.0,3
254.0,156.6947910566277,250.15973963818038,24.0,40.0,-0.234424905273441,5.490701675415039,13.824699087561498,1.3562682668489587,4.0,13.795422554016113,0.0,3
269.0,188.63547815857606,265.31043040492085,34.0,40.0,-0.265961078612756,5.719106674194336,13.410038857265963,0.525097143164911,4.0,13.731599807739258,1042792239037.0,3
242.0,215.1239108596738,238.73076824924397,34.0,40.0,-0.2814276004657255,5.714688777923584,14.230072485438864,0.5836065361134817,7.0,13.208941459655762,0.0,3
207.0,121.86630701659571,202.9441708195034,34.0,40.0,-0.2412938963627305,5.670567035675049,13.698761998834003,0.8930215019394321,4.0,14.240604400634767,0.0,3
197.0,81.44281880967733,196.06693148434775,24.0,40.0,-0.25658557177747354,5.7195263427438086,13.538700917293806,0.8467522932345147,4.0,14.346285820007324,0.0,3
204.0,242.8895108526492,201.86160762120727,34.0,30.0,-0.2787232104411926,5.576583385467529,11.931146632633808,0.4211635625660459,4.0,13.20894145965576,4460825342639.0,3
246.0,101.93426397242213,244.20340047847213,21.0,30.0,-0.23739960927455347,5.875365257263184,12.806823860660117,1.8865502754033165,4.0,13.881834983825684,0.0,3
118.0,57.39370791410546,116.37926661677835,31.0,40.0,-0.1653817862648858,3.7331255172064046,0.0,0.0,4.0,8.125474218720633,148896616799.0,3
196.0,42.483235861651835,194.0767897940615,21.0,10.0,-0.28543063985538836,5.845182418823242,10.358512306390987,1.1639360392849896,4.0,14.433333396911621,1048819702249.0,3
246.0,244.3312218622072,243.54897461262203,34.0,40.0,-0.2341094744448842,5.482956886291504,13.4691407883004,0.3568525027366282,4.0,13.208941459655762,1613239752372.0,3
188.0,65.11530858619687,185.88502759927127,34.0,10.0,-0.2967444126665286,6.116344928741455,9.018106017884897,1.028972984596982,4.0,14.674565315246582,0.0,3
206.0,249.1327235728392,205.36811301830937,24.0,40.0,-0.3196607810090013,5.576583385467529,14.34643644264014,1.3660911066003496,6.0,12.796457290649414,0.0,3
224.0,141.79792562302043,221.55378545169282,34.0,40.0,-0.22822302880558556,5.782319545745849,13.71866995882237,1.296674897055921,4.0,14.240604400634766,3289795285857.0,3
257.0,193.06583457747902,251.93102034578806,34.0,40.0,-0.2593266144166966,5.592510223388672,14.629888583260112,0.42071161641610233,4.0,13.75680923461914,4932790781626.0,3
186.0,80.79091443707267,172.5703619645336,31.0,10.0,-0.22086601578138076,6.007594108581543,6.373669518941173,2.968420372695469,4.0,13.660167694091797,1498299824762.0,3
266.0,262.47655651732873,263.66387799914054,34.0,40.0,-0.28068084518616754,5.30690336227417,10.574448807690272,0.5915948214596324,4.0,12.830498695373533,2423562474084.0,3
280.0,254.1685384093207,277.4117168253511,34.0,40.0,-0.25912670098668233,5.106265544891357,14.262336301543577,1.155840753858943,6.0,13.228392601013184,0.0,3
219.0,92.34050744639305,213.3005948577731,34.0,40.0,-0.22985414541422616,5.697370529174805,13.629061705621893,1.0614027678451143,4.0,13.816408157348633,0.0,3
206.0,114.1024039343279,202.87788895613218,34.0,10.0,-0.24517196425376592,5.738168716430664,6.704875868041185,1.5156143276373426,4.0,13.576733589172363,1129141702566.0,3
293.0,239.9292672546138,292.07823924914305,34.0,40.0,-0.2711930589086754,5.057789325714111,14.228308464210233,1.070771160525582,6.0,13.287399291992188,0.0,3
278.0,185.40981544646684,272.28279801926914,34.0,40.0,-0.26687032393214377,5.537302580157528,14.284969459200878,1.2124236480021926,6.0,13.75680923461914,0.0,3
431.0,221.57030920133064,425.94371234798916,31.0,10.0,-0.33594629554565286,5.008065700531006,5.618752101637398,3.546880254093494,4.0,13.13895320892334,0.0,3
251.0,235.36307173918996,248.72477771035065,24.0,40.0,-0.2300855160813844,5.482956886291504,13.590196815268254,0.9754920381706387,4.0,13.208941459655762,0.0,3
255.0,202.8860267986428,246.1793916203301,21.0,30.0,-0.314965048159258,5.407724831202259,0.4902426310114343,0.03671842750866808,6.0,13.482061386108398,0.0,3
260.0,161.94355592587902,257.88517258556965,34.0,40.0,-0.24233703801155992,5.490701675415039,15.52032232889812,0.747806753219953,7.0,13.795422554016115,0.0,3
151.0,16.478558477669075,150.046581109107,24.0,10.0,-0.25022257342270715,5.660206317901611,10.94672327396948,1.2056830353029098,4.0,12.39930534362793,0.0,3
190.0,80.20258099496633,187.29122672351784,34.0,40.0,-0.22043844715626879,5.562279224395752,13.578487094448423,0.8743996752086964,4.0,14.346285820007324,0.0,3
526.0,210.80491557168307,514.161354006699,21.0,10.0,-0.3802515497112834,4.995950698852539,7.40484426543822,8.012110663595548,4.0,13.208941459655762,0.0,3
260.0,134.30026875339706,258.4635356291731,24.0,40.0,-0.24143290943106388,5.521010398864746,11.544623509466579,1.0471818618435762,4.0,13.39034843444824,0.0,3
243.0,153.41435339576128,238.89254935998068,24.0,40.0,-0.22431862532283858,5.579386234283447,13.575849613180061,0.9396240329501546,4.0,13.795422554016113,0.0,3
178.0,101.17757071993371,175.51751521471132,34.0,10.0,-0.32419506546299576,5.938195705413818,6.718420228113755,0.8995217765609314,4.0,14.32474422454834,984756772158.0,3
222.0,139.78409067012393,221.51338503046514,24.0,40.0,-0.2723976246520137,5.744956839574521,14.360333014390681,0.7585596273452392,7.0,14.240604400634766,0.0,3
240.0,92.4823380279981,238.16980662497463,24.0,40.0,-0.2521455896013293,5.690929889678955,9.892294907851984,1.067085188236429,6.0,13.662251472473145,0.0,3
487.0,171.25324168431678,481.82616300749,21.0,10.0,-0.32972873335649483,5.593112468719482,5.646382148000434,3.6159553700010845,4.0,14.085239005415401,0.0,3
295.0,212.96297124644488,293.0407291810616,41.0,40.0,-0.27477387765776473,5.3620550991737685,13.281118414003465,0.9372354551442297,4.0,13.731599807739258,2805849178687.0,3
172.0,97.00216747928461,169.59733074729579,24.0,40.0,-0.2809005613315297,5.897685527801514,13.654097098189308,1.135242745473277,4.0,14.32474422454834,0.0,3
174.0,93.35994201342734,172.502835494157,24.0,40.0,-0.21820226510537538,5.525778254417526,13.838376849906735,1.0694758393564856,4.0,13.45292663574219,0.0,3
197.0,44.42550039050308,196.70866168418254,21.0,10.0,-0.3141987741968541,6.072933673858643,4.645858343361318,1.1146458584032923,4.0,13.488478660583496,0.0,3
300.0,219.14584265942813,297.20246046197934,24.0,40.0,-0.2419639195322845,5.585015296936035,13.470809948995782,0.6770248724894598,4.0,13.73751841505913,0.0,3
236.0,56.24764537190484,235.7162169707998,21.0,10.0,-0.29462341445607576,5.78828239440918,9.065481296236808,1.9924703638799774,4.0,13.024543762207031,0.0,3
239.0,243.6599269144089,237.04150505487013,34.0,10.0,-0.27978162141077023,5.471718455014163,6.481155655843681,0.7324808406328809,4.0,13.208941459655762,4045530166696.0,3
200.0,237.07088380834855,199.59384904677063,34.0,40.0,-0.2859434507829835,5.5324015617370605,14.3715115065181,1.7281004846088188,6.0,13.482061386108398,0.0,3
152.0,49.77899515585961,150.61992951189987,31.0,40.0,-0.19919256387769238,3.8398835335279258,0.0,0.0,4.0,9.109718947036855,0.0,3
218.0,88.55690458399354,211.06140343876234,24.0,40.0,-0.2627869592533888,5.717838287353516,10.393698839421598,0.9979457286907513,4.0,14.346285820007324,0.0,3
246.0,111.20192516770379,243.1220464788356,24.0,40.0,-0.27631808861897866,5.505928039550781,14.071839007233521,0.9948987549504619,7.0,13.63137149810791,0.0,3
191.0,47.8379729956182,186.2787584664262,31.0,10.0,-0.2983094138507128,5.78828239440918,6.610771507925609,1.0832128501442708,4.0,13.024543762207033,4301556829322.0,3
191.0,75.7135814110581,188.25794879128483,21.0,10.0,-0.2585376399551753,5.776467323303223,7.636326270707678,1.162254697915984,7.0,14.272902488708496,0.0,3
280.0,194.2404838675299,274.9768430393004,34.0,40.0,-0.2691331718811124,5.298759460449219,14.530792756537869,1.0769818913446698,7.0,13.75680923461914,2497899052953.0,3
221.0,84.8840306838763,215.27705113720032,24.0,40.0,-0.24700320587463898,5.847716808319092,13.272734064418424,0.5810238829507639,4.0,14.674565315246582,0.0,3
177.0,65.61907808191808,177.7483472099361,24.0,40.0,-0.25353636333307994,5.7431839132962095,13.571706409353508,0.9292660233837697,4.0,14.281630516052246,0.0,3
195.0,99.61624493927914,192.97545321302573,21.0,40.0,-0.2786431433878959,5.690929889678955,13.665467518560323,0.9312575715037437,7.0,13.662251472473145,3106370765116.0,3
197.0,61.484173947266335,196.62451111481124,24.0,40.0,-0.2683441967790723,5.730371475219727,13.579580340186302,0.9489508504657559,4.0,14.346285820007324,0.0,3
260.0,175.17945564234554,256.40709406287925,24.0,40.0,-0.2861060463109065,5.436868190765381,13.52907686659433,0.8226921664858277,4.0,13.023961067199707,0.0,3
252.0,131.1657041805761,248.3115160019098,24.0,40.0,-0.279381570011905,5.520002365112305,10.493106477749308,1.0875673647414619,7.0,13.63137149810791,0.0,3
281.0,195.39835922007694,276.2120733351161,34.0,40.0,-0.28797807402473774,5.388824939727783,6.780514352495001,0.6114800559949556,4.0,13.99258041381836,0.0,3
258.0,171.72442305288635,255.6618685207274,34.0,40.0,-0.25693431899480645,5.486076354980469,13.586119432969364,0.9652985824234117,4.0,13.441119194030762,0.0,3
229.0,224.7725231609377,229.8944642184785,24.0,40.0,-0.27219643191321596,5.7046895027160645,13.460830694156247,1.0614396825910382,4.0,13.208941459655762,0.0,3
248.0,110.98970582982044,245.52930132296035,24.0,40.0,-0.24523102197182214,5.527416229248047,11.75034595785415,0.6758914939170424,7.0,13.816408157348633,0.0,3
223.0,157.38017195855053,219.8176727294922,34.0,40.0,-0.25409534769515457,5.61734094619751,13.940161041429596,0.5620464391904346,7.0,13.795422554016113,3409345034804.0,3
286.0,202.44550478587598,282.2567745532931,24.0,40.0,-0.25659182414458076,5.447501182556152,14.248573502550599,0.990864531745586,7.0,13.731599807739258,0.0,3
226.0,113.47118176535645,223.71360292167077,21.0,10.0,-0.2794730254731477,5.738168716430665,5.597335600180759,0.7611605192708368,4.0,13.576733589172363,0.0,3
257.0,139.3071654009021,256.44338654493913,24.0,10.0,-0.2685838120234804,5.771864414215088,8.447117638029377,0.9118824046887484,7.0,13.63137149810791,0.0,3
200.0,76.91990041854889,194.2087497602105,34.0,10.0,-0.292956826550988,5.822615146636963,5.3264432473025565,0.9375870383250169,4.0,14.37821102142334,0.0,3
272.0,183.75333903067707,267.6138117054958,24.0,40.0,-0.24530488434172742,5.436868190765381,13.79113227410081,0.6958117997619393,6.0,13.930623684114622,0.0,3
241.0,136.42344198580338,236.34469653846327,34.0,30.0,-0.20398480896224036,5.610065937042236,6.588576693097632,0.582911988038106,0.0,13.390348434448242,2385648406496.0,3
156.0,49.86250937587141,153.06286197200168,24.0,40.0,-0.19423661913734158,5.636684417724609,14.984562813481917,0.5034338989795554,4.0,12.84585189819336,0.0,3
220.0,40.792670632913115,208.13726018232646,21.0,10.0,-0.31029689167309715,6.06627395708267,4.694643480175587,2.376121933581661,4.0,13.488478660583496,0.0,3
289.0,160.50892018117273,283.5600455327624,31.0,30.0,-0.3201797014420172,5.593112468719482,12.362995888124942,2.5706763142742886,4.0,14.459595680236815,0.0,3
212.0,89.19188532155026,206.63215099222606,24.0,40.0,-0.23239799524807425,5.697370529174805,13.96643087685402,1.5725474674376123,4.0,13.662251472473145,705784394785.0,3
232.0,277.48611640054554,230.82672716910133,34.0,40.0,-0.2859326177501728,5.374354839324951,13.5845111082957,0.961277770739252,4.0,12.830498695373535,0.0,3
308.0,233.35834618302206,306.1206022209556,24.0,40.0,-0.24068685312714413,5.508249282836914,14.107042040535704,0.767605101339267,6.0,13.28739929199219,0.0,3
264.0,188.67359224060226,259.5720873015249,31.0,10.0,-0.30181539608674723,5.589117030574847,7.233805469791263,1.131541204734718,7.0,13.976881980895996,1824263907885.0,3
239.0,112.8362272439321,236.38966761093246,24.0,40.0,-0.2578295572155378,5.505928039550781,13.751874653052287,1.3104420522344038,4.0,13.63137149810791,0.0,3
217.0,213.54910605580736,215.73712319253463,34.0,40.0,-0.2750761192614511,5.415862560272217,14.202261150898922,0.8978858869560052,7.0,13.482061386108397,2658745949195.0,3
215.0,87.04253881557582,211.04737014212458,24.0,10.0,-0.28545268271130786,5.84341049194336,4.686744261784863,1.1541993963161719,4.0,14.67456531524658,0.0,3
241.0,141.4391061859806,236.96139433381722,34.0,30.0,-0.244065018452249,5.888583660125732,11.746379560514193,0.31933365989704476,6.0,13.480916023254395,4194119013302.0,3
264.0,148.84023813021514,261.81548017402145,24.0,10.0,-0.2289321947615425,5.719560146331787,9.726920021865995,1.227394482115666,6.0,13.763900756835938,0.0,3
222.0,86.65825488826852,219.63483730660653,24.0,40.0,-0.295385829975732,5.728942485704813,11.922380249582961,1.2658522066148592,4.0,14.346285820007324,0.0,3
306.0,228.48612275388805,305.4971874538928,34.0,40.0,-0.23100801265442641,5.508249282836913,13.575558167315648,0.9388954182891269,4.0,13.287399291992188,0.0,3
317.0,247.76335146159377,314.3263645509502,31.0,40.0,-0.21057623485322513,5.167465686798096,13.31137908823164,2.088462350184281,4.0,13.13895320892334,0.0,3
163.0,89.24862787401446,160.73089644864206,34.0,40.0,-0.2259824376388309,5.512523174285889,13.40627974396549,0.5156993599137233,4.0,13.452926635742188,346750491258.0,3
189.0,77.29796115496681,184.8958424323258,34.0,40.0,-0.27626575466593667,5.726583480834961,11.081469994794176,0.9299417777824959,4.0,14.346285820007324,2427264634784.0,3
168.0,119.11094974722802,167.4050025214442,24.0,40.0,-0.2638727634935115,5.868382453918457,13.596671313423933,0.991678283559835,4.0,14.32474422454834,0.0,3
233.0,167.2290599320228,229.78077881979584,24.0,40.0,-0.23237422747781,5.448282718658447,13.307658635541976,0.26914658885494264,4.0,13.795422554016113,0.0,3
257.0,174.7655785414903,252.51741687415972,34.0,40.0,-0.25311217335432895,5.621148586273193,13.544793489005023,0.8619837225125596,4.0,13.763900756835938,1179662033468.0,3
227.0,157.42131936024992,223.7305456937477,34.0,40.0,-0.24709605624351025,5.579386234283447,13.987779614520475,0.9523257486299189,4.0,13.795422554016113,259966904281.0,3
195.0,54.20572648418664,191.94204588366378,24.0,10.0,-0.2769619471984971,5.792226314544678,5.819857301188179,1.0405462985882779,4.0,14.37821102142334,0.0,3
341.0,226.23223534608903,334.31568705146185,34.0,40.0,-0.25357154085053013,5.057789325714111,14.205612617627247,1.0140315440681151,6.0,14.040412902832033,0.0,3
220.0,100.234751043246,218.70213700000357,34.0,40.0,-0.23975873084433888,5.697370529174805,13.785606163593487,0.6886795930507889,4.0,13.816408157348633,3853664684899.0,3
193.0,84.82670223506182,190.3670316951613,34.0,40.0,-0.25919526413425936,5.6822710037231445,14.00613454444561,0.9090988295273889,4.0,14.146509170532227,0.0,3
191.0,84.12223388618223,188.87717180928104,24.0,40.0,-0.2639039184996734,5.824491206913779,10.669646583640368,1.0859797387922767,4.0,13.662251472473145,0.0,3
162.0,36.33670566628428,160.47221884085027,21.0,40.0,-0.294627640115436,6.066114902496338,13.372387922639401,1.6335233376529656,4.0,14.522343635559082,0.0,3
184.0,18.80892450847622,187.12919455892373,21.0,10.0,-0.3207451655479775,5.727328777313232,5.783060931253849,3.2702736873578644,4.0,13.187829971313477,0.0,3
204.0,54.72652080745072,201.73698377805837,24.0,10.0,-0.28980069580523937,5.8384127616882315,6.299073790581631,1.0675740894349681,7.0,14.623725891113281,0.0,3
139.0,81.89496514822827,136.3843002033172,34.0,40.0,-0.162071184023433,3.7647558027100123,0.0,0.0,4.0,9.17405713646141,0.0,3
229.0,114.10455270725305,226.5051793959535,24.0,40.0,-0.243198479481526,5.588516712188721,14.605851517587382,1.2646287939684555,7.0,13.816408157348635,0.0,3
282.0,255.0868105573273,281.47720440411626,31.0,40.0,-0.24404835921761403,5.320443153381348,14.324628026524445,1.3115700663111112,6.0,13.281198462394817,0.0,3
148.0,111.50817247849811,145.99760167512173,24.0,40.0,-0.24906090124084027,5.927395820617676,11.684803415425982,1.2165304164744362,4.0,14.219519615173342,0.0,3
279.0,195.91917177460482,274.0267544672961,31.0,40.0,-0.2706372721205686,5.384580135345459,13.841099436875744,1.602748592189367,4.0,13.700667734015488,0.0,3
267.0,186.5215087430019,259.66901273203587,34.0,40.0,-0.2654677980844126,5.677848815917969,14.056565274826344,1.1934147830227606,7.0,13.976881980895996,0.0,3
195.0,88.67614344078476,193.45130102129926,34.0,10.0,-0.26205775886397503,5.843410491943359,7.836452430109215,0.6674710140946202,4.0,14.674565315246582,0.0,3
243.0,163.51792558314742,240.25791498126614,34.0,40.0,-0.24768930028840158,5.490701675415039,13.56108985092811,0.8410807917038385,4.0,13.795422554016113,2468936613235.0,3
319.0,207.9184487095305,315.55171932763824,34.0,40.0,-0.288221930431739,5.128495216369629,13.494920156637491,0.7373003915937274,4.0,14.040412902832031,2051017959730.0,3
167.0,115.89238544806848,165.51359412924782,24.0,40.0,-0.2754836348075318,5.868382453918457,10.882212908013152,1.501648774887761,4.0,14.32474422454834,0.0,3
198.0,57.64736521894755,196.86511818781423,24.0,40.0,-0.2619729887259612,5.728370045962399,13.412681603420912,0.6606772762740799,4.0,14.433333396911621,0.0,3
222.0,235.59096201247152,221.16591921477982,34.0,30.0,-0.2648935756906586,5.7046895027160645,11.973713011555773,1.1897420314829894,7.0,13.208941459655762,0.0,3
270.0,135.14953406023105,265.07833694516864,24.0,40.0,-0.23796383937252763,5.44915246963501,13.976030336588128,0.8989932507002911,4.0,14.459595680236816,0.0,3
181.0,53.85264842531036,177.93266889569858,21.0,10.0,-0.23239811293335882,5.859255790710449,10.233668541553211,0.5763245657460845,7.0,14.37821102142334,0.0,3
272.0,256.3623962650573,271.5594658132341,34.0,40.0,-0.24696010421455683,5.320443153381348,14.183719992024386,0.9592999800609672,6.0,13.222733497619629,0.0,3
284.0,164.4327418051795,281.75164507401576,24.0,40.0,-0.2702671307256398,5.603301048278809,14.243884055556444,1.1097101388911068,6.0,13.763900756835938,0.0,3
365.0,213.3447603296405,364.06480107653067,31.0,30.0,-0.3376756238000379,5.154557228088379,11.786563452664776,3.869534047275569,6.0,14.040412902832031,724567779201.0,3
317.0,190.50710542541296,310.25513020173014,31.0,10.0,-0.36274840713324075,5.217844486236572,6.792493355466021,6.481233388665051,4.0,13.44111919403076,0.0,3
160.0,90.79531283573233,157.6194325867797,24.0,40.0,-0.23125716453260514,5.887852191925049,13.558324218475208,0.8958105461880188,4.0,13.986577033996582,0.0,3
150.0,30.41068830633701,147.6870958902724,34.0,40.0,-0.2015394540682112,4.330363631574819,0.0,0.0,7.0,10.692836860506949,0.0,3
177.0,34.94107407601554,174.19816346927598,21.0,40.0,-0.28835346698285336,5.731080055236816,13.915157476817747,0.7386916704992383,7.0,14.433333396911621,0.0,3
160.0,58.92608377565134,159.72479495751082,21.0,40.0,-0.2509170798723303,5.926820278167725,13.683322429126822,1.178860667842974,4.0,14.006169319152832,0.0,3
198.0,92.75632634300393,194.12076075366554,34.0,10.0,-0.26290634149629255,5.938195705413818,7.124512073108675,1.2995100005666402,4.0,14.32474422454834,0.0,3
333.0,255.1329643230699,340.2358228977477,21.0,10.0,-0.32488915405306423,5.30690336227417,7.798258551790255,7.848073563941662,6.0,13.13895320892334,0.0,3
148.0,101.49547300223287,150.6130832230225,34.0,30.0,-0.2731990320907023,5.897685527801514,10.19858339072508,0.9380730532191975,4.0,14.247686164019859,0.0,3
215.0,110.779537835968,212.09212605612987,24.0,30.0,-0.25295261433267496,5.6957221031188965,10.464114996292654,0.34508600117186256,4.0,13.576733589172365,0.0,3
190.0,54.14493315938508,192.43172373517348,24.0,30.0,-0.23898472612542115,5.724431259991369,11.606653665814573,1.0271408808550033,4.0,12.84585189819336,0.0,3
293.0,214.24046203186103,289.66579426682875,34.0,40.0,-0.25529973118137744,5.453821176695588,14.086825441934913,0.7170636048372799,6.0,13.28739929199219,0.0,3
208.0,86.07944243019261,206.43265881584693,24.0,30.0,-0.2720296123565584,5.699049949645996,8.2481774604673,1.079347760757551,4.0,13.944964223695035,0.0,3
447.0,187.76969193560038,437.7330679750294,31.0,10.0,-0.4342038456152879,4.980261325836182,6.2581403863954685,5.145350965988668,4.0,13.878148078918457,150518411047.0,3
173.0,19.800750339497675,171.24311534923697,31.0,10.0,-0.3386284743507651,5.993587970733643,7.55857532732054,2.5402739347398713,4.0,14.433333396911621,0.0,3
293.0,200.90069684035944,289.07713924448035,24.0,40.0,-0.2351379123309902,5.719106674194336,13.37144218216299,0.42860545540747663,4.0,13.731599807739258,0.0,3
219.0,105.09781912906706,217.5787200460982,24.0,40.0,-0.22614931537601135,5.7884721755981445,13.677149367561402,1.1928734189035044,4.0,14.32474422454834,0.0,3
216.0,106.93136074268578,213.04970911337762,34.0,10.0,-0.2696090847820595,5.8598833084106445,4.803261376025951,1.0275709157929096,4.0,13.881834983825684,22806110659.0,3
159.0,60.90129550784532,151.86015669889613,11.0,10.0,-0.21404049690693439,3.491138848270383,5.698520583791647,8.492876801945036,4.0,8.241466487590786,0.0,3
244.0,144.98702617147117,243.5674277649454,34.0,40.0,-0.2588320518787716,5.524392127990723,12.754082293701831,0.6810761957524292,7.0,14.459595680236816,887852165195.0,3
286.0,196.5376246922105,280.2950060968593,24.0,40.0,-0.25070005271929136,5.572841644287109,14.073863478884734,0.8446932762781967,6.0,13.75680923461914,578284814849.0,3
263.0,154.6959625583457,260.19616317941814,34.0,40.0,-0.2630290490703574,5.5281088717425515,13.52810323763661,0.8202580940915262,4.0,14.459595680236815,0.0,3
269.0,146.8599489521378,266.02235530341363,24.0,40.0,-0.24824387664838632,5.514392395542093,14.364279539430523,0.7181532973062219,7.0,13.390348434448242,0.0,3
236.0,174.20679238382544,235.49937432470873,34.0,40.0,-0.2676035201197564,5.448282718658448,13.538405254068866,0.8460131351721709,4.0,13.795422554016113,0.0,3
130.0,95.42228117473684,127.99824358329795,34.0,40.0,-0.2377124566523911,5.144689370508119,0.0,0.0,7.0,12.420317534421358,0.0,3
206.0,76.36553157855288,204.17808792554627,24.0,40.0,-0.24901286636535291,5.5850172876154325,13.479587834992774,0.6989695874819343,4.0,14.346285820007324,0.0,3
274.0,185.6351087169661,268.09457990522316,34.0,40.0,-0.2664218306129229,5.4108472351889,14.217722039357165,1.0443050983929063,6.0,13.75680923461914,2473548147882.0,3
259.0,187.76600497355741,257.5002843017417,34.0,40.0,-0.23507986508368242,5.719106674194336,15.60155978258625,1.0713951340823857,4.0,13.75680923461914,0.0,3
174.0,120.81210540724936,171.45707835478902,24.0,10.0,-0.2888623919515851,5.868382453918457,7.090535691888329,1.3240915904068515,4.0,14.32474422454834,0.0,3
244.0,183.42604225056465,240.67567138996577,34.0,80.0,-0.25023970202192175,5.592510223388672,19.89087432814501,0.4963040541700433,4.0,13.75680923461914,2988282755467.0,3
145.0,51.70236847670199,144.36771047120084,34.0,10.0,-0.23559300720271528,5.636684417724609,7.539044619344664,0.9503512743892695,4.0,12.845851898193358,80912179902.0,3
193.0,112.72096883427268,189.76386569551147,24.0,40.0,-0.26559483654591953,5.868382453918458,13.469137345715605,0.4870141316782442,7.0,14.32474422454834,0.0,3
230.0,121.39497671770485,228.9441190536708,24.0,10.0,-0.25514296415733984,5.746441268920899,7.594203935322631,0.8540029889916745,4.0,13.576733589172365,0.0,3
145.0,44.118680033776876,144.67607023713765,34.0,40.0,-0.2586173271808659,5.6853790283203125,13.491773831244085,0.7294345781102162,4.0,14.00616931915283,0.0,3
193.0,112.35725676042982,190.4793399161902,34.0,10.0,-0.32635639885953,5.927003860473633,6.829475656109299,1.0257439347939512,4.0,14.32474422454834,0.0,3
200.0,94.11758053167335,197.68359280188105,24.0,40.0,-0.24318333942493184,5.613593605189648,13.992799664289485,1.5093964209977002,4.0,13.167326927185059,0.0,3
199.0,49.87768404888041,195.6530268583259,31.0,10.0,-0.33622328583143646,5.859255790710449,7.29060137934277,2.507125871551548,4.0,14.378211021423338,0.0,3
248.0,114.57047663292373,242.22265967516086,24.0,40.0,-0.2561517429064045,5.505928039550781,14.539496536970232,1.0987413424255796,7.0,13.63137149810791,0.0,3
112.0,11.264075065653543,111.03009708737852,34.0,80.0,-0.007807164963851473,5.099292284771071,0.0,0.0,0.0,11.176195951832904,0.0,3
212.0,113.74232209605248,209.7620032908008,31.0,10.0,-0.2834376205470841,5.738168716430664,4.760644153088136,1.4016103827203394,4.0,13.576733589172363,0.0,3
231.0,95.8621619442037,227.60614853869225,24.0,10.0,-0.28511686728884983,5.642025947570801,5.223121312685932,1.165310929008332,7.0,14.146509170532228,0.0,3
229.0,251.33935817859776,225.72875042080906,34.0,40.0,-0.25538219826417086,5.428263187408447,13.748567406004593,0.7591695457336204,4.0,13.208941459655762,0.0,3
263.0,150.45567915474174,256.777063567056,24.0,40.0,-0.2638227841784022,5.719560146331787,11.728154907792696,0.9179002366320783,4.0,13.480916023254395,0.0,3
225.0,234.05539735298606,224.89678487999663,24.0,40.0,-0.30618135066707164,5.7046895027160645,9.804129141461864,0.3544976109360843,4.0,13.482061386108398,0.0,3
269.0,132.78187477563694,265.1053903800153,24.0,40.0,-0.26184426518985804,5.489143371582031,14.242126927107535,0.7322623902518783,6.0,14.459595680236816,0.0,3
275.0,268.6258189325759,271.470836890944,24.0,40.0,-0.2767223643969627,5.351770877838135,10.659794967639696,1.10659607716548,4.0,12.830498695373533,0.0,3
467.0,239.3489093937731,458.5774048362963,31.0,10.0,-0.3581697328640182,5.066448211669922,5.598731153596985,3.496827883992461,4.0,13.13895320892334,0.0,3
300.0,199.2413175043757,294.0857539927171,24.0,40.0,-0.30639875319143905,5.128495216369629,13.854209045788005,0.653370732570805,6.0,13.75680923461914,0.0,3
167.0,27.77275244465299,160.81640447227682,24.0,10.0,-0.27060621489329423,5.972259521484375,8.049284799254792,1.7837320140961994,7.0,14.623725891113281,0.0,3
141.0,25.05948000359624,139.84467563560656,24.0,10.0,-0.25166196343524294,5.489740371704102,6.016773575876464,0.9797581184384447,4.0,12.716801643371582,0.0,3
202.0,78.04060799778993,198.90471366134508,24.0,10.0,-0.2651284230169201,5.847716808319092,10.065530185216911,1.1024808693461565,4.0,13.662251472473145,0.0,3
210.0,127.8962056521938,208.3727708652404,34.0,10.0,-0.2577624765850633,5.749566555023193,12.240363162220094,1.1339575132104156,4.0,14.240604400634766,0.0,3
267.0,193.15685929261448,262.88190503897283,34.0,40.0,-0.2506112243944002,5.719106674194337,13.444119352678586,0.610298381696465,4.0,13.731599807739258,0.0,3
147.0,100.72705678294058,153.45751002692617,21.0,40.0,-0.2290913716503595,5.877344462940993,13.871042754652334,1.6776068866308407,4.0,14.21951961517334,0.0,3
264.0,187.9519690556553,259.2961857467592,34.0,40.0,-0.24285316379689553,5.384580135345458,13.462741480076275,0.6568537001906896,4.0,13.023961067199707,0.0,3
241.0,163.810277654754,242.95244857193487,31.0,30.0,-0.22057694307364825,5.43998384475708,12.480884838076346,1.8804937815853329,4.0,13.3222074508667,0.0,3
140.0,43.56875221621831,138.33606394968024,34.0,40.0,-0.20407974296094053,5.622495174407959,11.807497614320226,1.001388004413071,4.0,14.006169319152832,0.0,3
585.0,177.15565975638663,583.6657519732566,21.0,30.0,-0.3592431058804706,4.97078800201416,8.369789550422162,4.014312950400115,4.0,13.878148078918457,0.0,3
355.0,234.70373751207356,353.90378538025925,31.0,40.0,-0.3093999431327955,5.066448211669922,10.322068707318133,1.455657205188168,4.0,13.13895320892334,251219085786.0,3
203.0,107.48329325954049,200.61783716278129,31.0,40.0,-0.2747016968205814,5.588516712188721,13.915958251185788,1.235101107416481,4.0,13.662251472473145,0.0,3
276.0,151.56831692988283,273.07572482555906,24.0,40.0,-0.26468099037658227,5.5810394287109375,13.728632459523807,0.6010066043222382,6.0,13.390348434448242,0.0,3
227.0,81.70591031231265,235.2685832934172,21.0,10.0,-0.34568016003351104,5.9985215565929675,6.172594285394972,4.931485713487428,4.0,13.660167694091797,0.0,3
207.0,87.13036929136359,201.67530586414154,31.0,40.0,-0.25289575236800316,5.662424126716509,14.604374648647305,1.2609366216182587,7.0,14.146509170532227,2879280495834.0,3
207.0,80.87748879904501,203.82378470756584,24.0,10.0,-0.2510633701172452,5.847716808319092,5.512732809968423,1.1536234865513204,4.0,14.674565315246582,0.0,3
265.0,253.33257762755807,262.541116686523,34.0,40.0,-0.2849465900547786,5.2977142333984375,13.082209707817071,0.564747570513539,6.0,13.222733497619629,539064263395.0,3
202.0,69.78819882111878,198.34100464045775,34.0,40.0,-0.27085822682967914,5.739746570587158,11.426038860411547,0.4942100649803375,4.0,14.346285820007324,0.0,3
236.0,103.54930289094654,233.62014571833058,24.0,40.0,-0.2749245409786993,5.607438124499272,14.172879760258073,0.6579940541895033,7.0,14.146509170532227,0.0,3
319.0,226.13512393944148,311.77533408934994,34.0,40.0,-0.2620738773265723,5.211073398590088,13.73965796159769,1.349144903994227,4.0,13.287399291992188,0.0,3
214.0,80.66809566208488,208.6711620539328,21.0,10.0,-0.27751745939381606,5.6822710037231445,5.886840785204489,1.065386309333898,7.0,14.146509170532227,0.0,3
225.0,223.72379697760633,224.8976612389889,24.0,40.0,-0.2653703471196586,5.7046895027160645,13.854925924803545,0.6820747534904387,4.0,13.208941459655762,0.0,3
198.0,61.37943890830791,195.92306674003976,24.0,40.0,-0.2529402581685273,5.730371475219726,13.537867453013003,0.8446686325325096,4.0,14.281630516052246,0.0,3
265.0,150.74764281730387,262.9265713788741,24.0,40.0,-0.2892821603973015,5.43998384475708,13.391297379161848,0.4782434479046286,4.0,13.3222074508667,0.0,3
277.0,190.53871393022072,274.0672547847861,34.0,40.0,-0.2702612729033886,5.384580135345459,14.405204860385645,1.2561628358956092,7.0,13.303361179759195,0.0,3
237.0,133.19165659063611,236.08919398534454,41.0,40.0,-0.261597690730197,5.520002365112305,14.317718042016487,0.5442951050412198,7.0,13.63137149810791,1439078514794.0,3
193.0,91.05874124890025,204.85441592318278,31.0,30.0,-0.23041852750245792,5.559206008911133,12.0510038188823,4.627509547205754,4.0,13.660167694091797,0.0,3
214.0,68.55102213441006,209.78350457527455,21.0,10.0,-0.2850856099274265,5.822615146636963,5.55585191562943,1.3304463870253547,4.0,14.37821102142334,0.0,3
211.0,111.02716766151445,210.65230659802467,24.0,40.0,-0.2470980381419453,5.6957221031188965,12.982610128020655,1.4662340579157902,4.0,13.576733589172363,0.0,3
215.0,111.91045056811926,211.98549986640288,41.0,40.0,-0.24791511182994885,5.486354827880859,10.143312377580255,1.0662208295737017,4.0,13.7530418814045,3310598944378.0,3
228.0,101.15824594345648,224.83272193597207,21.0,30.0,-0.271012510687672,5.8598833084106445,12.060060419847911,1.539032549819412,4.0,13.881834983825684,0.0,3
384.0,211.3954444988024,384.6397004395511,31.0,10.0,-0.36956963369957063,5.317964553833008,6.91744773901785,6.525498586805139,4.0,13.731599807739258,0.0,3
223.0,187.9869698955743,222.14254327270018,31.0,40.0,-0.31460998519761546,5.217844486236572,13.980535629347672,1.9513390733691773,4.0,13.441119194030762,0.0,3
238.0,278.9374098677477,237.63485255443695,24.0,40.0,-0.2818336904484916,5.374354839324951,12.278675747378147,1.1892016706131838,6.0,12.830498695373535,0.0,3
302.0,167.7495922302969,298.65583324977763,31.0,10.0,-0.3586635965031978,4.97078800201416,5.672194483546895,2.890487538831297,6.0,13.878148078918457,1811419448152.0,3
221.0,89.55756227925728,217.58095636237158,24.0,40.0,-0.2543623748711406,5.666004657745361,14.376272950599228,0.7856617620546593,7.0,14.272902488708498,0.0,3
190.0,104.5941621962765,185.2225188644822,24.0,40.0,-0.26584353728851884,5.919174194335938,13.049454289537275,0.9546637860855827,4.0,13.986577033996582,0.0,3
235.0,141.64409663496727,232.98557157642043,34.0,40.0,-0.21915935058910208,5.579386234283447,13.514368453941568,0.7859211348539211,4.0,14.240604400634766,0.0,3
175.0,107.22664736807975,172.182504923481,24.0,40.0,-0.2534255948785234,5.903073310852051,13.696782739626343,1.2419568490658615,4.0,14.324744224548342,0.0,3
290.0,191.6198182383939,287.5460574357462,24.0,40.0,-0.25586986416141516,5.298759460449219,15.452813282347135,1.0018031220801438,7.0,13.75680923461914,0.0,3
451.0,235.99750560823736,425.43408847813396,21.0,10.0,-0.349044435201672,5.075756105658126,8.800042987949746,11.500107469874367,4.0,13.138953208923342,0.0,3
191.0,28.92611387080404,182.37842909372432,31.0,10.0,-0.26657355046919107,5.341612339019775,7.268799508114192,6.171998770285481,6.0,12.716801643371582,0.0,3
193.0,78.9311189706211,192.1695753975995,24.0,40.0,-0.2220950854622886,5.563080787658691,14.092669360617727,0.6516760614724022,4.0,14.346285820007324,0.0,3
169.0,30.218654450223188,164.96669727015447,24.0,10.0,-0.29077072620455263,5.7310800552368155,7.416071013602703,0.7897253462158187,4.0,14.433333396911621,0.0,3
275.0,139.77357134215995,272.4775114469127,24.0,10.0,-0.2828459533110062,5.771864414215088,5.763290775719909,1.6582269392997755,7.0,13.450253195901515,0.0,3
257.0,218.42525361269566,256.76093089888434,34.0,40.0,-0.2793725076476728,5.0141167640686035,11.465791417612913,0.7509927081497394,4.0,13.208941459655763,1681983677070.0,3
265.0,252.70410362395643,263.1521351467884,24.0,40.0,-0.25927045499886886,5.2977142333984375,14.381265012455964,1.4531625311399081,6.0,13.222733497619627,0.0,3
257.0,189.37051946695522,252.61142405913165,34.0,40.0,-0.26852582239980993,5.592510223388672,13.55769553017911,0.8942388254477789,4.0,13.75680923461914,0.0,3
265.0,264.5026825605605,261.4329466799343,34.0,40.0,-0.269415407958286,5.33054256439209,14.144073449068365,0.8601836226709116,6.0,13.228392601013184,0.0,3
237.0,112.5480738976305,235.20442588533194,24.0,40.0,-0.27571165424376803,5.588516712188721,12.524528253704805,0.893957953054175,6.0,13.816408157348633,0.0,3
303.0,251.0920799107698,310.7260750905647,11.0,10.0,-0.3142227855922852,5.320443153381348,9.414553576425153,10.35617380673649,6.0,13.287399291992188,0.0,3
164.0,30.97158353172852,161.27158733113737,21.0,10.0,-0.3212448187308165,6.049091815948486,4.571185753298872,0.9279643832471796,4.0,14.522343635559084,0.0,3
310.0,256.338336816253,314.4139470291799,21.0,10.0,-0.32295629530451464,5.30690336227417,7.4523315214372,8.130828803592998,4.0,12.830498695373535,0.0,3
287.0,207.4214795239866,281.8946022079352,24.0,60.0,-0.2650603490222053,5.572841644287109,12.711074781913126,0.49094669676981395,4.0,13.75680923461914,0.0,3
356.0,230.31812412852827,347.7739366026312,31.0,20.0,-0.36032441134686827,5.066448211669922,8.612089038214188,3.530222595535474,4.0,13.138953208923338,0.0,3
254.0,145.11159565286914,252.6506564376106,34.0,40.0,-0.24229821026967324,5.524392127990723,13.5655961451611,0.9139903629027457,4.0,14.459595680236816,0.0,3
273.0,188.1737493983419,267.2297708232569,24.0,40.0,-0.27008767795381994,5.388824939727783,13.525234440806571,0.8130861020164266,4.0,13.023961067199707,0.0,3
338.0,228.43135273142292,334.80465582974307,31.0,20.0,-0.34710019218872534,5.066448211669922,8.772965641480882,3.9324141037022056,4.0,13.287399291992188,0.0,3
217.0,112.09891031164602,215.41318067633614,31.0,10.0,-0.2815978527742902,5.738168716430664,6.890444793110116,2.0557435827221022,7.0,13.576733589172363,0.0,3
285.0,193.2775892675784,280.5384209725337,24.0,40.0,-0.2524662656881719,5.298759460449218,14.15549280171065,0.8887320042766274,6.0,13.75680923461914,0.0,3
586.0,28.252351291719872,558.7840937463669,14.0,10.0,-0.3343914734522927,5.341612339019775,11.008492260565165,16.999685233139196,4.0,14.006169319152832,0.0,3
259.0,184.23536364961154,255.9348647643093,24.0,60.0,-0.25917829460707054,5.417598724365234,15.714465703732033,1.2592191868472697,7.0,13.795422554016112,0.0,3
214.0,149.46564961167212,214.2970306936295,34.0,60.0,-0.23048693984727076,5.579386234283447,18.102897411924097,0.29121746251456987,7.0,13.795422554016113,1251071019935.0,3
255.0,154.96414367210417,251.93293489014036,34.0,40.0,-0.21799371692154157,5.719560146331787,16.741528277942002,1.1499371997091519,6.0,13.763900756835938,0.0,3
261.0,195.85000345530682,255.1477626057283,34.0,40.0,-0.28536630100052235,5.572841644287109,13.34563765382875,0.3640941345718723,4.0,13.75680923461914,5305484040541.0,3
216.0,43.503851439515394,212.05015029389767,21.0,40.0,-0.27180922087368775,5.845182418823242,2.7096278777142766,0.19880702637635977,7.0,14.623725891113281,0.0,3
206.0,121.69377820469772,203.81054416985762,34.0,40.0,-0.23001622464218013,5.670567035675049,14.24163974754542,0.541724052997109,7.0,14.240604400634766,0.0,3
239.0,120.07135624465634,236.36100059333734,24.0,40.0,-0.2622100739541533,5.808485507965088,13.33838913572296,0.34597283930740574,4.0,13.881834983825684,0.0,3
138.0,78.1913857072578,138.86826164407233,34.0,40.0,-0.24425027758252202,5.266839722487486,0.0,0.0,4.0,12.938318858785555,0.0,3
159.0,41.9696712751326,158.3458004614222,24.0,10.0,-0.2504087905606971,5.6853790283203125,6.280577183683031,0.9222834965129674,4.0,13.864868751943932,0.0,3
225.0,81.98191983034846,223.96676493280825,34.0,40.0,-0.30743695138965427,5.891049861907959,0.2125354056314489,0.034197936874228375,4.0,13.660167694091797,105729653619.0,3
444.0,208.69442152903517,440.7856112350664,31.0,10.0,-0.34700747345067473,4.995950698852539,7.0819807569136195,5.935567665658168,7.0,13.85064643703095,2110731657137.0,3
255.0,152.3988258805463,250.30461651974187,21.0,40.0,-0.22291983238741375,5.5725135803222665,10.722447811976433,0.7341684726201236,4.0,14.240604400634766,0.0,3
224.0,144.3557745041482,220.75024363734286,34.0,40.0,-0.2383557459048925,5.572513580322266,13.944126439326038,0.9123176942719705,4.0,14.240604400634766,0.0,3
290.0,239.53650756089124,287.9112309557974,34.0,40.0,-0.2670511895607628,5.472708225250244,12.437574612373593,0.36438472883262785,6.0,13.287399291992186,877352315280.0,3
156.0,87.76319865632937,155.32721345021002,24.0,40.0,-0.2411724946087922,5.847838878631592,13.910559494019136,0.5384349100710853,4.0,14.236368614493063,0.0,3
471.0,197.90565409539815,466.9204874263197,31.0,10.0,-0.30180643522401646,5.303940296173096,6.619837325241099,6.049593313102748,4.0,13.878148078918457,2265181971102.0,3
274.0,209.87637667193445,273.75707226507313,31.0,40.0,-0.27869958384095084,5.1538327448576355,10.340761468295932,3.7704433701682234,4.0,13.208941459655762,0.0,3
475.0,202.99159012316258,475.3168624835313,21.0,40.0,-0.3304068037369318,5.027198791503905,13.350570015514728,1.349559764149254,4.0,13.731599807739258,0.0,3
256.0,187.2424088115884,252.67921267343434,34.0,40.0,-0.2556131343398265,5.719106674194336,13.576205277244755,0.9405131931118861,4.0,13.75680923461914,183645695395.0,3
238.0,227.98277372434828,235.1870127236912,24.0,40.0,-0.26527037461128394,5.7046895027160645,14.545114731080895,1.1127868277022368,7.0,13.208941459655762,0.0,3
281.0,192.45920131161108,274.2532566367351,31.0,40.0,-0.29280426276223204,5.677848815917969,13.04232081883827,1.3986202410044597,7.0,13.976881980895996,3370415117424.0,3
222.0,251.6037617430431,220.7530489775834,24.0,10.0,-0.2548122695943333,5.576583385467529,9.069139445111764,0.8421530415599987,6.0,12.796457290649414,0.0,3
267.0,174.3075505002293,262.73589242376346,34.0,40.0,-0.24553732198276151,5.606611251831055,14.081840629418476,0.8188122398581552,7.0,13.795422554016113,0.0,3
366.0,185.90526262310647,326.2274358539137,21.0,10.0,-0.39782015458116043,5.113445281982422,12.296782009755315,20.213467193559715,4.0,13.441119194030762,0.0,3
215.0,115.16384872329593,211.3363574229304,24.0,40.0,-0.25251144114081653,5.81020975112915,11.103903910128986,1.0963869863882372,4.0,14.32474422454834,0.0,3
189.0,42.906617174653476,187.90571267673005,34.0,10.0,-0.2776323090518863,5.755035877227783,8.51003046286558,1.2213988064530434,4.0,13.847933432199463,819583491702.0,3
205.0,45.05501611385883,202.69730497437095,21.0,10.0,-0.3113083535130781,5.755035877227783,4.6382593314402545,1.095648328600634,4.0,13.02454376220703,0.0,3
248.0,129.47354604293898,244.55067128119177,24.0,40.0,-0.23882994543389918,5.611311912536621,12.001792097453631,0.8946252097203904,4.0,13.816408157348633,0.0,3
218.0,79.1734893267295,214.81827620759827,24.0,40.0,-0.27267233573830696,5.717838287353515,13.495537276332692,0.738843190831732,4.0,14.346285820007324,0.0,3
70.0,8.187730155457603,68.82427184466013,34.0,80.0,0.03164868830261277,3.1609004011431914,0.0,0.0,0.0,7.018729063608108,3386811051317.0,3
260.0,138.91015073914153,258.4321034377299,34.0,10.0,-0.24295363113480314,5.449152469635011,10.24348456881339,1.4040897968174026,7.0,14.459595680236816,0.0,3
281.0,194.55654909483854,278.231393806426,24.0,40.0,-0.25304055511594714,5.719106674194336,13.555861040471889,0.8896526011797252,4.0,13.731599807739258,0.0,3
252.0,167.2786879985655,247.56962702340593,34.0,40.0,-0.26085185072320244,5.731300354003906,13.62877309233509,1.0719327308377298,4.0,13.763900756835938,0.0,3
160.0,79.96276614006942,160.008589055675,24.0,10.0,-0.2522191570071183,5.9656596183776855,5.578027780477629,0.5725864082368866,4.0,14.343480110168457,0.0,3
208.0,43.818898856078725,208.7784776369267,21.0,10.0,-0.32569295205022264,5.755035877227783,5.306560051168857,0.9548693392533576,6.0,14.433333396911621,0.0,3
268.0,146.7358529919157,264.19301749776224,24.0,40.0,-0.25743909577832563,5.752655506134033,13.496086579770669,0.7402164494266734,4.0,13.631371498107912,0.0,3
114.0,137.8984688883275,112.17042656325313,24.0,40.0,-0.13412114292529814,2.9848185500053477,3.963171988232574,0.24848057571474935,6.0,6.661169548557222,0.0,3
211.0,258.4644449504171,210.04320698274003,34.0,30.0,-0.2710695561520486,5.4153852462768555,11.893382989688359,0.6118322581017106,4.0,12.796457290649414,1714863510883.0,3
259.0,151.27492515330263,257.27842276697857,41.0,10.0,-0.2675781329351308,5.468239784240723,10.029491843969964,0.5751925704247334,4.0,14.459595680236816,0.0,3
267.0,137.63999458611144,270.30491259220133,24.0,40.0,-0.28190470551109525,5.565683031735354,13.630646646491769,1.076616616229428,4.0,13.390348434448242,0.0,3
294.0,250.44759746857585,290.65156962225643,34.0,60.0,-0.26487383779288437,5.031415939331055,15.576597964729041,0.8921665436886363,6.0,13.228392601013184,2319314552764.0,3
257.0,180.44425594314475,255.2366147442754,24.0,40.0,-0.29440133795251155,5.356982231140137,13.503198363424252,0.7579959085606299,4.0,13.023961067199709,0.0,3
164.0,85.53211253708278,162.2708062406454,24.0,40.0,-0.2442036484634325,5.512523174285889,13.547883669729798,0.8697091743244961,4.0,13.452926635742186,0.0,3
333.0,236.27046107771824,332.7095188543192,31.0,10.0,-0.33813620002080447,5.066448211669922,5.953847220915903,3.2754280004211207,4.0,13.13895320892334,0.0,3
246.0,235.4688145243749,241.35488921067926,24.0,40.0,-0.25521524757808756,5.482956886291504,13.418923555463696,1.1206564082761987,4.0,13.208941459655762,0.0,3
261.0,271.44586454528314,257.2953722842563,24.0,40.0,-0.2997870596050666,5.347187519073486,13.846587330244667,0.6034745764428655,7.0,12.830498695373537,0.0,3
281.0,170.12244948166997,276.90330863878563,24.0,40.0,-0.23815520934791293,5.6033010482788095,14.140931351880221,0.8523283797005505,6.0,13.76390075683594,0.0,3
237.0,96.98681737800138,235.81399298088402,24.0,40.0,-0.24676764204093393,5.58851671218872,13.855566985220007,0.9345019822679299,7.0,13.662251472473145,0.0,3
229.0,238.50774278343184,228.43741683746885,24.0,40.0,-0.26889277343056184,5.678366327938968,12.783835550465033,0.8872654288955721,4.0,13.208941459655762,0.0,3
213.0,97.16992763792598,210.47672861684984,34.0,40.0,-0.23146774997687725,5.657128027040663,13.996838408703637,1.5005412937367926,4.0,14.272902488708496,0.0,3
131.0,40.54230180848291,128.88633119015174,34.0,40.0,-0.2522561379994844,5.946240425109863,11.137979364239253,0.4898479983089862,4.0,14.006169319152832,0.0,3
387.0,240.356974391326,381.62637422858165,31.0,10.0,-0.37752644748411235,5.19873332977295,7.966759204166911,9.416898010417277,4.0,13.13895320892334,0.0,3
281.0,187.4724051592527,279.43146319200997,41.0,40.0,-0.29439712970446075,5.438047885894775,13.392945714053099,0.48236428513274987,4.0,13.731599807739258,4443231914056.0,3
138.0,95.57101171010338,135.58935907005971,41.0,40.0,-0.2520777070588898,5.880567256718464,2.0644875056576657,0.1886160244173396,4.0,14.21951961517334,4462659173286.0,3
271.0,189.68160977960997,267.322322135486,24.0,40.0,-0.25947157498020523,5.508464133902773,13.496763198467933,1.0349256846923462,7.0,13.731599807739258,0.0,3
234.0,218.37479413560914,231.85655163859957,34.0,40.0,-0.27091425058213553,5.714688777923584,13.50778867249223,0.769471681230578,4.0,13.208941459655762,0.0,3
512.0,214.50833065504517,504.2242229637718,31.0,10.0,-0.31954692981712074,4.995950698852539,5.991323989470425,2.9461913408791225,4.0,13.208941459655762,0.0,3
237.0,175.37962108572583,233.17108979801628,34.0,40.0,-0.23785890536448412,5.417598724365234,12.947007554107925,0.5543123418464525,6.0,13.76458326096959,720450916882.0,3
227.0,231.20563244243988,225.64818250430613,24.0,40.0,-0.27473134308962266,5.7046895027160645,14.231485974311441,1.4116714459528417,7.0,13.208941459655762,0.0,3
243.0,148.03248851816988,240.23016439164667,34.0,40.0,-0.2422089624137762,5.702171325683594,11.702456532407776,0.49711752466215237,6.0,13.763900756835936,2765840807409.0,3
251.0,174.6584232054568,248.66103072493047,34.0,40.0,-0.25739656507152414,5.606611251831055,13.485270293477463,0.713175733693659,4.0,13.795422554016113,0.0,3
243.0,104.04361233711293,237.55647097583906,24.0,40.0,-0.23707291637706462,5.717602729797363,10.058726404663057,1.0528540486302644,7.0,13.816408157348633,0.0,3
291.0,219.27906246057768,287.208248314881,41.0,40.0,-0.25298606737019264,5.508249282836914,13.951556381414445,0.5430351216435754,6.0,13.287399291992188,0.0,3
167.0,110.20993212266649,162.905010239928,24.0,10.0,-0.29855112828208286,5.987939834594727,6.231827530865929,1.3809386901786276,4.0,13.986577033996582,0.0,3
256.0,137.49445716051818,254.62950153150433,34.0,40.0,-0.23943927645255259,5.503146302210142,12.948711936630952,0.662111002635655,4.0,14.459595680236818,0.0,3
297.0,210.12445251305203,294.9116717401852,34.0,40.0,-0.2381899593207474,5.128495216369629,13.626205992729107,0.9460975060946182,4.0,13.75680923461914,0.0,3
225.0,111.4416797195316,223.29886908122143,21.0,10.0,-0.29281992472728957,5.738168716430664,4.640409905335297,1.101024763338242,4.0,13.576733589172363,0.0,3
227.0,97.50167702949751,223.9674653313169,24.0,40.0,-0.24941174688135026,5.9183502197265625,13.475691157254408,0.6892278931360193,4.0,14.346285820007326,0.0,3
265.0,155.1364525011339,261.92646467896566,24.0,40.0,-0.26965857315830843,5.702171325683593,14.144405473236514,1.320649272930366,6.0,13.76390075683594,0.0,3
276.0,263.33731663064117,273.1025055211694,21.0,40.0,-0.2448631918664968,5.351770877838135,13.757778868774801,1.394447171937006,4.0,13.13895320892334,0.0,3
242.0,172.29390830974822,238.1034811355503,34.0,40.0,-0.25619447442988685,5.616784572601318,14.107616100290985,1.6083140903337998,4.0,13.976881980895996,0.0,3
266.0,137.01350975044053,268.34684345394015,24.0,40.0,-0.26846753085669545,5.521010398864746,13.643210647390598,1.1080266184765013,4.0,13.390348434448242,0.0,3
453.0,171.43027917339393,451.5527849053556,31.0,10.0,-0.33956521329196115,5.005965043420661,5.5016485618863245,3.2541214047158116,4.0,13.878148078918457,0.0,3
255.0,240.10795149217444,254.06029853156187,34.0,40.0,-0.24743020431065382,5.482956886291504,13.35727420822866,0.3931855205716498,4.0,13.208941459655762,0.0,3
166.0,77.11529653045882,164.6780936998991,24.0,10.0,-0.26165749532283217,5.853451251983643,6.632093604966095,0.9937198482971996,4.0,14.281630516052246,0.0,3
176.0,115.70860437587434,170.2132965692642,24.0,10.0,-0.2637255960432582,5.927003860473633,8.610139272530906,1.1623344826974147,4.0,14.142199605182535,1248510147961.0,3
361.0,183.00140717920857,339.76138953842985,31.0,10.0,-0.3906964959101331,4.980801582336426,9.537954111070125,7.503682990136878,4.0,13.878148078918457,0.0,3
245.0,178.0723400398802,242.83242094189833,41.0,40.0,-0.2595284106249757,5.616784572601318,13.753950678744149,1.0325492597011492,4.0,13.976881980895996,856384832248.0,3
270.0,152.36776873790498,269.241572805598,34.0,40.0,-0.2853732484319859,5.5810394287109375,12.294255767766733,0.957277935176547,4.0,13.390348434448244,0.0,3
165.0,119.86384536059212,163.4983516043211,24.0,30.0,-0.29264074855859784,5.923258781433105,11.512845791108743,1.2897617712952085,4.0,14.304590577948586,0.0,3
248.0,137.9963320543012,248.3689335827753,24.0,40.0,-0.23837606157730462,5.449152469635011,14.190536264896979,0.9515833806890123,7.0,14.459595680236816,0.0,3
179.0,62.498912033941394,176.17256984860362,34.0,10.0,-0.27735346627847374,6.116344928741455,6.875675019808272,1.0594495524464627,4.0,14.674565315246582,0.0,3
238.0,102.16956194946091,235.93895190777118,24.0,10.0,-0.24423536177185073,5.717602729797363,8.211644645397907,0.690070517603921,7.0,13.816408157348631,0.0,3
218.0,114.92055288401681,214.53642719003471,21.0,10.0,-0.27258496824565304,5.738168716430664,4.8235076165608275,1.2505498633198848,4.0,13.576733589172363,0.0,3
197.0,103.34886252467527,195.31925282529696,34.0,10.0,-0.2583525937864606,5.938195705413818,8.64042933578584,1.1464916131711762,4.0,14.32474422454834,0.0,3
247.0,111.99949519696311,244.93928486108302,24.0,40.0,-0.2544375699399426,5.819652080535889,13.545639525931763,0.8640988148294109,4.0,13.881834983825684,0.0,3
324.0,222.1847857636194,318.93608746595214,34.0,40.0,-0.2591486845395876,5.211073398590088,13.61114069470257,1.0278517367564253,4.0,13.287399291992188,0.0,3
253.0,132.591303373124,251.23373392751705,34.0,40.0,-0.2358213821764176,5.44915246963501,14.318526086744626,0.5463152168615608,7.0,14.459595680236816,4024353619407.0,3
257.0,173.99775697035759,250.66241400691166,24.0,30.0,-0.3138579177696316,5.436868190765381,9.086193854771695,0.6068930689016079,4.0,13.023961067199707,0.0,3
154.0,56.761969307894205,154.81429787945405,21.0,30.0,-0.2727485784326625,5.622495174407959,12.124140948238363,1.4004906868614417,4.0,14.006169319152832,0.0,3
242.0,166.58789973637997,238.5123981632599,34.0,40.0,-0.2664331543935488,5.473734092712402,13.360297603084614,0.4007440077115393,4.0,13.795422554016113,0.0,3
246.0,280.5993960031549,245.60364758886857,24.0,40.0,-0.23142767226716698,5.374354839324951,12.9766891541502,1.0432656437210048,4.0,12.830498695373535,0.0,3
232.0,169.28994040271684,226.14693332920203,34.0,30.0,-0.2402466115069709,5.448282718658447,14.89318003494836,1.1211333564223975,7.0,13.795422554016113,2184929087951.0,3
157.0,17.679213797623063,154.99449830449072,21.0,10.0,-0.30982670207292506,5.993587970733643,8.233102906040967,1.4177885192587336,7.0,14.433333396911621,416107444133.0,3
223.0,156.9083543270443,218.22644272895712,34.0,40.0,-0.2535635196182825,5.61734094619751,13.90621261211291,0.6497781056247324,4.0,13.795422554016115,1634617482440.0,3
238.0,140.4939810087228,234.01652303016604,24.0,40.0,-0.24468234754144552,5.931555271148682,14.01393336251998,0.5348334062999474,6.0,13.763900756835938,0.0,3
234.0,227.25612698577422,233.36222824378763,24.0,30.0,-0.2530357703009666,5.7046895027160645,10.428180441187294,0.9091131590928059,7.0,13.20894145965576,0.0,3
233.0,121.76903830843031,232.0153970261017,24.0,40.0,-0.24445242315495144,5.758850097656249,13.943076586008628,0.9330339307749618,4.0,13.881834983825684,0.0,3
250.0,113.11000418260207,250.99466971270425,24.0,40.0,-0.237166183658191,5.616158962249756,14.21510951675335,1.1979679666406977,6.0,14.272902488708496,0.0,3
225.0,185.2767860078564,222.13662757635097,34.0,40.0,-0.2765201254995411,5.167790073238008,12.454759417054648,1.4875103261182616,7.0,13.441119194030762,1099845215864.0,3
254.0,115.38549445660952,251.28907066819082,24.0,10.0,-0.2605862759516462,5.570784938219681,8.19678988621104,1.0360031767591693,6.0,14.272902488708496,0.0,3
285.0,157.27529304511026,285.54598782855567,24.0,40.0,-0.2628591225825508,5.610008716583252,14.093396595976305,0.8272938572768977,7.0,13.441119194030762,0.0,3
211.0,112.44878626488993,204.7853140590387,21.0,10.0,-0.28300463809724785,5.6751972877815975,7.248381344909002,1.353630579987617,4.0,13.576733589172363,0.0,3
254.0,239.24191292160145,253.26570093109504,34.0,40.0,-0.2480944077192366,5.482956886291504,13.461877503319613,0.6546937582990322,4.0,13.208941459655762,0.0,3
211.0,119.69573663983724,206.78327226300127,31.0,40.0,-0.26131896935477683,5.670567035675048,10.941210867775911,1.1939967132626188,7.0,14.240604400634766,0.0,3
232.0,140.61694591101758,229.4743897186533,24.0,40.0,-0.22549546535050935,5.7504048347473145,13.620902614308754,1.0522565357718883,4.0,14.240604400634766,0.0,3
264.0,222.7478834002361,261.3334130489219,34.0,40.0,-0.2809203261556358,5.0141167640686035,12.066812086939267,0.6071153350500428,4.0,13.208941459655762,0.0,3
346.0,208.58920989946085,338.46389908991677,31.0,10.0,-0.4013318393257077,4.995950698852538,8.49550745403823,10.698470723139199,4.0,13.20894145965576,0.0,3
177.0,101.8260186522068,175.53709598606702,34.0,40.0,-0.3010530373821518,5.938195705413818,12.97839008662724,0.45860987543218457,4.0,14.32474422454834,5055885379008.0,3
211.0,76.51428616832077,209.30186200614366,24.0,40.0,-0.24064141048770227,5.7178382873535165,13.528093811774099,0.820234529435247,4.0,14.346285820007324,0.0,3
255.0,113.63108816672357,252.43429767148479,24.0,40.0,-0.23526057923612193,5.527416229248047,14.251019477730091,0.7298561820230635,7.0,13.816408157348633,0.0,3
238.0,170.93548342741622,237.0585601120717,34.0,10.0,-0.30089362629202865,5.460308286981675,8.756635522221687,0.7346862919217403,4.0,13.795422554016115,0.0,3
278.0,237.99275133208502,275.7510783797582,34.0,40.0,-0.25983673089963844,5.472708225250244,11.25603419579879,0.5226496602645637,6.0,13.287399291992188,3475844654384.0,3
246.0,112.85128523800704,246.02680871057626,24.0,40.0,-0.23777546757538115,5.616158962249755,13.234241856883177,1.0938903184944786,4.0,14.272902488708496,0.0,3
297.0,201.38094404255102,295.34864363550486,31.0,30.0,-0.304120823266516,5.514761924743652,11.777912410184875,1.6845070528594093,4.0,14.040412902832031,0.0,3
286.0,218.15095810024422,284.5058476339108,34.0,40.0,-0.2622964552907744,5.585015296936035,13.508807753600221,0.7021164713791821,4.0,13.287399291992188,81662756698.0,3
199.0,115.17530151205145,194.1984970959312,24.0,40.0,-0.2547015547134051,5.927003860473634,13.302250373648624,0.3956711529004741,4.0,14.32474422454834,0.0,3
158.0,84.06332249966255,158.962769028747,24.0,10.0,-0.2632232468683743,5.887852191925049,5.819887934610789,1.3103994481771795,4.0,14.281630516052246,0.0,3
169.0,66.98745257815193,165.09189121323965,21.0,10.0,-0.14671618601004674,5.457555294036865,4.388953521686247,0.4723838042156167,4.0,13.452926635742188,0.0,3
137.0,138.53161418410264,135.29817643123084,34.0,40.0,-0.15152281954149255,2.7748029787246464,0.0,0.0,4.0,6.884399527859088,0.0,3
208.0,104.7342261396841,206.02692086622756,24.0,40.0,-0.26724259005429724,5.6957221031188965,12.904719471025617,0.5706828376915003,4.0,13.576733589172363,0.0,3
259.0,143.65637961613885,255.49847967343433,34.0,40.0,-0.2874162042651467,5.76198021879474,11.601881078431287,1.201337886928367,4.0,13.63137149810791,0.0,3
285.0,172.5621550873225,281.9305392484872,21.0,40.0,-0.25774497873233887,5.408740840546073,14.258044708033545,1.1451117700838578,6.0,13.75680923461914,0.0,3
278.0,258.6772240711926,275.5603786317825,24.0,40.0,-0.2329004239894904,5.351770877838134,13.49373548521135,0.7343387130283744,4.0,13.138953208923342,0.0,3
210.0,96.10212415483629,207.82209133833607,34.0,10.0,-0.2579291334279367,5.690929889678955,7.82132292149829,1.0617924746458387,7.0,13.662251472473145,0.0,3
221.0,161.09484582107012,218.81412147697515,34.0,40.0,-0.2526759603652471,5.6742730140686035,16.044302585791158,0.3808655215333906,7.0,13.795422554016113,4806062114149.0,3
242.0,179.24484296384156,237.7563588989274,34.0,40.0,-0.2510870696937393,5.677848815917969,14.52531120673442,1.0632780168360543,7.0,13.976881980895996,1640385613684.0,3
255.0,109.3199500645802,252.20342815494038,24.0,40.0,-0.2734925268954907,5.965290546417236,13.378158665696818,0.4960283971852335,4.0,13.881834983825685,0.0,3
153.0,103.9201308297704,150.21313854592438,31.0,10.0,-0.2766210689960385,5.987939834594727,9.625113060360912,1.0562658268572567,4.0,13.986577033996582,0.0,3
132.0,5.102354519071154,131.6957814564267,34.0,40.0,-0.21972593858903133,5.727328777313232,0.4483619491400597,0.899601270659716,0.0,13.187829971313477,0.0,3
139.0,43.10532565216351,140.64489958771247,34.0,40.0,-0.20932103910889177,4.583746060933198,0.0,0.0,6.0,9.634594015879271,0.0,3
519.0,228.43451317272627,515.7440142881522,21.0,40.0,-0.30572416226206506,5.008065700531006,13.415923788910575,2.2347157098080594,4.0,13.138953208923342,0.0,3
257.0,143.03162187104388,255.93616867948197,34.0,40.0,-0.18932957405449713,5.479412639951239,13.069619684752357,0.8853805059360275,4.0,14.459595680236816,0.0,3
149.0,46.90146498090139,149.14036890966713,34.0,40.0,-0.21827074309060582,5.622495174407959,13.52703851906951,0.67826925950381,4.0,14.006169319152832,0.0,3
161.0,96.29337376950555,153.8130786078427,34.0,10.0,-0.2525873039845755,5.887852191925049,6.688223528718865,0.9808327943994104,4.0,13.986577033996582,0.0,3
261.0,156.4141352031922,257.6598028419152,34.0,40.0,-0.23928879158129643,5.32667958898452,14.38259660121908,1.3537517770203442,7.0,14.270016166538863,2866049094655.0,3
198.0,73.28333866008336,195.02139798293905,21.0,10.0,-0.2991254807017965,6.023896217346191,5.485742816615243,1.8947001722743746,4.0,13.024543762207031,0.0,3
219.0,91.0413771974879,215.65021361087074,24.0,40.0,-0.23296897936523703,5.875365257263184,11.716421794866067,0.6767440735461581,4.0,14.346285820007324,0.0,3
230.0,144.8258787538894,224.61795522997014,41.0,40.0,-0.23299330872120508,5.607002232172717,13.671964158706153,0.7810807651654622,4.0,14.240604400634766,88901196062.0,3
305.0,213.49597680765464,302.0711146069931,34.0,40.0,-0.22965213628600986,5.211073398590088,13.761657537176097,0.7260616511594067,4.0,13.287399291992188,1755609435518.0,3
251.0,110.52991660183355,245.2935244386099,34.0,40.0,-0.2551430829631348,5.717602729797363,13.777072320607195,0.8928736463111775,4.0,13.816408157348633,0.0,3
244.0,128.7753012747216,240.96496483160632,24.0,30.0,-0.25605332517952095,5.855123996734619,11.383291007942567,0.3900336110920062,6.0,14.158757314290089,0.0,3
240.0,124.24305996797223,238.07756154623115,34.0,40.0,-0.2679459838184494,5.520002365112305,13.694417004785073,0.7255956440279984,4.0,13.63137149810791,3382764676670.0,3
185.0,92.12810571746687,184.13864416484404,31.0,40.0,-0.2215163892250717,5.8151116371154785,11.191964019945734,1.9289059269759634,4.0,13.662251472473145,0.0,3
165.0,72.9738774529896,165.68005872996122,34.0,10.0,-0.31290819074645043,5.994211673736572,8.2712937251328,0.8220566296303315,4.0,14.67456531524658,0.0,3
315.0,243.4096883182067,318.9119941777376,31.0,10.0,-0.3249648649287616,5.472708225250244,6.443164406441706,3.2077913193360885,6.0,13.28739929199219,0.0,3
253.0,247.11614209939938,249.47046918720622,34.0,40.0,-0.25914708397572067,5.287802310839092,14.475871521227695,1.095883085553611,7.0,13.13895320892334,0.0,3
235.0,113.44060396875045,231.89692303829645,24.0,40.0,-0.24462299690805978,5.505928039550781,14.502646270833885,1.0066156770847132,7.0,13.631371498107908,0.0,3
231.0,170.89539187194427,226.8541849194443,34.0,40.0,-0.23597712276035493,5.448282718658446,13.629135211643215,0.8621717170984751,4.0,13.795422554016113,0.0,3
230.0,84.89653536298808,227.98527620815025,24.0,40.0,-0.2757843221188352,5.79626029116436,13.055393575028333,1.0102089009967992,4.0,14.146509170532227,0.0,3
155.0,93.65156240989546,153.37944896366707,24.0,10.0,-0.3111137241723609,5.986454963684082,8.221149196212696,1.1145168261477927,4.0,14.674565315246582,0.0,3
161.0,55.37971740800506,165.0281053293733,21.0,10.0,-0.27805249246214125,5.977583885192871,7.310004039713132,4.550379164318151,4.0,14.006169319152832,0.0,3
278.0,193.90053360731878,273.20992072767876,34.0,40.0,-0.2628473606978755,5.719106674194336,13.524746844754251,0.811867111885628,4.0,13.731599807739258,0.0,3
191.0,77.9173056818002,188.55696676898344,24.0,10.0,-0.2854843161860464,5.726583480834961,8.432417513630137,1.3452411507462854,4.0,14.346285820007324,0.0,3
236.0,194.57570292191787,235.45034249822328,41.0,10.0,-0.31143132210459634,5.217844486236572,8.760478493196636,1.430455442993137,4.0,13.441119194030762,0.0,3
186.0,70.37105956024789,182.71678731020106,34.0,10.0,-0.24953361857696837,5.926820278167725,5.78832422671473,1.2425621294946696,4.0,14.343480110168457,0.0,3
230.0,95.15512341690453,228.7931967847793,24.0,40.0,-0.22927523580363557,5.666004657745362,14.084360273272178,0.8547362996187783,7.0,14.272902488708496,0.0,3
250.0,184.11988486405116,246.45525924575063,34.0,40.0,-0.26904199477015156,5.417598724365234,13.489731182334173,0.7243279558354374,4.0,13.76390075683594,0.0,3
374.0,207.45185173150873,365.39425517043014,31.0,30.0,-0.3413848890017155,5.027198791503906,15.019586781540958,9.048966953852357,4.0,13.731599807739258,0.0,3
285.0,207.70513233612115,280.6697486306175,34.0,40.0,-0.265121971874387,5.572841644287109,13.459718133204952,0.6492953330123759,4.0,13.75680923461914,2643831748163.0,3
401.0,212.30795877623197,389.7709066702246,31.0,10.0,-0.33112272377073776,5.154557228088379,7.956576588272087,7.54212640218712,4.0,14.040412902832031,0.0,3
249.0,108.54227468260724,242.7566502543329,24.0,40.0,-0.2104929632064207,5.527416229248047,14.609042274326953,1.272605685817385,7.0,13.816408157348633,0.0,3
266.0,188.37585624127362,262.5679340040387,34.0,40.0,-0.2764977206264599,5.706715936530126,13.472616003099672,0.6480448621180879,4.0,13.731599807739258,5490717257433.0,3
377.0,234.27688593771836,388.40493924911675,41.0,10.0,-0.36682638403487544,5.008065700531006,8.671424527102936,11.178561317757339,4.0,13.13895320892334,2111405919539.0,3
284.0,240.72595330390996,281.15834877571217,31.0,40.0,-0.30777749661943316,5.167465686798096,14.302725236478963,2.756813091197404,4.0,13.13895320892334,0.0,3
188.0,91.01742770374582,185.2038747924203,34.0,10.0,-0.2419221706649758,5.7597479820251465,12.193916573119136,1.2293851287682966,7.0,13.881834983825684,1057613103685.0,3
256.0,142.18061746315908,247.47845233643784,34.0,40.0,-0.2397185589150552,5.524392127990723,13.76380505615987,1.409512640399669,4.0,13.390348434448242,447735174216.0,3
427.0,178.9332134167165,424.40863033700043,31.0,10.0,-0.3308306475081398,4.980801582336426,5.323027721473006,2.8075693036825147,4.0,13.878148078918457,0.0,3
184.0,106.55253186389474,180.76337972164856,34.0,30.0,-0.255132929041183,5.931459903717041,9.357339681197201,0.7700615317600497,4.0,14.32474422454834,0.0,3
261.0,196.4053710067532,256.1480658414374,42.0,40.0,-0.29600022260948333,5.572841644287109,13.442749893276883,0.6024459527692763,4.0,13.75680923461914,4930853219554.0,3
273.0,234.0466425678731,270.6692369256348,34.0,10.0,-0.2513901656470508,5.482956886291504,9.50599288934207,0.8171168157213778,4.0,13.208941459655762,0.0,3
213.0,38.234295388013734,212.05013554042,21.0,10.0,-0.2961669622424876,5.892858087200007,9.265061674494804,1.5000328270135461,7.0,14.623725891113281,0.0,3
314.0,213.01971665916423,308.03911894635803,24.0,40.0,-0.2236779721838504,5.211073398590088,13.309386327298105,1.0644287389332145,4.0,13.287399291992188,0.0,3
269.0,149.50073312835812,265.9566807025068,34.0,40.0,-0.2568380840781659,5.5810394287109375,12.39138771920695,0.9442559717769787,4.0,13.390348434448242,0.0,3
250.0,163.7567233104929,245.62899827111167,24.0,40.0,-0.2650594065474423,5.497192562436599,12.554500584175457,0.92699491036574,4.0,13.763900756835938,0.0,3
153.0,104.84261504752374,148.35807342996046,24.0,10.0,-0.230355601681168,5.927395820617675,4.9264625131787385,1.5735708327540148,4.0,13.986577033996582,0.0,3
169.0,30.73579841999112,165.43513353979185,31.0,10.0,-0.305459114764501,6.049091815948486,7.71435576128528,0.8940819820137968,6.0,14.522343635559082,0.0,3
145.0,52.933655440221514,144.21071769997457,34.0,40.0,-0.25874481391028414,5.622495174407959,13.925722933623492,0.8706180136703844,4.0,14.006169319152832,1749757907158.0,3
170.0,90.36578530456318,164.97341936154314,24.0,40.0,-0.2564545351411925,5.793747536123615,13.7582790268525,1.3043689330043755,4.0,13.986577033996582,0.0,3
267.0,141.85489676279025,265.35746805683414,24.0,40.0,-0.22053835969574342,5.449152469635009,13.244673375171418,0.8166974025515259,4.0,14.459595680236816,0.0,3
180.0,92.9824499103394,178.61185342388154,24.0,10.0,-0.2398934614243762,5.793747536123615,5.339343537284179,1.030164934446052,4.0,13.986577033996582,0.0,3
209.0,110.85687585325051,206.0038513520469,24.0,10.0,-0.2932692919477918,5.906524658203125,5.857025165495795,0.8221745642246963,4.0,13.986577033996582,0.0,3
236.0,109.98963356186377,231.4613741067387,24.0,40.0,-0.2843851083215053,5.505928039550782,13.19193826289333,1.4284757942195192,7.0,13.631371498107912,0.0,3
275.0,197.5492839820841,272.60904357236416,34.0,40.0,-0.2684495647151129,5.719106674194336,14.256568289641484,1.2572472967862447,7.0,13.736592742771778,0.0,3
195.0,113.23040011370401,194.47897602765718,34.0,10.0,-0.26475260231640446,5.9191741943359375,6.012972406664373,1.4657399673191756,4.0,13.986577033996582,0.0,3
164.0,100.19221059251569,159.97894228339013,24.0,10.0,-0.28608194365116574,5.897685527801514,8.309858094780935,0.9281230930508826,4.0,14.32474422454834,0.0,3
269.0,254.04939951415798,262.98337253550767,24.0,40.0,-0.29474416694468003,5.297714233398437,10.482269407142427,0.8653490066179503,6.0,13.222733497619629,0.0,3
189.0,41.46546773483869,186.1348252111906,24.0,10.0,-0.3227050838801518,5.751640197605761,7.14384495014648,1.6298078800867664,4.0,14.433333396911621,0.0,3
232.0,149.949653789864,229.37970065515032,24.0,50.0,-0.24332116292082315,5.572513580322266,13.199903870635856,1.1418663397100322,4.0,14.240604400634766,0.0,3
262.0,141.69187533254345,258.9763469896444,24.0,30.0,-0.2576335481838559,5.44915246963501,11.77741563943078,1.1192938531986176,6.0,14.459595680236816,0.0,3
288.0,199.16748970034666,282.65810746970305,24.0,50.0,-0.2180628873634755,5.719106674194335,15.175114214867087,0.8339818398675668,4.0,13.731599807739258,0.0,3
206.0,98.54656619333865,202.51284579188123,24.0,40.0,-0.2624386134577616,5.6957221031188965,13.645233410652498,1.113083526631246,4.0,13.576733589172363,0.0,3
260.0,175.83332108770117,257.021711999036,34.0,40.0,-0.252438300649827,5.621148586273193,13.489059980738462,0.7226499518461553,4.0,13.763900756835938,0.0,3
231.0,164.43972841550993,227.97161035792655,34.0,40.0,-0.24200251903253564,5.448282718658447,16.12695067271771,0.5347593124630363,7.0,13.795422554016113,2139181602879.0,3
225.0,84.96354371948675,221.36872387071867,24.0,10.0,-0.2811588261621797,5.6822710037231445,7.091359589071246,0.9715496576090982,7.0,14.146509170532227,0.0,3
263.0,267.3548187384972,259.19277521197597,34.0,40.0,-0.28205938862587365,5.347187519073486,12.865294330132372,0.835698918827606,4.0,12.830498695373533,685351683244.0,3
214.0,258.1539921853484,212.64574767806644,34.0,40.0,-0.30685130509548264,5.4153852462768555,10.351185527920215,0.7576020695678343,4.0,12.796457290649414,107762265859.0,3
173.0,103.12614442853048,171.29448293165115,24.0,40.0,-0.2618867219445702,5.903073310852051,13.084158934960398,1.2293493256970018,4.0,14.324744224548338,0.0,3
270.0,156.3311103497839,266.1222608340771,24.0,40.0,-0.24606310530044379,5.731300354003906,13.375097263087941,0.7537426257342865,4.0,13.763900756835938,0.0,3
234.0,230.94419474684233,231.58398294348655,34.0,40.0,-0.27050449629939133,5.482956886291504,13.405586551024347,0.5139663775608658,4.0,13.208941459655762,0.0,3
193.0,57.37831319854351,192.8587524888933,24.0,40.0,-0.2526348871418353,5.730371475219727,13.620305738001374,0.8643565780131354,4.0,14.281630516052246,0.0,3
285.0,144.42076464320093,285.69992718803746,31.0,40.0,-0.3012681637835763,5.752655506134033,13.819190789791055,1.5479769744776366,4.0,13.63137149810791,0.0,3
286.0,158.80691541457145,286.40941491840465,21.0,10.0,-0.29604873426465667,5.610008716583252,4.942003346528912,1.5582202296019854,4.0,13.44111919403076,0.0,3
199.0,96.61121360450319,196.45481114996952,24.0,40.0,-0.2490744850557523,5.781033459450433,13.24201603276978,0.8968342034831704,4.0,13.637841513550395,0.0,3
210.0,85.80646876837989,207.488570369858,24.0,40.0,-0.2489196111973906,5.697370529174805,13.352579334849198,0.3814483371229942,4.0,13.662251472473145,0.0,3
241.0,74.41325942964716,241.20887885009353,31.0,10.0,-0.34140043132862197,6.007594108581543,5.210996628657411,2.5274915716435276,4.0,13.660167694091797,0.0,3
246.0,148.16891951208942,244.70487866935022,34.0,40.0,-0.25852598968870044,5.702171325683594,12.438048114894539,0.8237677137558965,6.0,13.76390075683594,0.0,3
128.0,24.28033259720618,122.64316686911081,34.0,40.0,-0.19089344146007878,5.681760089038179,0.0,0.0,0.0,12.518693897822153,5028158934750.0,3
273.0,199.1081689892997,270.76293110188556,24.0,40.0,-0.27205253989713307,5.469161961379562,14.561879167153418,1.3890641899942082,7.0,13.75680923461914,0.0,3
490.0,164.72823284954057,501.5983098708532,21.0,10.0,-0.368258288495955,5.593112468719482,7.1708384569358,7.427096142339501,4.0,14.459595680236816,0.0,3
154.0,77.02470298972887,150.40444910572262,34.0,10.0,-0.27986016678499415,5.845889568328857,9.72705326308304,0.5956289018226134,4.0,14.343480110168457,2436481992301.0,3
237.0,73.99504804616862,230.44952477405525,21.0,10.0,-0.31644629419032233,5.682271003723145,5.906711978382198,4.266779945955494,4.0,14.146509170532228,0.0,3
237.0,161.86432712055168,234.56094109643914,34.0,40.0,-0.22898660454523004,5.6742730140686035,13.617167474055702,0.9808559108341665,4.0,13.795422554016113,0.0,3
219.0,40.16049419556259,216.51407266630304,21.0,10.0,-0.341383068941902,6.072933673858643,4.888284189115392,1.584415752745972,4.0,13.488478660583496,0.0,3
308.0,189.83151594898632,307.6617275241589,31.0,40.0,-0.2950075553942431,5.438047885894775,14.362965380933348,2.907413452333369,4.0,13.731599807739258,0.0,3
274.0,160.80110704047843,269.3569630276476,21.0,30.0,-0.2788595249296454,5.610008716583252,9.44502907875783,1.6853217326702312,4.0,13.441119194030762,0.0,3
281.0,188.54098009595924,278.1989498056746,24.0,40.0,-0.2696952783485917,5.384580135345459,14.27338148689473,1.1190967548748083,7.0,13.976881980895996,0.0,3
172.0,100.83753396378215,167.94951029454228,24.0,40.0,-0.25566301726212054,5.922138527648089,12.54392242552771,1.2923768844070536,4.0,13.986577033996584,0.0,3
207.0,106.10600343176996,205.94277077172725,21.0,10.0,-0.26519437448222793,5.690929889678955,8.070891860886265,2.423804994681577,6.0,13.662251472473141,0.0,3
251.0,179.03517734791492,247.38736738024105,24.0,30.0,-0.2790812581076015,5.417598724365234,7.594259727928775,0.7703946316982692,4.0,13.795422554016112,0.0,3
161.0,87.24510013752739,158.59099975212533,24.0,40.0,-0.256577545363213,5.847838878631592,10.315393898568342,1.5611805836338617,4.0,14.343480110168459,0.0,3
259.0,156.56083301749698,256.4235520746531,34.0,40.0,-0.24649381874992976,5.731300354003906,13.84026762475548,1.0458745413407327,4.0,13.763900756835938,0.0,3
186.0,68.93584065884274,183.77568130340958,24.0,40.0,-0.2245289795503987,5.563080787658691,13.623145202862991,1.0578630071574808,4.0,13.760679570910995,0.0,3
257.0,191.62177015485275,252.131171739195,41.0,40.0,-0.2617279703898668,5.592510223388672,13.299941287278514,0.926139958454328,4.0,13.756809234619139,164466572940.0,3
307.0,200.8311447418841,305.7684065942451,31.0,30.0,-0.3081936673116678,5.246020793914795,12.534932853355238,1.837066140569969,4.0,13.976881980895996,0.0,3
263.0,190.49731525533787,261.0136037533041,34.0,40.0,-0.2637329694101159,5.384580135345459,13.569285594343679,0.9232139858591986,4.0,13.023961067199707,799061556330.0,3
269.0,256.8811767579181,267.9996244134001,24.0,40.0,-0.2987134323061139,5.33054256439209,11.059632529672113,1.1627799543171982,6.0,13.222733497619629,0.0,3
246.0,99.17717814907363,244.192901062182,24.0,10.0,-0.24478898774136332,5.717602729797363,5.993767873245677,1.5353905569002506,7.0,14.258720140549736,0.0,3
261.0,125.45283247515466,262.3744274473742,24.0,10.0,-0.2613122080469218,5.611311912536621,6.182437561359653,1.281602614663794,6.0,13.816408157348633,0.0,3
236.0,105.0460497860861,235.17302408727016,21.0,30.0,-0.2478553248036019,5.588516712188721,12.625667566178144,1.2524585816244649,7.0,13.816408157348633,0.0,3
158.0,20.104676983162676,156.93827375231115,31.0,10.0,-0.28036607154618376,5.972259521484375,9.199324544455763,1.6962765160798055,4.0,14.623725891113281,433141082195.0,3
267.0,159.09611531025777,264.2451520154476,24.0,40.0,-0.25522875341111495,5.702171325683594,14.332403623314203,1.3310090582855023,6.0,13.763900756835938,0.0,3
284.0,189.44429352473924,279.98374484996083,41.0,40.0,-0.2578103073445672,5.298759460449219,14.172843743857115,0.9321093596427861,6.0,13.75680923461914,0.0,3
179.0,42.49874694429997,174.30579366662403,11.0,10.0,-0.27490290965246295,5.7128682136535645,5.713136714377735,3.213264714525265,4.0,12.716801643371582,0.0,3
240.0,168.5093816359002,235.6638345415247,34.0,40.0,-0.2666131975363351,5.448282718658447,13.473599907619109,0.6049999020441775,4.0,13.795422554016113,327251488266.0,3
189.0,94.52665190106089,187.69680145624903,21.0,40.0,-0.2767876850938779,5.7597479820251465,14.051665552042,1.9612293143382793,4.0,13.881834983825684,1435619920961.0,3
244.0,97.05685848880071,239.0810416334119,24.0,30.0,-0.2479988988817399,5.662871484887107,12.158661061845837,1.0158440364471184,6.0,13.662251472473145,0.0,3
228.0,103.63858835589524,224.41175443109216,24.0,40.0,-0.23560434294707702,5.616158962249756,14.566005643938965,1.1650141098474116,7.0,14.272902488708496,0.0,3
196.0,254.02234915535016,194.79986452411373,34.0,40.0,-0.27420087236366547,5.733993530273437,14.04859316312564,0.7136588729427492,7.0,12.727168759096017,121674555434.0,3
257.0,176.0588828736278,253.80449130919118,34.0,40.0,-0.282148613922931,5.400402545928955,11.856579174087857,1.1765190882986598,7.0,13.856376127594885,2749019432811.0,3
310.0,201.58702211040872,341.74329595899496,21.0,10.0,-0.3581854783326562,5.303940296173096,9.58325206498096,9.872413976789673,4.0,13.878148078918457,0.0,3
152.0,85.75728044927625,151.08651807632577,34.0,40.0,-0.3042244409251235,5.986454963684082,4.493023962470324,0.4489982623403236,4.0,14.348559379577637,0.0,3
225.0,276.3358918483474,225.91989451876535,34.0,40.0,-0.24520947048639982,5.111889839172363,11.465872054492014,0.6680050464573206,4.0,12.796457290649414,0.0,3
269.0,151.58042095479883,265.7470713206882,34.0,40.0,-0.2775509453395336,5.672090354031078,13.483584970291476,0.7089624257286906,4.0,13.3222074508667,0.0,3
253.0,132.2709278646853,249.28122169037005,24.0,40.0,-0.22109744929779024,5.489143371582031,14.965656184769616,0.9888179456320509,4.0,14.459595680236815,0.0,3
183.0,80.0586862121763,182.58448827180123,31.0,10.0,-0.2617111603996354,6.007594108581543,5.505045225148848,1.7843579757592467,4.0,13.660167694091797,0.0,3
245.0,120.14087502734353,242.52221544897125,24.0,40.0,-0.26340312274716166,5.808485507965088,13.546402698583563,0.8660067464589053,4.0,13.741429099295905,0.0,3
429.0,181.31453341935793,437.9462357925024,31.0,10.0,-0.37495965566830425,4.980801582336426,6.7551792061774405,6.387948015443601,4.0,13.878148078918457,0.0,3
179.0,68.09875556772838,176.9290410265674,34.0,40.0,-0.23740453059518907,5.726583480834961,13.533002953998015,0.8325073849950355,4.0,14.346285820007324,2191661430825.0,3
295.0,232.7887695767503,291.0314277690527,34.0,40.0,-0.2642750987978531,5.057789325714111,14.064913615692742,1.2548428901428743,4.0,13.287399291992188,0.0,3
141.0,7.215533980582524,140.75449297976394,21.0,40.0,-0.23372712649988742,5.347776412963868,13.649068932780603,1.1226723319515082,4.0,12.39930534362793,0.0,3
239.0,116.79487714326453,234.2215140962558,31.0,40.0,-0.26771380957778373,5.505928039550781,14.46512286839737,0.9128071709934192,7.0,13.63137149810791,0.0,3
473.0,207.6796342452818,476.07363454801276,11.0,10.0,-0.32919430228081287,5.154557228088379,12.61449983779691,14.855587272375105,7.0,14.040412902832031,0.0,3
163.0,34.82641990358928,160.05350463031104,34.0,40.0,-0.27296543489556474,5.731080055236816,13.72922500369873,1.0609265869167093,4.0,14.433333396911621,3943767032543.0,3
287.0,192.7512526083915,284.81051412512124,34.0,40.0,-0.282585799119339,5.438047885894776,13.495613112971569,0.7390327824289301,4.0,13.731599807739258,2015327290035.0,3
272.0,152.25394305585033,271.70969829800305,24.0,40.0,-0.27052972686387355,5.261159896850586,14.475967908597447,1.0114984388696342,7.0,14.459595680236816,0.0,3
163.0,66.05099347392962,160.19162746936288,24.0,10.0,-0.21854998777482973,5.457555294036865,5.220585663256875,0.983436494888901,4.0,13.452926635742188,0.0,3
245.0,89.17092332030394,241.37199957170668,24.0,10.0,-0.28440907574552854,5.726686000823975,10.9479398858756,1.2379904248895488,7.0,14.146509170532227,0.0,3
266.0,148.02670680236332,260.8467618442784,34.0,40.0,-0.27549930212265916,5.5810394287109375,13.705075542431182,1.2626888560779537,4.0,13.390348434448242,1122856735567.0,3
213.0,275.72134310295723,210.21795982039185,42.0,80.0,-0.19301667053231158,5.111889839172363,9.41801916151736,0.7053760935103162,0.0,12.796457290649412,3007455022948.0,3
283.0,211.87243484332998,281.10854716310473,34.0,30.0,-0.24227160381492363,5.585015296936035,12.208867762687737,0.5975783706773536,4.0,13.75680923461914,0.0,3
221.0,91.67417217252468,217.45893531106287,24.0,40.0,-0.266184517579885,5.875365257263184,9.796976296348943,1.1040912263094462,4.0,14.346285820007326,0.0,3
295.0,203.15856841403067,289.31232793833095,31.0,40.0,-0.29320484114891815,5.128495216369629,14.521494128217977,1.1298026167279402,7.0,13.75680923461914,0.0,3
206.0,239.6612572483656,206.04475798355105,24.0,40.0,-0.29791103986955547,5.5324015617370605,14.071514221118594,1.1213643531688975,6.0,13.482061386108398,0.0,3
153.0,75.55389193710509,150.1803368153538,24.0,40.0,-0.22455726088853128,5.071003716244678,0.705489552890143,0.06786007054832621,4.0,12.662819919111781,0.0,3
228.0,151.8071576955378,224.6006167059076,24.0,40.0,-0.2534618785120032,5.61734094619751,12.629406713394182,0.792694865677461,4.0,13.795422554016113,0.0,3
306.0,210.0406229643322,303.7762069513418,21.0,30.0,-0.26240699680217133,5.447501182556152,11.107820605481779,0.6210078243840539,6.0,13.736592742771778,0.0,3
338.0,225.47834389760163,336.4696496723274,34.0,40.0,-0.24639733172046502,5.057789325714111,14.294880687124728,1.2372017178118124,6.0,14.040412902832031,0.0,3
271.0,156.8470116279254,268.7637398879218,24.0,40.0,-0.26386910271479647,5.702171325683594,14.204523342615555,1.011308356538888,6.0,13.763900756835938,0.0,3
172.0,100.86737286624893,169.464224641731,24.0,40.0,-0.28301548360906226,5.903073310852052,11.12125610165658,1.0872205839716647,4.0,14.32474422454834,0.0,3
242.0,269.62694964611734,240.2017253434853,34.0,40.0,-0.25632157279291223,5.194586753845215,13.829994604449938,0.42689500959538607,6.0,13.166373545452231,3710734067634.0,3
243.0,149.06941059561024,237.6254385427522,24.0,50.0,-0.2005907335339557,5.5725135803222665,16.62173121248127,1.0567219665669152,4.0,14.240604400634766,0.0,3
225.0,173.90159610854946,223.11886311310485,41.0,40.0,-0.25485473311411966,5.113445281982422,14.4368897270335,0.8422243175837494,7.0,13.441119194030762,2142239889113.0,3
153.0,91.99801067413946,151.4770416572288,24.0,40.0,-0.23661015464248406,5.88785219192505,13.45144887304532,0.628622182613304,4.0,13.986577033996582,0.0,3
250.0,174.48703997611585,245.0990416429258,34.0,40.0,-0.293134280317466,5.621148586273193,13.50907117517027,0.7726779379256761,4.0,13.763900756835938,2285746290559.0,3
136.0,44.911846391568794,132.22855397714136,24.0,40.0,-0.22253215820140262,5.87106990814209,14.218063374078733,0.4885684631260504,4.0,14.006169319152832,0.0,3
203.0,251.75746065288791,202.91451763361596,34.0,40.0,-0.2949121439452184,5.677929643082292,11.967493422135718,1.1551213728682386,4.0,12.796457290649414,1190465541167.0,3
190.0,114.42062862556809,186.16435007835315,24.0,40.0,-0.28369098144225124,5.927003860473634,10.700554018674545,1.1486453206587566,4.0,14.32474422454834,0.0,3
289.0,200.13966945176256,284.42392692662315,41.0,40.0,-0.2460730652167674,5.151819085421627,13.53216046222776,0.8304011555694005,4.0,13.75680923461914,3552650710902.0,3
286.0,252.2459288914105,282.84865119935085,24.0,40.0,-0.25300480357223476,5.2977142333984375,14.230569226704691,1.07642306676173,6.0,13.225293829834577,0.0,3
265.0,169.74160231695132,262.5558072422584,24.0,40.0,-0.24234252222152852,5.621148586273193,13.590663458672207,0.97665864668052,4.0,13.763900756835938,0.0,3
131.0,28.3907565972668,131.3177310392124,34.0,40.0,-0.16511542130371154,5.527696137289398,2.48792627196724,1.1261948165400169,0.0,12.594583511352539,0.0,3
275.0,153.0409883157054,271.13099077389364,21.0,40.0,-0.17428789480773588,5.261159896850586,13.652012496191755,1.9287278756703636,6.0,14.459595680236816,0.0,3
197.0,83.43987993414247,194.68651295055776,24.0,30.0,-0.2566724928163558,5.699049949645996,12.48546929119151,0.7529603672259149,6.0,14.29225878519555,0.0,3
215.0,253.3292137433626,212.59590799012292,24.0,40.0,-0.25418474155230825,5.7339935302734375,14.168874320539961,0.6061863333355452,6.0,12.796457290649416,0.0,3
158.0,94.23876767262585,157.5117241870726,24.0,40.0,-0.2381990583046947,5.887852191925049,13.588940279578607,0.9723506989465188,4.0,13.986577033996582,0.0,3
524.0,202.82232680037546,522.6887412045735,21.0,40.0,-0.3341681799866096,5.027198791503906,13.070091750263828,2.1409828003170355,4.0,13.731599807739258,0.0,3
140.0,30.330461802343564,139.38488641762478,34.0,10.0,-0.2172914208028048,5.341612339019775,4.557162446938906,0.5870808746288649,4.0,14.006169319152832,0.0,3
272.0,161.54376603993586,268.61105779015435,24.0,40.0,-0.25098729227622585,5.603301048278809,14.214496636502306,1.0362415912557583,6.0,13.763900756835938,0.0,3
283.0,196.69290656892414,276.8107432930976,24.0,40.0,-0.2689858745555165,5.424427973080988,11.213431231816102,0.9673458678098706,4.0,13.99258041381836,0.0,3
189.0,53.313859593689,189.81342039781782,21.0,10.0,-0.3230936914630861,5.859255790710449,5.655622949363144,1.8866966871461208,4.0,14.498650603098408,0.0,3
227.0,116.10543840206739,226.9242953710788,21.0,10.0,-0.2876178560025163,5.738168716430664,6.229284316831047,1.1738491748412807,4.0,13.576733589172363,0.0,3
236.0,97.211466303631,232.23469876475679,24.0,10.0,-0.22984734347509064,5.717602729797363,8.43504620626531,0.9428090254381171,4.0,14.272902488708498,0.0,3
295.0,200.0688630934388,286.3089063824768,31.0,40.0,-0.30179709807991534,5.468395807971694,11.99179345548719,2.010139311014751,4.0,14.006605085354407,0.0,3
245.0,181.8423086508128,242.47667542031547,34.0,40.0,-0.2737849717540361,5.621148586273193,13.120609530000099,0.7818403564539205,4.0,13.759334982258,0.0,3
176.0,84.54056215347514,171.391793316307,24.0,40.0,-0.2781745674176044,6.002326488494873,13.309318229041388,0.9603550219983017,4.0,14.674565315246582,0.0,3
300.0,199.8306317298088,294.8275278360576,24.0,40.0,-0.3047765388373348,5.128495216369629,13.689770604759033,0.5732760929588869,6.0,13.75680923461914,0.0,3
319.0,249.6658068079572,324.63467320288606,21.0,10.0,-0.30823822128739436,5.30690336227417,9.699921913004914,7.445854789162113,4.0,13.13895320892334,0.0,3
222.0,140.90936345974575,219.50520170028898,24.0,40.0,-0.23172591753201952,5.679248332977293,14.046390805048485,0.9570729030321732,4.0,14.240604400634766,0.0,3
287.0,237.9339745467991,285.83525080538135,31.0,40.0,-0.2639086438067208,5.472708225250244,14.426562704445756,1.5664067611143833,6.0,13.287399291992188,0.0,3
535.0,207.74668516265137,530.8733314097127,31.0,40.0,-0.2918075943598795,4.995950698852539,13.240522273400124,2.2678171876897815,4.0,13.878148078918457,0.0,3
192.0,71.97008258412802,190.5427168677567,31.0,10.0,-0.2709960093395493,6.007594108581544,4.986695781943168,1.9667394548579191,4.0,13.024543762207033,2838576612834.0,3
223.0,94.68748120526699,220.63655641669678,34.0,30.0,-0.2623393833137822,5.697370529174805,9.345029882172774,0.9403776047537061,4.0,13.816408157348633,0.0,3
231.0,281.3788256373358,229.75617962286879,24.0,40.0,-0.24347439407192498,5.374354839324951,12.45698838539875,0.8184119130912211,4.0,12.830498695373535,0.0,3
175.0,75.63409840376788,176.22330079716022,34.0,40.0,-0.30816752413102766,5.726583480834961,13.585207831044997,0.9630195776124915,4.0,14.29225878519555,0.0,3
197.0,110.50431432546533,194.69358041537282,24.0,40.0,-0.28014099282269656,5.927003860473633,12.596120358029037,1.2624780462894485,4.0,14.32474422454834,0.0,3
216.0,253.38012264052225,215.82514397526913,34.0,40.0,-0.2447961170997751,5.428263187408447,13.620257621959956,0.6807411422785286,4.0,12.796457290649412,0.0,3
240.0,80.62064937168623,237.80288551392434,31.0,40.0,-0.2725680059020951,5.842020034790039,13.852010179016876,1.6300254475421914,4.0,13.660167694091797,0.0,4
170.0,50.77066780321988,166.7854880550975,31.0,40.0,-0.2319387539711878,5.881823539733888,13.794510355298891,1.056664237761757,4.0,12.716801643371582,0.0,4
144.0,36.188105976105156,141.9928261912271,34.0,40.0,-0.2301381362417561,5.7128682136535645,13.472995306856689,1.1046188696154733,4.0,12.716801643371582,0.0,4
147.0,23.20523396794374,145.26414909824473,34.0,40.0,-0.298616875187484,5.993587970733643,14.209384409708132,0.7168378030973251,7.0,14.433333396911621,2806847663455.0,4
215.0,90.96548859432333,210.95160338762895,34.0,40.0,-0.26698839728114676,5.666004657745361,14.11982718097353,1.1155873699095642,7.0,14.272902488708496,5849745449273.0,4
225.0,69.67453026192024,224.72454556448537,24.0,40.0,-0.28341080234047267,5.855498777676935,13.4375304393436,0.5938260983589994,4.0,13.510054588317871,0.0,4
161.0,38.67029807803242,158.90580801057578,34.0,40.0,-0.24029590407217225,5.459370613098145,14.184574188133983,1.2734450460764433,7.0,12.84585189819336,0.0,4
223.0,118.26935948713795,220.09445206867548,41.0,40.0,-0.24325526212342719,5.808485507965088,13.638059928396594,1.0951498209914876,4.0,13.576733589172362,72538621652.0,4
199.0,52.48221408486042,197.28004473465438,24.0,40.0,-0.2884444260663809,6.035129547119141,12.550043696517541,1.593555843235574,6.0,14.522343635559084,0.0,4
256.0,115.42536655780393,246.90328293201824,34.0,40.0,-0.23379053777163744,5.55265998840332,14.412682234827123,0.7948123831843458,7.0,13.816408157348633,21585080989.0,4
260.0,160.0891370657022,255.69183813400252,34.0,40.0,-0.2486072735831466,5.486076354980469,14.631987326597017,1.3299683164925393,7.0,13.441119194030762,2787534647729.0,4
175.0,99.2375558605835,172.5257749845411,41.0,40.0,-0.28161302885883677,5.938195705413818,10.183364835554594,0.6307089368718868,4.0,14.32474422454834,4835897828433.0,4
162.0,74.96772499919618,159.34407076373304,34.0,40.0,-0.2854823043283299,5.968949794769287,13.478922440958467,0.6973061023961706,4.0,14.281630516052246,384357245447.0,4
177.0,32.78987021123043,176.4099853645505,24.0,40.0,-0.2249726923939905,5.722415447235107,13.773332602672077,0.5539592497311275,4.0,12.84585189819336,0.0,4
189.0,86.13297047530935,188.93269125726212,34.0,30.0,-0.23548982862676834,5.771101474761963,13.706227518678679,0.7711213967761602,7.0,14.146509170532227,0.0,4
190.0,91.18131435997076,186.65885097312398,31.0,40.0,-0.2471801189883844,6.14236307144165,13.802942011422624,1.4894005133284791,4.0,13.369390487670898,10292155957.0,4
162.0,112.90350310270635,160.5473791504715,34.0,40.0,-0.27379991349775534,5.987939834594727,13.969642166879574,1.2315399164674274,7.0,13.986577033996582,0.0,4
149.0,14.814175793701377,145.54366330799877,34.0,40.0,-0.2906618636717329,5.993587970733643,13.997629060829514,0.9829342028121082,7.0,14.433333396911621,0.0,4
217.0,120.74974858202364,212.04994248051426,34.0,40.0,-0.2222099760203685,5.808485507965088,13.42048905251302,1.0371915101227966,4.0,13.576733589172365,5189261849409.0,4
184.0,70.68053552487089,183.57168416143622,34.0,40.0,-0.24328771144377612,5.563080787658691,14.211808579937387,1.121887455961301,6.0,12.84585189819336,0.0,4
226.0,47.24866833512272,228.3987693055044,31.0,10.0,-0.33536797051560563,5.877217864990233,5.766831147442135,3.6787217042217772,4.0,14.378211021423338,0.0,4
154.0,80.73196911155922,153.94467526788594,34.0,40.0,-0.2642916291472535,5.862268580279304,13.586960942965588,0.9674023574139701,4.0,14.281630516052246,0.0,4
136.0,103.12352144590497,133.67867510461124,34.0,40.0,-0.2511042302673297,5.927395820617676,13.450035153692232,0.6250878842305793,4.0,14.21951961517334,3707186822.0,4
258.0,130.2968321356065,254.24608272162348,24.0,40.0,-0.23006655942895876,5.850787868238477,13.979521459194402,0.448803647986,6.0,13.480916023254395,0.0,4
188.0,45.271114189797274,183.0828781060961,24.0,40.0,-0.266029646632392,5.915119171142578,14.237104652456441,1.2530156542827107,7.0,14.37821102142334,0.0,4
132.0,3.816426858355377,128.90019238859213,41.0,30.0,-0.013068377170259153,5.9369306564331055,6.7226137480944335,0.7205278819617975,4.0,13.244415283203127,1874111462021.0,4
191.0,28.872444079956516,188.25134954339617,21.0,40.0,-0.27814898867210053,5.939245223999023,14.182642144995778,0.4793344488041442,7.0,14.623725891113281,0.0,4
254.0,53.80166080781936,262.2667442219301,11.0,10.0,-0.3424008714144412,5.788282394409181,7.214370814385697,7.53592703596424,4.0,13.024543762207031,0.0,4
224.0,113.05884952186028,221.55474066528203,34.0,40.0,-0.26227129044360276,5.872441291809082,13.613932056420024,1.03483014105006,4.0,13.167326927185059,0.0,4
173.0,62.82245532312571,171.53418192304753,41.0,40.0,-0.23076226798710223,5.563080787658691,12.313096733131088,0.8378023461936406,6.0,12.84585189819336,2311288522359.0,4
167.0,67.40615197024987,164.60531599894856,34.0,40.0,-0.24778683679680003,5.542742729187012,13.470765283427065,0.6769132085676646,4.0,12.845851898193358,509857571983.0,4
181.0,49.38150627046659,179.91738577009534,24.0,60.0,-0.20099694162611145,5.7278688023391275,19.582236669767823,0.9555916744195552,4.0,12.845851898193358,0.0,4
195.0,34.07426333957043,191.59997819082935,21.0,40.0,-0.24909863771553895,5.939245223999023,14.683697683172243,1.761877536830755,7.0,14.623725891113281,0.0,4
229.0,170.22412625234028,226.29966340438534,41.0,60.0,-0.23366248965548758,5.448282718658447,17.221158430492686,0.288831705969527,7.0,13.795422554016113,2280017001884.0,4
271.0,150.3797508392669,267.4646491258603,34.0,40.0,-0.2763448830859936,5.5810394287109375,13.946840026080249,0.8196934951780199,7.0,13.390348434448242,0.0,4
216.0,127.01481549859828,211.36738481264126,34.0,40.0,-0.2576034165959454,5.670567035675049,14.348984349370399,1.1464334761657122,7.0,14.240604400634766,1918074013609.0,4
162.0,21.067559002844842,156.17759265557217,24.0,40.0,-0.2535602926708531,5.972259521484375,14.507076797394028,1.017691993485069,7.0,13.244415283203123,0.0,4
240.0,134.90100186283027,235.94609185741504,34.0,40.0,-0.21901470642209378,5.80090618133545,14.25053412458684,1.1263353114671,6.0,13.480916023254395,0.0,4
217.0,96.06110537888799,215.5701585102247,24.0,40.0,-0.25431248499827425,5.7884721755981445,13.85839293665734,0.9739448366559667,6.0,14.324744224548338,0.0,4
153.0,91.12782724383703,153.00385494036848,34.0,40.0,-0.25423680757973766,5.847838878631592,12.704432709473737,1.1179709876752182,4.0,13.986577033996582,0.0,4
244.0,126.00335756193459,236.67323683931377,34.0,40.0,-0.21510525548580317,5.6144819259643555,13.68621158434334,1.2155289608583566,4.0,13.390348434448242,0.0,4
162.0,87.91846100446709,160.34174387450224,24.0,40.0,-0.23659069883504746,5.847838878631592,14.2347767751346,0.9552954422918701,7.0,13.986577033996582,0.0,4
133.0,34.54263989545214,134.20670432917592,34.0,40.0,-0.22281249552422125,5.946240425109864,14.1419071189776,1.1275168332200236,7.0,14.006169319152832,1192933876732.0,4
166.0,60.40482990720718,162.30996286864308,41.0,60.0,-0.23561959162855806,5.890290864000044,17.90237546380045,0.9999870701940541,4.0,14.40387847325573,1742063752234.0,4
157.0,39.95107082220272,151.18319859951828,34.0,40.0,-0.26246078815457646,6.066114902496339,13.561346304723413,0.4400993700015363,4.0,14.522343635559082,0.0,4
217.0,130.03140842567717,213.75522854147096,34.0,40.0,-0.255483915853697,5.855123996734619,13.429858592264923,0.5746464806623073,4.0,14.240604400634766,5239271742368.0,4
154.0,82.8275925055496,152.05762208882024,24.0,40.0,-0.2985998560700869,5.986454963684082,13.718864782864552,1.085657767774495,4.0,14.674565315246582,0.0,4
265.0,174.28110583447278,262.64092346264465,31.0,40.0,-0.33829021121628233,5.455449143501173,13.24621809321862,0.6656715796355047,6.0,13.441119194030762,25265306451.0,4
200.0,84.21720511505835,190.87840794612634,34.0,40.0,-0.23952308477738987,5.771101474761962,13.5897757996167,0.9345405763126804,4.0,14.272902488708496,0.0,4
121.0,36.7167305679765,120.11081823832748,34.0,40.0,-0.21826185464763864,5.946240425109863,13.500195422693839,0.7504885567345981,4.0,12.883625984191895,4440053787572.0,4
231.0,136.56989461772946,227.6814551041821,41.0,40.0,-0.2345103687841475,5.931555271148682,14.093082359869253,0.7327058996731323,6.0,13.763900756835938,4068410078873.0,4
166.0,35.89724927206272,162.7854154545951,34.0,40.0,-0.2599313208136983,6.049091815948485,14.118985426851145,0.5919841150730715,6.0,14.52234363555908,0.0,4
156.0,82.5101280053511,154.84885900948714,24.0,40.0,-0.26085337804089664,5.887852191925049,14.677291486676364,1.0343645060247897,4.0,14.281630516052246,0.0,4
226.0,95.77478980591786,222.9153618856319,34.0,40.0,-0.2650762903379592,5.875365257263184,13.445342819586381,0.6133570489659561,4.0,13.881834983825684,127965462995.0,4
178.0,26.47706902778401,175.60159760921724,21.0,40.0,-0.2922938475521306,5.788290500640869,13.127585611887692,1.907313544281883,6.0,13.187829971313477,0.0,4
125.0,5.6717111883029485,123.5,34.0,80.0,0.07423396386222944,5.671998977661133,0.0,0.0,0.0,12.39930534362793,2331257292807.0,4
208.0,73.99464228693564,206.1666496381369,34.0,30.0,-0.24775318050221184,5.706525325775144,12.759112642758522,1.1847679082661509,7.0,14.272902488708496,0.0,4
136.0,25.899941701358816,137.77863506485082,24.0,40.0,-0.24110267186659445,5.909002780914306,13.562420612842029,0.906051532105073,4.0,12.883625984191893,0.0,4
156.0,90.23520927828844,154.0014949591081,34.0,40.0,-0.2613134375566149,5.847838878631592,13.753354830776765,1.0903095400353984,4.0,14.21951961517334,823507740336.0,4
181.0,22.162242164060796,183.05212309804728,21.0,40.0,-0.24645866500061453,5.9281134605407715,14.244858285883906,1.5927481884429164,4.0,14.623725891113281,0.0,4
151.0,101.95529587232281,149.08349195790595,34.0,40.0,-0.26012850543780086,5.897685527801514,13.59923419698405,0.9980854924601271,4.0,14.32474422454834,3088702392880.0,4
177.0,77.40551837464807,175.25534166350513,24.0,40.0,-0.24635607878417382,5.845889568328857,14.48421216151199,1.2075845333185122,7.0,14.343480110168457,0.0,4
180.0,46.55237153527271,177.32616674760845,34.0,40.0,-0.2763347349152281,6.072933673858643,12.250210219847492,1.680732359035089,6.0,13.266044120266006,0.0,4
218.0,107.52773839725288,212.0749532276211,41.0,40.0,-0.2260595555079731,5.588516712188721,13.863049703145967,1.650442451773674,4.0,13.816408157348633,4835459134843.0,4
150.0,25.92967771486825,146.37096765139984,42.0,40.0,-0.2702018625797442,5.993587970733643,13.516765559034749,0.5279825237339546,4.0,14.433333396911621,1747051489363.0,4
171.0,25.39117890596342,167.34361010131758,34.0,40.0,-0.2550644618341752,5.939245223999023,13.770520098815338,1.1454916288710377,4.0,14.623725891113281,0.0,4
223.0,110.91900485843314,219.97366352733235,34.0,40.0,-0.25563770754609344,5.505928039550781,14.019925317873371,0.7871919354601075,7.0,13.63137149810791,2493566271449.0,4
247.0,137.9696944313031,246.41445172230343,34.0,40.0,-0.2535678348368129,5.524392127990723,14.18256446909914,1.2469950269837837,7.0,14.459595680236816,1658649992191.0,4
194.0,96.7136881954329,192.1136965252805,41.0,40.0,-0.2569548307541351,5.7884721755981445,14.380078085050043,0.8700449266828774,7.0,13.576733589172363,0.0,4
186.0,57.36686624694724,183.78210407657375,24.0,50.0,-0.14457134154069945,5.69011926651001,16.270424044160542,0.8888543649562588,4.0,12.84585189819336,0.0,4
224.0,64.16746472306774,226.65491328218474,31.0,10.0,-0.29129154314495753,5.992229461669922,6.99699485503326,1.8215867518934752,4.0,13.024543762207031,0.0,4
177.0,67.55175428845189,175.17553404341166,24.0,40.0,-0.2761748872914361,5.994211673736571,12.91296799617366,0.6397813416776681,4.0,14.674565315246582,0.0,4
156.0,35.852555980984405,154.56431711944973,24.0,40.0,-0.21791046841226364,5.565328598022461,13.765579476621905,1.1157042441548564,4.0,12.716801643371582,0.0,4
182.0,54.95109809278367,178.4614793933981,21.0,40.0,-0.2177733572802652,5.754555225372315,14.342626071310473,1.3565651782761774,6.0,14.281630516052246,0.0,4
188.0,78.44764279658358,186.39004854368923,34.0,40.0,-0.2578795169742374,5.771101474761963,14.530203094019477,1.075507735048694,7.0,14.146509170532227,0.0,4
137.0,18.380582524271844,135.85730954117105,41.0,40.0,-0.20451836420597527,5.677698135375977,12.142402224935662,1.3443018783389888,4.0,12.39930534362793,0.0,4
160.0,19.181715389084243,155.68679131032113,34.0,40.0,-0.235108989782355,5.341612339019775,9.70554819777508,2.2594550136556473,4.0,12.830549749609544,0.0,4
167.0,57.29399937259276,165.19926854816123,41.0,40.0,-0.23271453120255353,5.7545552253723145,13.975843922712661,0.3553432819778175,6.0,14.281630516052246,5595577522256.0,4
237.0,118.91453173757779,234.3748529806847,34.0,40.0,-0.2795075672978276,5.819652080535889,14.306746166083128,0.6217197841398794,7.0,13.480916023254395,2912340833770.0,4
163.0,50.79986094862485,162.22197265056778,34.0,40.0,-0.2666445870842764,5.690119266510011,12.682872042875406,0.8545401284678542,4.0,12.84585189819336,0.0,4
157.0,71.51091292563649,153.89289603991185,34.0,40.0,-0.22695825776571552,5.965659618377686,14.64761411925516,0.7689555002925204,7.0,14.343480110168457,2777019946783.0,4
265.0,146.42063049676437,260.79199167569436,34.0,40.0,-0.2496517768069014,5.5810394287109375,14.203515114713852,0.690294636099685,7.0,13.390348434448242,0.0,4
268.0,84.48299429476643,264.88390283514866,31.0,40.0,-0.2671678504406063,5.868802070617676,10.775797712257596,1.4654285804184508,4.0,13.369390487670898,0.0,4
231.0,105.52106892918925,230.54143482466492,34.0,40.0,-0.25628044948185963,5.717602729797362,14.356050759536313,0.8843083059427873,7.0,13.816408157348633,0.0,4
162.0,36.79457134613946,164.26645910722476,21.0,40.0,-0.3025264498844698,5.959621064601739,4.946666668253917,0.837074969610444,7.0,14.267396254272512,0.0,4
243.0,114.96440860958859,239.82901539123336,41.0,40.0,-0.2349552796371024,5.616158962249756,13.53569591929611,0.9099007903934894,4.0,14.272902488708496,4190044649362.0,4
198.0,58.987437616464,196.4109942434569,34.0,30.0,-0.241624368526847,5.621962547302246,12.703824542266029,0.8519406614238301,6.0,14.346285820007324,0.0,4
155.0,88.52153447720727,151.8626717824287,41.0,40.0,-0.2256411085818133,5.771417617797852,13.877145369756498,0.6312129389543727,4.0,13.986577033996582,2796371576159.0,4
246.0,113.56475970872768,240.6131049672535,24.0,40.0,-0.2560372478583183,5.9183502197265625,12.593014541726967,0.9482897789748816,4.0,13.480916023254395,0.0,4
191.0,68.98123588512448,187.91363014640243,34.0,40.0,-0.26464531849651124,5.778915041395761,13.574079423953375,0.9351985598834407,4.0,14.378211021423338,3416203387839.0,4
170.0,37.97703348145236,167.77635759550745,34.0,40.0,-0.24219562546903098,5.775990845405891,13.651466851345111,0.6212725280169563,4.0,13.024543762207031,2363566368532.0,4
174.0,33.198421514325304,171.23470103723895,24.0,40.0,-0.2700793557319892,5.904160976409911,14.530297398294506,1.075743495736267,7.0,14.522343635559082,0.0,4
257.0,146.70067680454818,254.96779371977715,34.0,40.0,-0.24489486770579827,5.581039428710938,14.166268290358495,0.7592469993368949,7.0,13.39034843444824,4409788862057.0,4
219.0,98.47923769161315,216.41147976720686,34.0,40.0,-0.2550388366447703,5.666004657745361,14.60126882908239,1.3874718466120792,7.0,14.272902488708496,2763726625768.0,4
167.0,46.517215070758894,164.71791318560378,31.0,40.0,-0.29293765884112294,5.859255790710449,13.94573492054484,1.580655960758261,4.0,14.498650603098408,1189160428917.0,4
147.0,48.39446015648002,144.06664077143898,34.0,40.0,-0.19576510522637952,5.636684417724609,14.190143471514741,0.5961194182468179,4.0,12.84585189819336,3521637837308.0,4
127.0,47.098478969007516,126.95476259986744,24.0,40.0,-0.21367642365288048,5.87106990814209,14.041948054412934,0.9001221642276888,4.0,13.28251031486733,0.0,4
110.0,39.743578773325986,107.99156777135491,34.0,40.0,-0.258587748067526,5.928748607635498,13.242958892156238,0.916068596263796,4.0,12.883625984191895,441215780653.0,4
203.0,114.60607455475844,201.14859574819315,34.0,40.0,-0.2503712646487797,5.6957221031188965,11.980606446731066,0.6501462538138683,4.0,13.576733589172363,0.0,4
208.0,24.44638491267532,211.69220629191165,21.0,10.0,-0.3308297079585142,5.768929481506348,5.4269368046454565,3.067342011613641,4.0,13.187829971313477,0.0,4
182.0,49.46083015110855,180.6300223921665,34.0,40.0,-0.2974581871233749,6.072933673858643,11.427369435946268,1.3302270211728322,6.0,13.024543762207031,1418280568563.0,4
225.0,48.88030965620069,218.41032833805076,21.0,40.0,-0.2857280471830993,5.842671730448899,15.015505981154858,2.3001959942490338,7.0,14.623725891113281,0.0,4
231.0,115.97778189697976,226.13525861518676,34.0,30.0,-0.23663740718019097,5.614481925964355,12.044923555749792,1.4975196886829898,7.0,13.390348434448242,0.0,4
199.0,67.97361120904749,198.82332967379458,21.0,40.0,-0.26311306493176734,5.86707878112793,13.667725469515306,1.4404268537323752,7.0,14.146509170532227,0.0,4
224.0,124.09039270528952,222.00693977519322,41.0,40.0,-0.2432254040799321,5.500122109504596,14.380487229242839,0.7012180731070954,7.0,13.390348434448242,2977041354201.0,4
172.0,64.31967044547297,169.4995676691315,34.0,40.0,-0.23004005422877846,5.8545122146606445,13.721923716165605,1.1323262474562126,4.0,14.343480110168457,468005317816.0,4
166.0,85.71491004824715,165.05612669421063,24.0,40.0,-0.22232086005989665,5.847838878631592,14.427835281648317,0.8537017830541627,7.0,14.343480110168457,0.0,4
250.0,74.3617681201397,248.4719322252288,31.0,10.0,-0.30209060564036677,5.992229461669922,5.21693032017505,2.542325800437623,4.0,13.369390487670898,0.0,4
183.0,54.48668152146751,181.36021766261788,24.0,40.0,-0.2610026756187814,5.792226314544678,14.466446332860524,1.1547712384552524,6.0,14.37821102142334,0.0,4
192.0,25.90446511926075,188.57888558539102,31.0,40.0,-0.2649033196097067,5.939245223999023,14.009455300600099,1.1309996027438736,7.0,14.623725891113281,0.0,4
245.0,111.01566752850127,242.5452989438475,34.0,40.0,-0.24113857040682427,5.552659988403321,14.432627648889962,0.8315691222249044,7.0,13.816408157348633,0.0,4
257.0,79.53431911075205,255.09407352366847,21.0,40.0,-0.2615924633338834,5.868802070617676,13.842952367010422,1.7653806515332282,4.0,13.3693904876709,0.0,4
115.0,49.728175311432786,112.40186467516342,24.0,40.0,-0.24357981778614887,5.871069908142091,13.253418860991664,0.7416067348704221,4.0,14.006169319152832,522667416228.0,4
149.0,15.09518133492833,146.01071253240158,24.0,40.0,-0.26115957282216995,6.01113748550415,14.470370910037369,0.9259272750934211,7.0,13.244415283203125,0.0,4
200.0,82.90092871518927,196.74812253375427,34.0,40.0,-0.2716555267528802,5.8434104919433585,12.137540129141481,1.01884034812284,7.0,14.674565315246582,0.0,4
131.0,32.26762406509423,132.199039216618,34.0,40.0,-0.2705567682311814,5.946240425109863,14.009559703869533,1.1075008024321527,6.0,12.883625984191895,0.0,4
159.0,46.4975190128783,159.13272087583198,34.0,40.0,-0.2190584261075885,5.4593706130981445,13.794177610325292,0.9520153783867221,4.0,12.84585189819336,0.0,4
131.0,0.0,128.3000030517578,41.0,80.0,0.2179181667009339,5.9369306564331055,0.0,0.0,0.0,13.244415283203125,3040663649261.0,4
162.0,27.966371493188753,160.7730117791763,24.0,40.0,-0.2153807016541659,5.660206317901611,13.649859188019969,1.1246479700499228,4.0,12.84585189819336,0.0,4
142.0,23.057578396435197,144.18571484262915,34.0,40.0,-0.23947558114782064,5.489740371704101,13.809909481853195,1.8305989473513908,4.0,12.71680164337158,0.0,4
213.0,46.86821696530153,210.6437840730241,31.0,40.0,-0.28133877191728646,5.915119171142578,13.862471264959545,1.656178162398864,4.0,14.37821102142334,0.0,4
172.0,54.273280864104194,168.65356211448562,34.0,40.0,-0.26006510457882875,5.792226314544678,11.317541928879777,0.8507772852930715,4.0,14.623725891113281,2288217367893.0,4
149.0,80.75231763383854,148.65659636781473,42.0,40.0,-0.23272789038905028,5.845889568328857,16.663563108545617,1.0742223078717172,7.0,14.343480110168457,39733731179.0,4
379.0,164.27528715690593,414.6598171115925,21.0,30.0,-0.38535624349635733,4.97078800201416,17.193403153793,21.440264102064756,7.0,13.878148078918457,0.0,4
215.0,97.21661937103643,214.1377070657655,24.0,40.0,-0.25751100644055086,5.841049671173096,13.780428237157833,1.1201090288568172,4.0,13.167326927185059,0.0,4
169.0,50.37502714405325,168.98011744677146,31.0,40.0,-0.28635413348991917,5.659536348630305,13.488477019075255,3.641793691457179,4.0,14.006169319152832,0.0,4
216.0,117.77740674644242,212.36197568454844,24.0,40.0,-0.23608940126556954,5.907076835632324,13.993718509438152,0.9706242427402277,4.0,13.167326927185059,0.0,4
201.0,53.28888961735342,198.43770390036323,31.0,40.0,-0.28482377654869756,5.78828239440918,9.494324666384822,1.6353993770939614,4.0,13.024543762207031,0.0,4
202.0,48.13878956166314,199.69528525213335,41.0,40.0,-0.3003954233728768,5.715769160283754,11.76310088004951,0.8586765251668218,4.0,13.024543762207031,3658294682880.0,4
159.0,53.51969019916902,154.0196341562151,31.0,10.0,-0.2712320566034676,5.924077367129383,8.433402405967286,6.345641937248301,4.0,14.006169319152832,0.0,4
251.0,136.69138982194164,246.4620463360495,34.0,40.0,-0.24904551095571836,5.752655506134033,14.45969913193926,0.8992478298481504,7.0,13.631371498107912,0.0,4
174.0,82.20899893700374,172.8268870712261,34.0,40.0,-0.22450474603234163,5.562279224395752,13.696945698545065,0.7459817486900763,4.0,13.167326927185059,0.0,4
221.0,123.03989449189471,219.77378239409074,34.0,30.0,-0.25382086846014806,5.808485507965087,11.358390122712516,1.100324289358614,4.0,13.576733589172363,0.0,4
157.0,42.62412309186941,153.81860653613057,34.0,40.0,-0.2708656695195375,6.048216819763184,13.84262460012294,0.9024452614457806,4.0,14.522343635559082,0.0,4
197.0,48.44317724295867,199.56509015458337,34.0,40.0,-0.2906997813904494,5.675411701202393,12.844703522431598,1.6214010457374761,6.0,14.433333396911621,0.0,4
150.0,36.07909294007778,148.4337767775412,34.0,60.0,-0.1854080566800735,5.5510759353637695,17.32029731567217,1.364980554774113,4.0,12.84585189819336,0.0,4
195.0,82.73866932381686,191.2739562643289,24.0,40.0,-0.2706678661954165,5.843410491943359,11.581546238271331,1.0978342085256318,4.0,14.674565315246584,0.0,4
232.0,231.68778139329652,231.73412555583477,41.0,40.0,-0.2646233655295325,5.482956886291504,14.315807053741906,0.98077977027708,7.0,13.208941459655762,0.0,4
224.0,77.7854838632661,220.62553016489088,24.0,40.0,-0.2839666285426367,5.6822710037231445,14.51562017290496,1.039050432262399,7.0,14.146509170532228,0.0,4
245.0,139.5074488088964,242.96913061008797,34.0,40.0,-0.2332607364932784,5.610065937042236,14.229729682428598,0.9855890019220082,7.0,13.390348434448242,881712286966.0,4
186.0,73.9182751184146,178.60471467805655,24.0,40.0,-0.2755548738382141,5.902688026428223,13.151746947235962,1.3193194893830458,4.0,13.662251472473145,0.0,4
229.0,124.16250367709725,225.35512113656148,34.0,30.0,-0.26072115040646565,5.808485507965088,12.28949798808362,0.7529509816465928,7.0,13.576733589172363,0.0,4
196.0,90.63336366165636,192.4469042354258,34.0,40.0,-0.2531240068188788,5.771101474761964,14.49907213944421,0.9976803486105335,7.0,14.201484128340937,414872248296.0,4
177.0,73.1305112239359,175.9299995691253,34.0,10.0,-0.2560187025520609,6.137791940610696,8.25165483732861,1.2976102945445955,7.0,14.343480110168457,0.0,4
147.0,16.713714131277722,147.2583586047345,34.0,40.0,-0.24586334407829,5.660206317901612,13.60243736217878,1.0060934054469488,4.0,12.39930534362793,0.0,4
186.0,77.79993384340662,184.5043626105694,31.0,30.0,-0.25377753272163084,5.776173304205072,12.345181441292445,0.9551999125808497,7.0,14.272902488708496,4027181134955.0,4
149.0,38.298683690641546,145.79248230735394,34.0,40.0,-0.28644020742662335,6.066114902496338,13.718905998284658,0.6093078205553443,7.0,14.522343635559082,0.0,4
185.0,60.63145276095076,183.35133602986065,24.0,40.0,-0.28125985376631046,6.012615314901694,13.83092998853933,0.7269392817622079,7.0,14.674565315246582,0.0,4
148.0,45.246475185348345,149.15333298384968,31.0,40.0,-0.2467270428940308,5.622495174407959,13.392361634892836,3.3087402356560514,4.0,14.006169319152832,0.0,4
185.0,35.50397021230796,182.63973874095788,24.0,40.0,-0.24575390349694584,5.874993324279785,13.484468125336221,0.7111703133405516,4.0,14.623725891113281,0.0,4
188.0,35.31424450859292,182.20970524329888,34.0,40.0,-0.2756085046976394,5.92146023870672,14.632723650294952,1.4539596776724997,7.0,14.433333396911621,0.0,4
201.0,95.01322877092556,181.27650888217,31.0,40.0,-0.3031020717618315,5.611175530577358,12.776633279016293,11.513933244089582,4.0,13.23810863494873,0.0,4
179.0,53.4432609925178,176.29763638496001,34.0,40.0,-0.27009077272067644,6.048216819763184,13.458505357017323,0.6462633925433086,4.0,14.522343635559082,0.0,4
146.0,12.94511616432468,143.36328711810938,34.0,10.0,-0.3007755361381463,5.993587970733643,6.327006096429104,0.8555189649718611,7.0,13.392570260452926,0.0,4
174.0,62.54028563278604,171.73209482064402,34.0,40.0,-0.28107382769533296,5.788801670074463,13.652084924173039,1.1302123104325963,4.0,14.37821102142334,3647886684465.0,4
263.0,65.53074475130119,263.92310165727946,21.0,10.0,-0.31881555503456943,6.010284776556982,5.769310227942202,3.9232755698555035,4.0,13.024543762207031,0.0,4
172.0,72.69407572508537,169.6384228326488,34.0,40.0,-0.2687299517347612,5.994211673736572,14.90837701544336,1.568389007553376,7.0,14.674565315246582,634458577343.0,4
219.0,112.15220099114342,217.77795989255597,41.0,40.0,-0.243499263178511,5.965290546417236,13.5926570819372,0.803174823475795,4.0,13.881834983825684,4845899806823.0,4
231.0,83.20895865951121,227.6797590817617,24.0,40.0,-0.23777867358389426,5.868599891662598,13.445377066610146,0.8648058797186571,4.0,13.662251472473145,0.0,4
370.0,159.13826706294765,382.12688277425104,21.0,10.0,-0.3366477011762284,5.5061627058862985,9.672636675443385,13.423525456396739,4.0,13.441119194030762,0.0,4
139.0,115.5973720617381,134.38062508896724,34.0,40.0,-0.22539936592048043,5.927395820617676,13.614189500822036,1.0354737520550856,4.0,14.21951961517334,0.0,4
249.0,130.20072334129014,243.2844730284354,34.0,40.0,-0.2534081386027937,5.521010398864746,14.7193863015835,1.5484657539587492,7.0,13.63137149810791,4545358799187.0,4
257.0,134.8701257479288,252.12613040291419,24.0,40.0,-0.22749620977948215,5.888583660125732,13.84395162596097,0.9914457626015544,6.0,13.480916023254395,0.0,4
187.0,72.99907679574865,184.20009201786462,34.0,40.0,-0.2514244460793216,5.563080787658691,14.05929908065692,1.0336712952052687,6.0,14.346285820007326,0.0,4
155.0,40.93251392921594,153.66629772447573,24.0,40.0,-0.2605820421486678,6.048366766106592,14.053299921081507,0.8695511725667496,7.0,14.522343635559082,0.0,4
180.0,61.50938013453831,179.23149089851285,24.0,40.0,-0.26740487559010695,5.926820278167725,11.781462251799882,0.9844775473077327,7.0,14.211830655810903,0.0,4
200.0,84.21223711679473,195.35257148443355,24.0,40.0,-0.261423080055332,5.771101474761963,12.587566324393451,0.9949764573458328,6.0,14.272902488708496,0.0,4
257.0,130.74945719802486,256.2177525918714,34.0,40.0,-0.256120292701086,5.44915246963501,14.246723816177605,0.8641496122620539,7.0,14.195272040693734,0.0,4
148.0,37.202234524276754,148.33791582970278,34.0,40.0,-0.24843049255841465,5.565328598022461,13.52414882124477,0.8103720531119276,4.0,12.716801643371582,1609230735769.0,4
185.0,56.713532398205814,185.55123602969485,24.0,40.0,-0.21172565125352116,5.690119266510009,12.329280188206388,0.8413544803576354,4.0,12.84585189819336,0.0,4
258.0,115.13173144202925,255.1567867306957,34.0,40.0,-0.2477042547643999,5.527416229248047,14.31261602809953,0.7410692629606094,7.0,13.816408157348633,0.0,4
217.0,123.59166954105673,216.1061475041224,34.0,40.0,-0.25851029884325316,5.75885009765625,14.638688052664858,1.3491140670258888,7.0,13.576733589172363,0.0,4
183.0,22.064906907466934,178.78484831915404,21.0,40.0,-0.3003105419932059,5.932230688121221,13.245381238027658,1.6796853067995787,7.0,14.623725891113281,0.0,4
231.0,119.9293231621704,224.49245894937258,24.0,30.0,-0.2487578077564563,5.808485507965088,12.578998775373176,0.9328806330730018,7.0,13.576733589172363,0.0,4
168.0,48.722459055056774,166.30997870214793,24.0,40.0,-0.2512271420089057,5.730371475219727,14.04181137818671,0.6045284454667761,6.0,12.716801643371582,4658434395276.0,4
207.0,120.1275436543867,205.91434201609505,41.0,40.0,-0.23303748118122747,5.75885009765625,13.603807266896538,0.5128364276483259,4.0,13.576733589172363,1532883479440.0,4
210.0,107.99681833620392,208.62790688799964,24.0,60.0,-0.24760591156591452,5.8598833084106445,15.364388464567895,1.0951445887373952,4.0,13.881834983825684,0.0,4
187.0,88.52069162293296,183.57295513109955,34.0,40.0,-0.26240545106324087,5.824491206913778,14.35307469093573,0.6326867273393241,7.0,13.662251472473145,1284300666161.0,4
161.0,84.59858005219455,157.664771939326,42.0,40.0,-0.2954255798456281,6.002326488494873,12.477117183351494,0.8410839545217915,7.0,14.674565315246582,3656585150073.0,4
237.0,64.05461370542682,210.77050589596735,31.0,10.0,-0.3016312810671997,5.86707878112793,11.67862588447179,8.139309757062666,4.0,14.146509170532228,0.0,4
239.0,112.40547525803187,234.79282138975137,31.0,40.0,-0.23568571919273373,5.9183502197265625,13.01506601577746,1.2720712104769958,4.0,13.480916023254396,0.0,4
232.0,114.63446552907946,231.30744745229396,31.0,40.0,-0.25347058786913357,5.965290546417236,14.031235446284336,1.6790794389586263,4.0,13.881834983825684,0.0,4
161.0,56.64782354327431,162.50823397255294,31.0,40.0,-0.27927785129730365,5.831090828053,14.526885371478802,3.9510078162489557,4.0,14.006169319152832,0.0,4
253.0,132.63621634948552,252.1533505622021,24.0,40.0,-0.21039698104113866,5.521010398864746,13.10383289240036,0.5963025395525238,7.0,13.39034843444824,0.0,4
151.0,115.52321130202654,146.9235638246715,34.0,40.0,-0.26335859591616234,5.9232587814331055,13.547987141265466,0.8699678531636696,4.0,14.247686164019859,3646883630673.0,4
214.0,121.6901320198146,211.6298599659183,34.0,40.0,-0.2464954633038323,5.75885009765625,13.943645495730433,1.6203186867924897,4.0,13.576733589172363,0.0,4
157.0,82.81540012101095,157.89899593636858,34.0,40.0,-0.25318687207316054,5.512523174285889,12.301391395870475,1.0212002611886226,4.0,13.452926635742188,1677861331215.0,4
184.0,38.98714852339302,182.22695999926802,31.0,40.0,-0.25932355446453265,5.904160976409912,14.333124999661317,0.9195793564482109,7.0,14.37821102142334,0.0,4
236.0,105.17929287077216,230.80470294143183,34.0,40.0,-0.24265937031322168,5.588516712188721,14.483609487306788,0.9590237182669703,7.0,13.816408157348633,0.0,4
175.0,101.62375530688617,173.1579101781671,34.0,40.0,-0.23367840411347848,5.582614421844482,12.774882309879787,0.8224298736487566,4.0,13.452926635742188,0.0,4
169.0,96.48742275655042,160.01547312441687,41.0,40.0,-0.27749166665107206,5.559206008911133,12.902727605040969,6.74385186271614,4.0,13.23810863494873,3777546828709.0,4
172.0,71.23961729003626,171.05952457874938,34.0,40.0,-0.26076559184007814,5.902688026428223,12.65576815994511,1.0229820436984953,4.0,13.662251472473145,0.0,4
203.0,62.92666136626275,201.6480527366151,24.0,40.0,-0.26938676173928866,5.822615146636963,14.393309535316858,1.4048325562068054,7.0,14.37821102142334,0.0,4
177.0,54.083141317899546,173.30855908034272,41.0,40.0,-0.2481308505642619,5.4593706130981445,13.71411801115092,1.2852950278772999,4.0,12.84585189819336,0.0,4
209.0,99.69655747608707,207.4081840575003,34.0,40.0,-0.24695519914270694,5.841049671173096,13.74565983210778,1.3641495802694499,4.0,13.167326927185059,0.0,4
272.0,71.2191694759986,265.279894959462,21.0,10.0,-0.2901289560531965,6.017823140915127,5.739169383773884,3.847923459434709,4.0,13.024543762207033,0.0,4
211.0,115.93335906758317,207.4109860423906,34.0,40.0,-0.2377474409149181,5.907076835632324,13.649279363872932,1.0997378431176268,4.0,13.167326927185059,0.0,4
183.0,63.60358237373734,182.26637919532894,34.0,40.0,-0.24230455206990748,5.902548064924268,13.640220351687832,1.1005508792195824,4.0,14.281630516052246,0.0,4
125.0,40.98379475762256,121.87447577972551,34.0,40.0,-0.2357470830524678,5.946240425109863,13.793330081585061,1.1002955457634365,4.0,14.006169319152832,0.0,4
198.0,73.51662775345338,194.05938902940028,24.0,40.0,-0.26568329333783397,6.116344928741455,14.372480248654998,0.6812006216374977,7.0,14.674565315246582,0.0,4
184.0,49.8228208524268,180.36139755360628,34.0,40.0,-0.26994079024824363,6.048216819763183,14.021231013082234,0.9640364368151575,6.0,14.522343635559082,0.0,4
238.0,103.90867639303576,233.65367958220037,21.0,40.0,-0.2408284144153272,5.9183502197265625,14.070307112794126,1.0353568230811776,7.0,13.480916023254395,0.0,4
165.0,29.415949969632937,161.93805412762265,24.0,40.0,-0.2896157875611499,5.788290500640869,14.129807022126819,0.824517555317049,6.0,14.433333396911621,160779721408.0,4
240.0,130.10526647045648,236.72742337453784,34.0,40.0,-0.24579515637021562,5.489143371582031,13.718736526693721,1.101496191052688,4.0,13.390348434448242,2729751657930.0,4
154.0,13.776295436871557,151.04871687444552,24.0,40.0,-0.2320801373400225,5.677698135375977,13.592564826511706,0.9814120662792699,4.0,12.39930534362793,0.0,4
230.0,53.12425061268249,218.71417912755894,31.0,10.0,-0.3203467055645888,6.0367797518239374,8.452450734613123,7.332882389132418,4.0,13.024543762207031,0.0,4
247.0,145.22928851687442,242.27504423283287,34.0,40.0,-0.22693685211626685,5.888583660125732,14.0446947460654,0.611736865163499,6.0,13.480916023254395,3619589824247.0,4
180.0,57.542552048349265,176.36654199376244,34.0,40.0,-0.25443725583400795,5.7545552253723145,13.537326251314207,0.8433156282855181,4.0,14.281630516052246,0.0,4
225.0,120.83081697121507,222.22787204787582,34.0,40.0,-0.24108424285202049,5.808485507965088,13.434326981704174,0.5858174542604424,4.0,13.576733589172363,0.0,4
209.0,108.73999711260714,205.58139730586174,24.0,40.0,-0.2216159799272107,5.878609265366647,14.346473859172349,0.6915936118888414,7.0,13.16732692718506,0.0,4
250.0,123.96861479646756,250.13658545811552,24.0,40.0,-0.24679614460829755,5.898028373718262,14.28955406099356,1.2238851524838934,6.0,13.480916023254395,0.0,4
232.0,132.23906986614588,229.87109778234662,34.0,40.0,-0.24946861353337813,5.7504048347473145,13.752495725257255,1.1623937219741938,7.0,14.240604400634766,0.0,4
154.0,23.261381520093632,152.62264503898055,24.0,40.0,-0.22626722651817574,5.660206317901611,15.156027438110067,1.4491854991188662,4.0,12.594583511352539,0.0,4
235.0,123.57520172173321,233.14754050724483,34.0,40.0,-0.24496972253703378,5.75885009765625,13.685153291774313,1.2128832294357879,4.0,13.576733589172365,0.0,4
167.0,42.059081491749474,167.70286465490227,34.0,10.0,-0.3181924381294454,6.06519580118864,6.054247696776443,0.7249263306487878,6.0,13.024543762207031,13569331956.0,4
177.0,80.20459499507128,174.5220772517078,24.0,40.0,-0.28510292578701146,6.002326488494872,13.678825034051359,1.1010657770422188,4.0,14.674565315246582,0.0,4
208.0,134.24321192587752,204.4281912843096,42.0,80.0,-0.20470615576351636,5.749566555023193,20.002970013047552,0.7769422556534571,7.0,14.240604400634766,2892287751963.0,4
180.0,57.0466088631862,178.22862701395732,34.0,10.0,-0.238207013904058,5.881823539733887,11.601255964107636,0.9924004502349851,7.0,14.281630516052246,2743133060356.0,4
151.0,78.30731936722643,150.89106068459574,41.0,40.0,-0.2695647711991817,5.968949794769287,9.58671526216239,0.4340045405632803,4.0,14.281630516052246,3634296674547.0,4
202.0,36.04418216350601,203.2669186932661,31.0,10.0,-0.27028500502898234,5.904160976409912,6.068763614057906,4.671909035144765,4.0,14.403878473255732,0.0,4
199.0,70.38276693598173,204.25238918218696,31.0,40.0,-0.25873525907327793,6.046877861022949,9.881499646703466,2.4614961575884644,4.0,13.024543762207031,0.0,4
130.0,46.93744510335034,130.8378005293491,24.0,40.0,-0.07813988793118584,5.871069908142089,10.678571067704286,1.1236121352801138,4.0,14.006169319152832,0.0,4
158.0,75.63900820823854,156.7715493211469,41.0,40.0,-0.2306662186835578,5.853451251983643,13.48776903323757,0.7194225830939238,4.0,14.281630516052246,2079247873665.0,4
245.0,129.06942704301326,242.6479123472328,24.0,40.0,-0.2401884305106944,5.836871457331388,14.50218573240607,1.0054643310151794,7.0,13.480916023254395,0.0,4
166.0,73.05580261184934,164.20174492482,34.0,40.0,-0.2543035569969747,5.9656596183776855,14.408507328207211,0.7712683205180283,7.0,14.336702072457093,3461817894159.0,4
193.0,67.60121831074507,191.6085060396637,24.0,40.0,-0.2546858715066125,6.116344928741455,14.003517457538026,0.7830388892234375,7.0,14.674565315246582,0.0,4
165.0,28.9635265874985,161.03318936266393,34.0,40.0,-0.2680781745882105,6.049091815948486,13.71784692712026,1.2946173178006526,4.0,13.80025208112108,731374836984.0,4
225.0,120.80978836292766,225.7966415675179,41.0,40.0,-0.22928024699260188,5.965290546417236,13.332239621696136,0.3305990542403422,4.0,13.881834983825682,0.0,4
152.0,85.13549735072576,151.69999630371615,34.0,40.0,-0.26834746197922343,5.793747536123615,13.593623616698892,0.9840590417472336,4.0,13.986577033996582,0.0,4
204.0,101.14823855569817,200.56540735312998,24.0,30.0,-0.2724517934352326,5.8769395906631265,12.529164593225119,1.400854028614134,7.0,13.881834983825684,0.0,4
208.0,61.360536111583194,212.792562239949,41.0,40.0,-0.24155804586507335,5.778487682342529,13.655217735711872,1.1380443392796804,4.0,14.146509170532228,916664718273.0,4
164.0,67.98662013341554,161.41228201787897,34.0,40.0,-0.21349882285579724,5.542742729187012,13.447796444837396,0.6194911120934905,4.0,13.452926635742188,0.0,4
255.0,119.64368578951752,250.29942143071546,34.0,40.0,-0.2541034669964251,5.827413558959962,13.93556029324647,0.852599363253149,6.0,13.480916023254393,108919319442.0,4
229.0,56.388256677636704,227.97108553107523,31.0,40.0,-0.3009614970054949,6.046877861022949,13.223170747727682,1.7384694946686001,4.0,13.024543762207031,0.0,4
209.0,128.07818033663997,208.82431361506258,34.0,40.0,-0.2500115143482251,5.670567035675049,14.356238763486793,0.9771842208595448,7.0,14.240604400634766,2496225164160.0,4
149.0,31.547585181335467,146.35545768712421,34.0,60.0,-0.22671138050748324,5.565328598022461,17.111007032616335,0.5167382225836399,7.0,12.716801643371582,0.0,4
146.0,29.61346298105407,144.16319829040503,24.0,40.0,-0.256120176219547,5.617118207690785,14.79716030527219,0.7303658516233605,4.0,12.716801643371582,0.0,4
199.0,57.41567725461558,196.7242118241856,31.0,40.0,-0.3035952560285539,5.78828239440918,10.889049000471617,1.928101953234257,4.0,13.024543762207031,3116558046082.0,4
229.0,169.26621336775221,230.53964049213343,34.0,40.0,-0.31080370762513365,5.535728931427002,11.715899539546239,3.585865353719841,4.0,13.441119194030762,0.0,4
146.0,54.241252335428314,144.82352499562953,34.0,40.0,-0.21118813166316827,5.636684417724609,13.488077201182449,0.7201930029561238,4.0,12.84585189819336,0.0,4
184.0,70.26981880170266,180.57550806105638,41.0,40.0,-0.26098532662269247,6.116344928741455,14.114025628986248,1.0190313553489767,4.0,14.674565315246582,0.0,4
153.0,23.432279900508245,151.84256732878274,34.0,40.0,-0.23673871796900722,5.341612339019775,12.28395017566313,1.2158536277468681,4.0,12.883625984191895,0.0,4
230.0,130.22432728134544,227.04609050261155,24.0,40.0,-0.23127955264480105,5.855123996734619,14.003022136736426,0.6865818081264883,4.0,13.576733589172363,1712357018829.0,4
150.0,34.00333704293295,147.80287361982136,24.0,40.0,-0.2724194736814609,6.066114902496338,10.177368718742787,0.9800756072043673,4.0,14.522343635559084,0.0,4
240.0,108.72618243839541,235.57256601188774,34.0,40.0,-0.22084513944281997,5.9183502197265625,12.054749753141214,1.3310491401347848,4.0,13.480916023254395,0.0,4
138.0,37.75779214435747,137.2949270904659,34.0,40.0,-0.24743237590509193,5.6853790283203125,13.857389129003748,0.6602835686191981,7.0,14.006169319152832,0.0,4
157.0,75.42707390810654,152.67240855717597,34.0,40.0,-0.23466566711335224,5.512523174285889,13.754180298388075,1.3854507459701892,4.0,13.452926635742188,2659662407230.0,4
171.0,82.15176004222594,169.04389520181678,34.0,40.0,-0.2844939414562898,5.514108560617687,13.695358500301836,1.2543159209234462,4.0,13.452926635742188,113525599030.0,4
133.0,99.26640040759736,129.60021621982114,34.0,40.0,-0.2259821874499387,5.838842868804931,13.89036244262583,0.8982029545495911,4.0,14.21951961517334,2622871805705.0,4
199.0,70.45122967097085,195.6463877111091,24.0,40.0,-0.24528413932561915,6.175222396850587,13.683806571338316,0.8006322682181264,4.0,14.343480110168459,0.0,4
193.0,105.14546318189181,191.94100574199658,34.0,40.0,-0.22110113250613128,5.901383321579189,13.451259749007043,0.6281493725176096,4.0,13.167326927185059,0.0,4
219.0,63.69922835904677,216.1383047407018,24.0,40.0,-0.2657891981984438,5.788801670074463,11.386663924987163,1.0158019856294223,4.0,14.37821102142334,0.0,4
251.0,112.14540621480818,249.04426527666374,24.0,40.0,-0.26055646302741603,5.9183502197265625,13.94095529040815,0.8031263560908882,4.0,13.480916023254395,0.0,4
180.0,35.30446996443609,177.35742806253137,24.0,40.0,-0.2725703733939885,5.775990845405891,14.240862777551165,0.777958247242721,6.0,14.433333396911621,0.0,4
244.0,136.8840620569693,239.7817363371193,41.0,40.0,-0.2219862528685361,5.898028373718262,13.889601281456889,1.1217289650467204,6.0,13.480916023254395,3720520127592.0,4
221.0,120.33468904564987,218.05452556648154,24.0,40.0,-0.2589169704013562,5.75885009765625,13.86954628563639,0.946408605432872,7.0,13.576733589172363,0.0,4
236.0,167.8577341888953,233.08700678617743,34.0,40.0,-0.290817688062068,5.6039035287621894,14.416101749546748,0.7902543738668691,7.0,13.441119194030762,0.0,4
199.0,75.2286962306714,196.1593219986906,24.0,40.0,-0.30685512896848666,5.893294886246467,13.30339843925785,0.8458481396397305,6.0,14.674565315246582,0.0,4
283.0,139.1202370500061,285.5441096260564,31.0,40.0,-0.2885595315043975,5.752655506134033,14.041500147087541,2.1037503677188556,4.0,13.63137149810791,0.0,4
131.0,0.48006383827637933,128.3000030517578,34.0,80.0,0.1789103637434944,5.9369306564331055,0.0,0.0,0.0,13.187829971313477,345456574567.0,4
197.0,90.67009018600723,193.85701083743768,24.0,40.0,-0.25391506905377503,5.841049671173097,14.274232292111876,1.1269293138679333,6.0,13.167326927185057,0.0,4
242.0,120.7143926409541,239.22332334664293,24.0,40.0,-0.24008404178843878,5.808485507965088,14.350244321978487,0.5764553321439995,7.0,13.576733589172363,0.0,4
184.0,102.56005223506978,181.08599469641103,42.0,40.0,-0.22390654497061663,5.704413593625561,13.844749596154756,1.1038210578160785,7.0,13.637841513550395,3218692699418.0,4
215.0,69.71246222611387,213.5527483021203,24.0,40.0,-0.29553805876006506,5.822615146636963,8.632541053185776,1.22611922426638,4.0,14.37821102142334,0.0,4
224.0,119.8518000234267,221.66064062431818,24.0,40.0,-0.2569314465832406,5.75885009765625,13.051986752813292,0.9864903558995392,7.0,13.576733589172363,0.0,4
158.0,93.32085928616601,154.61345153597532,24.0,40.0,-0.24600183200385917,5.847838878631592,13.90624027100946,1.0151019409895436,7.0,13.986577033996582,0.0,4
152.0,28.164907286942384,149.20601983520012,31.0,40.0,-0.277150566764359,5.972259521484375,11.719531681633068,0.9889475708867718,4.0,14.623725891113283,1581783501423.0,4
160.0,71.41376776604179,158.77814342743824,34.0,40.0,-0.24838643029722612,5.91643904986447,14.46246520916378,0.9061630229094492,7.0,14.343480110168457,0.0,4
194.0,107.75052389072385,196.19036371084212,34.0,40.0,-0.2805450155960466,5.9191741943359375,9.792596876996887,1.2218167037306875,4.0,13.881834983825684,0.0,4
213.0,88.60746808353618,209.80743594498745,31.0,10.0,-0.26994961284151564,5.973162413119057,5.23878326809205,2.596958170230123,4.0,13.369390487670898,0.0,4
179.0,25.365718158592664,176.9788979020078,31.0,40.0,-0.29315843942048453,5.939245223999023,14.540423091098749,1.1010577277468747,7.0,14.433333396911621,0.0,4
223.0,125.50288164949274,222.79693018652875,34.0,40.0,-0.2349598923092876,5.836871457331388,14.485794897310308,0.9644872432757707,7.0,13.881834983825684,0.0,4
206.0,70.40524705299606,204.79353528515472,31.0,40.0,-0.29390800576337467,6.007594108581543,9.175207684416014,2.8191869195113464,4.0,13.024543762207031,0.0,4
269.0,130.73928787124945,266.0034647374763,24.0,40.0,-0.2190130268767217,5.8901362157847785,14.20373373363132,1.0093343340783003,6.0,13.480916023254395,0.0,4
181.0,29.100386380866162,178.02904666251752,21.0,60.0,-0.20624312372985473,5.660206317901611,19.30654187471979,0.2376274624345295,4.0,12.716801643371582,0.0,4
183.0,72.44865914729318,179.94988896536967,34.0,40.0,-0.2779496375360864,5.902688026428223,13.515276550299811,0.7881913757495288,4.0,13.8425265403643,1352889677264.0,4
186.0,68.86657230390635,183.0164744654525,41.0,40.0,-0.25888190662183913,5.774965763092041,13.439913120142934,0.5997828003573398,4.0,14.37821102142334,2244925194354.0,4
193.0,73.64624116959394,189.35535929177973,34.0,40.0,-0.2681426796995269,5.902688026428223,10.219593492562149,0.8362293757725303,4.0,14.674565315246582,0.0,4
180.0,30.375949176153966,174.32729929840153,31.0,40.0,-0.26379932313226034,5.788290500640869,13.694433137904074,1.2360828447601888,4.0,13.312759717922757,3574613708613.0,4
223.0,111.36859090610673,219.76048245811126,31.0,40.0,-0.2237524970967593,5.965290546417235,14.49260612165503,1.2310830658080492,7.0,13.881834983825685,538918260902.0,4
164.0,25.680778044161617,162.67057517846075,24.0,40.0,-0.2802471384808398,6.049091815948486,13.66546197689376,0.8767417888895666,4.0,13.244415283203123,0.0,4
250.0,126.59771779434134,246.8060851941196,34.0,40.0,-0.24489383368411924,5.800906181335449,13.483531978641565,0.7088299466039157,4.0,13.480916023254395,0.0,4
297.0,69.46332414182385,296.0971587643661,21.0,10.0,-0.31514141910696636,5.992229461669922,6.9630677902180205,6.907669475545052,4.0,13.028561393959997,0.0,4
193.0,38.40480138088349,188.4114322646626,31.0,40.0,-0.2722081998463464,5.904160976409912,14.624080945176148,1.8062257703083997,7.0,14.403878473255732,0.0,4
181.0,90.62756234944098,176.73656569454394,41.0,40.0,-0.28410668979301107,5.843410491943359,13.27428551063798,1.0824420649315039,4.0,14.674565315246578,3610788083443.0,4
218.0,87.38608906327622,216.057203912361,24.0,40.0,-0.27224558940005494,5.868599891662598,12.499892755558587,1.1083899551288399,7.0,13.662251472473145,0.0,4
174.0,57.670728362008134,171.12604429780484,34.0,40.0,-0.261841915344713,5.8545122146606445,13.987028877267425,0.8783316026645202,4.0,14.343480110168457,0.0,4
125.0,4.381656456775778,123.5,34.0,80.0,0.11163523913753667,5.583309578568968,0.0,0.0,0.0,12.39930534362793,1891852264448.0,4
166.0,57.157215335005915,165.40452102841755,34.0,40.0,-0.2241645190968346,6.048216819763184,14.329926274656419,0.9025853368604801,6.0,14.522343635559082,0.0,4
223.0,123.80585365121513,220.7345035581897,24.0,40.0,-0.2291489492580126,5.75885009765625,14.497079973316586,0.9926999332914657,7.0,13.576733589172363,0.0,4
192.0,74.16489140158812,190.24211602985326,24.0,40.0,-0.2699863662989565,5.9026880264282235,12.57170775323221,0.7045054517063121,6.0,14.674565315246582,0.0,4
166.0,50.81558003682838,163.4960432715961,24.0,40.0,-0.20867658026366898,5.69011926651001,13.44811314407539,0.6202828601884753,4.0,12.84585189819336,0.0,4
197.0,52.26826564842342,192.53154339978695,24.0,40.0,-0.25444255555337114,5.958152770996095,14.520553182525052,1.0752624615659898,7.0,14.433333396911623,0.0,4
205.0,92.72273571815042,201.30574581746427,34.0,40.0,-0.26891698257088276,5.847716808319092,13.843222905708975,0.6822626107280386,4.0,13.662251472473143,0.0,4
193.0,81.24089682219461,189.24136657227788,24.0,40.0,-0.25926891096983606,5.808251759612445,13.981438473847232,0.7780542242509675,7.0,13.662251472473145,0.0,4
146.0,15.972002221792495,144.27318393866085,24.0,40.0,-0.2683028439437637,6.01113748550415,12.45298290540842,0.9570017508202396,7.0,13.244415283203123,0.0,4
216.0,118.40023290866779,207.26924103063243,34.0,40.0,-0.2677935020576234,5.75885009765625,14.499281752150715,1.2139578050343793,7.0,13.576733589172363,539894353483.0,4
179.0,62.60255162303716,175.94744610853027,34.0,40.0,-0.28795631570152697,5.792226314544678,13.538593354731232,0.8464833868280777,4.0,14.37821102142334,0.0,4
106.0,1.1829778113571818,103.69452301443509,34.0,80.0,0.04738039612563934,4.628936957006616,0.0,0.0,0.0,10.658657100102745,0.0,4
191.0,84.43795161837002,186.95153423582798,34.0,40.0,-0.25655712994081353,5.8151116371154785,11.228926502719302,1.3396390390833692,4.0,13.662251472473145,1956313902801.0,4
199.0,117.40914504972471,199.16974338836422,34.0,40.0,-0.27221368662472933,5.81020975112915,11.737289842523587,1.367496450969333,4.0,14.201783572157751,0.0,4
193.0,73.65157310022158,188.9242915993026,41.0,40.0,-0.26807642876983,5.822615146636963,13.785083089532455,1.0547811378489695,4.0,14.37821102142334,3081946515959.0,4
215.0,93.04750075540575,210.30935374687513,41.0,40.0,-0.23271373318126015,5.697370529174805,14.659715169754914,1.4606923664673588,7.0,13.662251472473145,4605013890168.0,4
147.0,12.490401382509361,145.8878340499803,24.0,40.0,-0.23185044314802938,5.6081840552172615,14.178624594844152,0.5356025830008452,7.0,12.39930534362793,0.0,4
151.0,33.414827427195476,144.44345973517494,31.0,30.0,-0.2956583155193986,6.049091815948486,12.704644657446448,2.2391020013766356,7.0,14.522343635559082,213040430999.0,4
218.0,120.1599999200054,215.79658159656023,24.0,40.0,-0.24462713556675567,5.808485507965088,14.086854767111335,1.3489164097319581,7.0,13.576733589172363,7677132648.0,4
170.0,16.655077163999515,167.37094862611062,24.0,40.0,-0.28827051982503593,5.7273287773132315,13.23967905002192,1.3233963216900004,7.0,13.187829971313477,0.0,4
212.0,102.83445145320846,208.09680081618768,34.0,40.0,-0.28355326196871244,5.7884721755981445,13.655187873554965,0.9662048215386712,4.0,13.576733589172363,2671131952200.0,4
170.0,72.73351182637631,167.9297219728089,34.0,40.0,-0.2026792291568178,5.9268202781677255,13.845626937662914,0.5131563187549334,7.0,14.343480110168457,5614287106042.0,4
156.0,74.1548823125087,156.9151478404773,34.0,40.0,-0.26057474862341723,5.968949794769287,13.472004868423292,0.6800121710582318,4.0,14.281630516052246,418917823044.0,4
258.0,66.81475824405648,255.88540750476335,41.0,10.0,-0.28596012068168997,6.023365560182312,5.487903062592349,3.2197576564808714,4.0,13.024543762207031,0.0,4
198.0,90.10006418277301,194.39188968959306,41.0,40.0,-0.26193358682463647,5.771101474761963,13.629433676999584,1.073584192498962,4.0,14.272902488708494,4060178410676.0,4
191.0,46.27696971198099,189.53013694733755,34.0,40.0,-0.2687135521465673,5.838412761688232,12.312018869846248,1.3483873794300425,7.0,14.623725891113281,0.0,4
225.0,54.5218493511309,227.0104976604844,31.0,40.0,-0.2782790791339937,6.0367797518239374,13.542094498009028,1.466886730459854,4.0,13.024543762207033,0.0,4
191.0,55.635466114289265,188.0477288131625,24.0,40.0,-0.3065287013433764,6.035129547119141,12.910633912326052,0.7847640599749801,4.0,14.522343635559082,0.0,4
138.0,5.539651460318553,139.1863423524663,24.0,40.0,-0.249704964004912,5.347776412963867,13.572359024625674,1.2020905393538943,6.0,12.39930534362793,0.0,4
281.0,154.0186710309186,277.8241878151847,31.0,40.0,-0.25101223368842274,5.581039428710937,14.367275166325724,4.332544878176363,7.0,13.390348434448244,0.0,4
215.0,19.436155141084026,224.14810504753498,31.0,10.0,-0.26513864993177083,5.341612339019775,11.79524782193215,18.46684012937486,4.0,12.39930534362793,0.0,4
132.0,102.39195722052764,131.59505267482555,41.0,40.0,-0.2276265157289319,5.838842868804932,11.809876184695337,0.9419201465375456,7.0,14.219519615173342,0.0,4
179.0,61.00097178039592,178.02473242062487,34.0,40.0,-0.25742317204986537,5.787908782697704,14.513709258829008,1.3069024860803695,7.0,14.623725891113281,0.0,4
228.0,128.2876417819516,225.60404569978715,24.0,40.0,-0.25499324755380753,5.800906181335449,14.011533197965182,0.5288329949129528,6.0,13.231871478997387,0.0,4
202.0,105.68970311756851,200.19768137758712,34.0,40.0,-0.26767137384046813,5.6957221031188965,13.550615282257848,0.8765382056446186,4.0,13.576733589172363,0.0,4
176.0,85.19499453773851,171.80072045714985,34.0,40.0,-0.2757160952844618,6.002326488494873,13.64603296888591,1.3287411534290112,4.0,14.674565315246582,0.0,4
183.0,73.77071809026265,182.19972455034474,24.0,40.0,-0.21892202477899603,5.542742729187012,13.583197202433267,0.9579930060831663,4.0,13.45292663574219,0.0,4
392.0,25.58779266545991,385.0886792521449,21.0,10.0,-0.2771562822029333,5.341612339019775,10.261391693259313,13.73607000319749,6.0,12.716801643371582,0.0,4
159.0,12.641987299320355,155.12474688877376,24.0,40.0,-0.30180158364771204,5.993587970733643,14.240365494547223,0.5329725207808724,7.0,13.187829971313477,0.0,4
189.0,21.552710326607723,197.52525246873068,31.0,10.0,-0.2485108719130172,5.341612339019775,7.821635069341763,8.220878470002887,6.0,12.883625984191895,0.0,4
182.0,42.180313167251775,180.77441989895127,24.0,40.0,-0.24164315504245523,5.722415447235107,13.992028416672797,0.5877981330505238,7.0,12.84585189819336,0.0,4
165.0,105.15989838429195,162.04991273287678,24.0,40.0,-0.2706466530101511,5.897685527801514,14.095030500115438,0.8814118667269908,7.0,14.32474422454834,0.0,4
247.0,126.41878491600988,244.32824244376806,24.0,40.0,-0.23537463858289615,5.521010398864747,14.469145732931135,0.9228643323278382,7.0,13.390348434448242,0.0,4
108.0,9.361701109976416,111.24698281788501,42.0,10.0,-0.20012027341319968,5.75406265258789,9.774797699858599,2.7855445887881003,4.0,12.39930534362793,634020569499.0,4
214.0,276.3703151098822,212.49552222382664,41.0,80.0,-0.1893218091735506,5.111889839172362,19.12304215270816,0.704727465923451,4.0,12.796457290649416,2084882340049.0,4
146.0,20.152754391493996,143.8787619220275,34.0,40.0,-0.23559580307078767,5.660206317901612,14.236006672908381,0.69407972256892,7.0,12.431405864349788,5103480173952.0,4
194.0,100.0757318085583,191.64061847843539,34.0,40.0,-0.2260601687104735,5.812121582031248,13.450383583160296,0.6259589579007402,4.0,13.167326927185059,0.0,4
171.0,71.39999758865848,171.15097071387265,24.0,40.0,-0.1938527564273781,5.542742729187012,13.544784895332114,0.861962238330291,4.0,13.452926635742188,0.0,4
234.0,103.6873649071535,233.2758240744541,34.0,40.0,-0.28474424000686294,5.6207027435302725,14.305787379554275,1.3148208893697817,7.0,13.63137149810791,0.0,4
198.0,77.41513441070114,193.14028214055008,34.0,40.0,-0.2829248238456483,5.847716808319092,9.24044434404977,1.067130277600432,4.0,14.508157560270103,0.0,4
188.0,93.08815854829457,186.21582365689216,34.0,40.0,-0.2297698222611046,5.812121582031248,14.204201324541275,1.0105033113531916,6.0,13.167326927185059,0.0,4
200.0,65.03188403462102,198.49419419777843,34.0,40.0,-0.27117479969044384,5.864820957183838,13.602095491856021,1.005238729640056,4.0,13.510054588317871,1527290825407.0,4
205.0,105.77124835142001,201.03526481286497,34.0,60.0,-0.2327985636984078,5.570775032043457,18.30405232480105,0.47834467022884325,7.0,14.272902488708496,3837543620183.0,4
250.0,121.66790649749595,246.99618806185788,34.0,40.0,-0.2408741487889456,5.827413558959961,13.903044534785458,0.7383933558491315,6.0,13.480916023254395,0.0,4
194.0,61.719257049880454,192.40931259826985,24.0,40.0,-0.2733646575092456,6.116344928741455,14.108597075068152,1.0077940575333653,7.0,14.674565315246584,0.0,4
184.0,63.03662355219278,181.74977057794723,34.0,40.0,-0.26533861032333256,5.867078781127931,14.390992311372893,0.7274807784322294,7.0,14.146509170532227,2941244324306.0,4
195.0,66.16823602215523,196.0612690648208,24.0,40.0,-0.23804019874501553,5.788801670074463,13.788023284103405,1.4700582102585125,4.0,14.378211021423338,0.0,4
218.0,141.73370023208,215.7243329423209,34.0,40.0,-0.23072840229027652,5.78231954574585,14.195357354761871,0.6731918973449581,7.0,14.240604400634766,0.0,4
138.0,105.08562556932712,136.92434348933236,34.0,40.0,-0.22016895935642986,5.927395820617676,14.023172187678984,1.240940177935307,4.0,14.21951961517334,2198840463900.0,4
198.0,82.72856930189792,191.78011803691086,24.0,40.0,-0.248729523173718,5.843410491943359,13.74625306824195,1.3656326706048736,4.0,14.674565315246582,0.0,4
197.0,57.16156578090046,196.44341384272803,34.0,40.0,-0.27300939748683295,5.864820957183838,15.26298124286706,1.3367322666306989,4.0,14.433333396911621,0.0,4
180.0,52.6867289814809,176.51072033124808,24.0,40.0,-0.21724671244676663,5.881823539733887,14.599976411292005,0.9573821773188382,6.0,13.670891480306974,0.0,4
166.0,19.933665008658572,162.40132864825134,24.0,60.0,-0.20072238399977918,5.660206317901611,18.064843106387453,0.6601660183958652,6.0,12.39930534362793,0.0,4
240.0,130.69194482154234,237.57151690124277,34.0,40.0,-0.23353568053392992,5.800906181335449,14.150914115879763,0.8772852896994037,6.0,13.480916023254395,0.0,4
203.0,113.69164433087256,197.90409949376618,34.0,40.0,-0.25431659014511354,5.670567035675049,13.756756640719136,0.8850356369089002,7.0,14.240604400634766,0.0,4
228.0,101.39287110608736,224.7387848874485,34.0,40.0,-0.2401262548002637,5.588516712188721,14.329110111814812,0.5727752795370317,7.0,13.816408157348633,0.0,4
229.0,131.2764848811442,223.59874905285528,34.0,40.0,-0.28010648034967844,5.855123996734619,10.423042077884244,1.2987875327877962,4.0,14.240604400634766,0.0,4
231.0,88.85016797708516,244.82925621141416,31.0,10.0,-0.32814600819728984,5.842020034790038,11.025956532645557,10.421720697220884,4.0,13.660167694091795,0.0,4
162.0,51.33472610153706,157.5954860439166,41.0,40.0,-0.25585633132634955,5.7545552253723145,11.879271245852603,0.47680559168947306,6.0,12.716801643371582,4733774827674.0,4
231.0,123.8700085752549,227.22923949067007,34.0,40.0,-0.2288571937871527,5.6144819259643555,13.950851678533727,1.2066477493333563,4.0,13.390348434448242,0.0,4
202.0,52.639091750310875,198.33923076878756,24.0,40.0,-0.30825903018209855,5.715489561580929,14.228258171595222,0.955517087453287,7.0,14.433333396911621,0.0,4
186.0,51.458575534016276,185.11518833887428,24.0,40.0,-0.2632603461373944,5.730371475219727,14.549331741565162,1.1459719925615501,4.0,12.84585189819336,0.0,4
474.0,21.866799016746448,445.0662810845015,21.0,10.0,-0.27069992843437174,5.341612339019775,10.184103777977139,14.960259444942846,4.0,12.39930534362793,0.0,4
208.0,80.61411471217798,208.0753453007753,31.0,10.0,-0.3532741580345259,6.007594108581543,7.589791091247239,4.919483712956516,4.0,13.660167694091797,927651243463.0,4
237.0,123.23860885648907,234.45398942389554,34.0,40.0,-0.24593514297050983,5.800906181335449,13.821173339122172,0.6768727014429023,6.0,13.480916023254395,2694533040423.0,4
180.0,29.512478255841646,175.54850993693574,34.0,40.0,-0.26249924779398076,5.939245223999024,14.437989721467543,0.8449743036688622,7.0,14.623725891113281,0.0,4
200.0,48.63861574889155,199.8114597426592,31.0,40.0,-0.28677596627659246,5.675411701202393,12.980421837905432,0.7743023670739304,4.0,13.024543762207031,3107044799158.0,4
205.0,54.893677780314114,205.16482999618748,34.0,40.0,-0.2529587332960422,5.788801670074463,14.078208635073743,1.0722871150151219,7.0,14.378211021423342,0.0,4
232.0,122.33182925640337,228.10402617973904,34.0,40.0,-0.22943973827709263,5.965290546417236,14.2635144326306,1.1779575139478278,7.0,13.881834983825684,0.0,4
158.0,26.210452154794815,158.03176215712492,34.0,40.0,-0.24239088676286236,5.660206317901611,14.124169353419656,0.8104233835491397,6.0,12.84585189819336,0.0,4
155.0,52.79315366142619,155.6465479943485,34.0,40.0,-0.2285277836380496,5.813548198192101,14.030837453695854,0.5348606245309087,7.0,14.006169319152832,2557790398792.0,4
207.0,59.880429891218625,206.42542185163813,21.0,30.0,-0.2627985126510207,5.86707878112793,11.32316001338327,1.0166378975358565,6.0,14.623725891113281,0.0,4
239.0,114.61268972234187,237.80384356578244,34.0,40.0,-0.2289847879991489,5.827413558959963,13.351831281049126,0.3791393144727806,4.0,13.480916023254395,0.0,4
255.0,141.8938435357196,253.28239258843416,24.0,40.0,-0.235866004469975,5.888583660125732,14.22166235941397,1.0541558985349262,6.0,13.480916023254395,0.0,4
257.0,129.6202075036337,254.0725746866078,24.0,40.0,-0.257672158920919,5.898028373718261,15.663039841943734,0.6477578705859155,6.0,13.480916023254396,0.0,4
250.0,143.94439694970328,249.56313339783355,34.0,60.0,-0.22721644150900044,5.44915246963501,19.608104026303998,1.1370442125879479,7.0,14.459595680236818,773854970885.0,4
149.0,86.87196678629329,146.8191333205066,34.0,40.0,-0.24151618803557307,5.887852191925049,14.282057633681529,0.518064685347601,7.0,13.986577033996582,521386751671.0,4
154.0,43.170618221313354,150.6186443886424,24.0,40.0,-0.24519617440916341,5.636684417724609,13.811133719528108,1.5278342988202729,4.0,12.845851898193358,0.0,4
191.0,94.96892557572508,191.13588824692602,34.0,40.0,-0.261349272741442,5.8151116371154785,12.846961572180007,0.6821399325781703,4.0,13.662251472473145,0.0,4
203.0,102.35414146921201,200.05086319328925,41.0,40.0,-0.2688659127729817,5.859883308410645,13.475630355154614,0.6890758878865412,4.0,13.881834983825685,0.0,4
230.0,118.92156710843004,226.9596411624731,24.0,30.0,-0.2596997112658035,5.81020975112915,9.042588016220462,1.050957339394034,6.0,13.576733589172365,0.0,4
204.0,100.12673705535227,202.382921444791,24.0,40.0,-0.2199765903040644,5.872441291809082,14.016880336785073,0.6525213633085907,4.0,13.167326927185059,0.0,4
187.0,81.43444768275091,185.39802450207208,41.0,40.0,-0.27387452874115226,5.843410491943359,10.288961355039735,1.096389289979753,4.0,14.674565315246582,0.0,4
170.0,33.37626786591284,168.68136002197753,24.0,40.0,-0.22385422177043063,5.722415447235107,13.515132638991478,0.5977531295972845,4.0,12.84585189819336,0.0,4
166.0,73.69392886205841,167.3174125272617,24.0,40.0,-0.27214143394250656,5.9656596183776855,13.988737053563586,1.1410273659211856,7.0,14.343480110168457,0.0,4
212.0,80.66162288036031,210.7517253219738,34.0,40.0,-0.24739993483180844,5.659897327423097,13.811027447133164,1.5275686178329138,4.0,14.37821102142334,0.0,4
214.0,111.74241656717719,211.71747722785545,24.0,40.0,-0.2689933419148331,5.81020975112915,14.283209100863544,0.93962269896031,6.0,14.32474422454834,0.0,4
207.0,46.129150553285456,205.50600163505035,31.0,10.0,-0.26639270385397007,5.838412761688232,9.792781046190967,1.5383962914987217,6.0,14.623725891113281,0.0,4
152.0,100.39649382764132,151.2463931782161,24.0,40.0,-0.20878284598327496,5.838842868804932,14.411265734012243,0.7781643350306112,7.0,14.21951961517334,0.0,4
270.0,32.94040116273501,265.9456836707025,31.0,10.0,-0.3653171069572254,5.768929481506348,5.992517081676739,4.409315047588719,4.0,13.488478660583498,0.0,4
214.0,93.39266293595799,211.02289930288575,34.0,40.0,-0.26687240071999996,5.861906642358279,13.629153221949473,1.0728830548736834,4.0,14.346285820007324,508223896440.0,4
146.0,4.083774660941215,138.65796082135543,21.0,40.0,-0.26702325748769556,5.9369306564331055,12.914911912975912,1.888509999223377,7.0,13.244415283203125,0.0,4
213.0,134.50560929087447,210.73031413558618,34.0,40.0,-0.2254447681462447,5.7504048347473145,15.172874404580362,0.9318202713255908,7.0,14.240604400634766,0.0,4
138.0,119.2372196565612,137.79267806631412,34.0,40.0,-0.2379710692815727,5.9232587814331055,13.469487823301687,0.7794716529475918,7.0,14.21951961517334,0.0,4
131.0,6.973765755361303,128.6132806310439,34.0,80.0,-0.20389605120294108,5.933707399275696,0.0,0.2216187497088361,0.0,13.187829971313477,1381155920057.0,4
213.0,118.47706727513463,210.06102419768365,41.0,40.0,-0.26835397049172266,5.719647708004467,14.158497169147815,0.485643109064474,7.0,13.576733589172363,4309440741676.0,4
251.0,105.50373086234197,248.93223600513159,31.0,40.0,-0.24035072388135612,5.875365257263184,13.299951430862425,1.0765842561028016,4.0,13.881834983825682,0.0,4
188.0,69.71251009995746,187.03002435740262,34.0,30.0,-0.2659365291377614,6.116344928741455,13.595770499788422,0.9957103298007981,7.0,14.674565315246582,0.0,4
200.0,82.08904560999818,196.54106483302195,34.0,40.0,-0.2821028790332515,5.821687737556349,12.788741418538088,1.0266480668933176,4.0,13.884685507098437,504862866053.0,4
221.0,100.54989621405811,216.72295423371455,34.0,40.0,-0.22980476921187198,5.7884721755981445,13.87203897229375,1.060068171524375,6.0,14.32474422454834,0.0,4
257.0,139.52450282965464,254.72863673582913,24.0,40.0,-0.22416421210120568,5.888583660125732,14.198665514743176,0.9966637868579353,6.0,13.480916023254396,0.0,4
280.0,157.63991620515867,277.13030463207383,34.0,40.0,-0.26667544203705795,5.5810394287109375,14.325115097211153,0.8572417927685629,7.0,13.390348434448242,1480367093782.0,4
238.0,118.64349796614773,236.64846111733408,24.0,40.0,-0.2355455244724255,5.827413558959961,14.338994300853752,0.8273035470539347,7.0,13.480916023254395,0.0,4
232.0,114.63626909965846,229.07078646652104,24.0,60.0,-0.2431442073196437,5.4863548278808585,17.34120161945876,0.7317179733712501,4.0,13.39034843444824,0.0,4
232.0,118.09300473107932,228.3647458015215,34.0,40.0,-0.2518450703824164,5.486354827880859,14.466537658396765,0.9163441459919119,7.0,13.390348434448242,0.0,4
153.0,31.448558442934754,151.1189727214981,24.0,40.0,-0.23413825799158755,5.5510759353637695,13.638105321476502,1.0952633036912585,4.0,12.594583511352539,0.0,4
170.0,30.758347581002056,166.9676053140152,34.0,40.0,-0.2581692556067182,5.904160976409912,14.545261589500054,1.1131539737501341,7.0,13.244415283203125,0.0,4
219.0,96.09382690450148,215.10538633346303,24.0,40.0,-0.2535433549908093,5.841049671173096,13.454467685832386,0.6361692145809643,4.0,13.167326927185059,0.0,4
255.0,134.29575798006115,249.34850924938723,41.0,40.0,-0.2436185967804879,5.752655506134033,14.453514354254086,1.680966361762216,7.0,13.631371498107908,0.0,4
186.0,76.15039832458544,183.61097087370524,24.0,40.0,-0.2562959717894066,5.843410491943359,14.306135523168628,0.6051113840620193,7.0,14.674565315246582,0.0,4
178.0,49.5136127440538,179.01896158637703,24.0,40.0,-0.231516901789423,5.730371475219727,15.473248648460343,0.796301565292048,4.0,12.84585189819336,0.0,4
162.0,52.226686942741615,158.6213216463767,24.0,40.0,-0.21410521142762418,5.6366844177246085,13.731120522386583,1.3278013059664582,4.0,12.84585189819336,0.0,4
195.0,71.55289429733519,191.78872135658023,24.0,40.0,-0.2799527856830847,6.116344928741455,12.614917902717524,0.9291354270957529,7.0,14.674565315246582,0.0,4
216.0,99.8442168990032,214.1987029611247,41.0,40.0,-0.21775681037608835,5.598005390167238,13.621522815652087,0.7579166281713113,4.0,14.272902488708496,3463461622774.0,4
125.0,9.415137933413934,123.50349243241178,34.0,80.0,0.16691921442877916,5.347776412963867,13.40737864077668,0.0,4.0,12.39930534362793,3331660335544.0,4
240.0,131.70429096796414,236.64185489695635,24.0,40.0,-0.2302118903010873,5.855123996734619,14.115018118269685,0.9560783452819037,4.0,13.576733589172363,0.0,4
173.0,50.45850548891606,170.48526735606413,24.0,40.0,-0.250075714367632,5.881823539733887,13.679881367456339,1.3900212800587002,7.0,12.716801643371582,0.0,4
221.0,84.80145557192314,216.6152663240915,34.0,40.0,-0.2787862152245661,5.868599891662598,14.383212380831607,0.7782331066208393,7.0,13.662251472473145,0.0,4
216.0,121.78923419934452,215.80954881341637,34.0,40.0,-0.24337289260096134,5.808485507965088,13.6008466840155,1.002116710038749,4.0,13.576733589172363,443834231225.0,4
238.0,136.03304225631462,235.99751604528942,34.0,40.0,-0.256140194449404,5.752655506134033,13.779994981062979,0.8289407709178712,4.0,13.63137149810791,4759490936661.0,4
197.0,66.94691714638674,194.42559688267258,24.0,40.0,-0.22539019466144078,5.792226314544678,13.792133497767557,0.9412992983489701,4.0,14.378211021423338,0.0,4
208.0,109.09836683396057,203.99252707999753,34.0,40.0,-0.24520374200123407,5.6957221031188965,14.158989805283877,0.8756498024769545,7.0,13.576733589172363,0.0,4
137.0,4.262138313366518,134.66584380685464,24.0,40.0,-0.21567976758555873,5.54984188079834,10.890071145575256,1.1843479663454666,4.0,12.39930534362793,0.0,4
141.0,3.105097689149181,136.40499982401343,34.0,10.0,-0.2533350224330558,5.9369306564331055,5.508455264697611,1.1136039151681068,4.0,13.244415283203125,0.0,4
275.0,157.57412503557802,274.52282764441424,34.0,40.0,-0.2805660646208147,5.500436964312802,14.497596077984964,0.9939901949624159,7.0,13.390348434448242,1061531525785.0,4
171.0,45.302283394438994,169.51467039440837,34.0,40.0,-0.28071820214717724,5.915119171142578,11.943803870170274,0.7741924789900305,4.0,14.37821102142334,0.0,4
225.0,124.0842222054387,223.27590645080966,24.0,40.0,-0.24310079130946946,5.758850097656251,14.433443667743097,0.8336091693577437,7.0,13.576733589172363,0.0,4
227.0,82.33645488357378,224.0755469262212,24.0,40.0,-0.26350565556040906,5.659897327423096,14.249992012163947,0.6723467015097535,7.0,14.272902488708494,0.0,4
297.0,61.96535271957217,306.45761399733885,31.0,10.0,-0.39330584535749086,6.04687786102295,6.778216131017302,5.741723330602167,6.0,13.024543762207031,0.0,4
139.0,32.67463943080737,137.05556470848387,34.0,40.0,-0.2871545230728749,6.066114902496337,13.549356569739674,0.9999707567071867,4.0,14.522343635559082,0.0,4
226.0,62.199106914968354,221.90097492967357,34.0,40.0,-0.2865071631735166,5.778487682342529,10.34670439865629,0.8507349293446809,7.0,14.146509170532227,0.0,4
179.0,64.62558128069888,176.87829725405274,24.0,40.0,-0.23950830182824354,5.686665793298519,14.313217309455101,1.283043273637749,6.0,12.84585189819336,0.0,4
143.0,45.42800741613602,139.4050616741623,34.0,40.0,-0.1963164564693275,5.636684417724609,13.588144643148507,0.9703616078712711,4.0,12.683869171142575,0.0,4
177.0,33.83691770384047,175.61518385194987,21.0,40.0,-0.29439177376695314,5.78829050064087,13.388068768762428,1.3978218753566778,4.0,13.488478660583496,876856500680.0,4
175.0,70.96121176989203,171.5635874420868,34.0,40.0,-0.2520920631003703,5.926820278167725,11.664900099847852,0.7374796684252285,7.0,14.343480110168457,0.0,4
170.0,119.41426224989455,165.83085892448102,34.0,40.0,-0.2844655191570162,5.868382453918457,13.141924586762288,1.4060815826123876,4.0,14.324744224548338,0.0,4
101.0,23.926702532070028,97.86755734025235,31.0,80.0,-0.1502180692842469,5.909002780914307,9.704164677356069,1.6316648795354585,0.0,12.883625984191895,1404166754262.0,4
186.0,75.88180978623554,186.86485736216298,31.0,40.0,-0.26500374614391714,6.023896217346192,13.511720909211116,1.3364907289394714,4.0,13.024543762207031,0.0,4
137.0,32.28879205440484,133.91856534247336,34.0,40.0,-0.22228906271360632,5.7128682136535645,13.587605362119849,0.8162803290926696,4.0,12.716801643371582,3761449983757.0,4
120.0,45.31399095083704,119.23834498015167,24.0,40.0,-0.23770575153413886,5.87106990814209,13.516677825019972,0.7916945625499346,4.0,12.883625984191895,0.0,4
191.0,41.44066677121573,190.13387674239598,34.0,40.0,-0.26297751598685426,5.904160976409912,14.405157322854992,1.3625741157558262,7.0,14.37821102142334,0.0,4
195.0,110.83869719933068,193.11521418079744,34.0,40.0,-0.24304172715729805,5.907076835632324,13.492173934636053,0.7304348365901352,4.0,13.167326927185057,3400202049675.0,4
195.0,56.73138387789033,192.11250544924883,24.0,40.0,-0.2729170929673715,5.864820957183838,14.556250425234241,1.140626063085605,7.0,14.433333396911621,0.0,4
147.0,96.73666117834674,143.1753721058346,34.0,40.0,-0.24069946359836608,5.838842868804932,14.683932972338033,1.4598324308450839,7.0,14.219519615173342,0.0,4
183.0,67.3379786610129,181.82545426585983,24.0,50.0,-0.25927724797748797,5.968949794769287,12.550068390227345,1.161911233582233,4.0,14.281630516052246,0.0,4
174.0,77.56152608776003,172.49267412285383,21.0,60.0,-0.23804130133185544,5.774965763092041,16.446675119316016,0.8575575948062738,7.0,13.662251472473145,3203305532192.0,4
257.0,140.13746313433924,257.6454808284508,34.0,40.0,-0.28184635033552297,5.752655506134033,14.13904893453014,1.022279870571932,7.0,13.63137149810791,0.0,4
237.0,144.28216901267166,234.675335796451,34.0,40.0,-0.23941096473142892,5.931555271148682,14.096900160277459,0.7422504006936399,6.0,13.763900756835938,2612365100906.0,4
181.0,60.934251798950655,179.74638568783274,34.0,40.0,-0.24757085233027004,5.792226314544678,13.994429330360296,1.0273022127208622,7.0,14.37821102142334,0.0,4
234.0,122.70413841804684,233.80607288440245,24.0,40.0,-0.24342891812475123,5.808485507965088,13.668983983687221,1.0604237841947828,4.0,13.576733589172363,0.0,4
200.0,70.75379850636331,196.67500595577795,24.0,40.0,-0.27120616787893215,5.7764673233032235,14.174895312237854,1.131546034285296,7.0,14.272902488708496,0.0,4
179.0,100.65737219086412,179.98674278497734,24.0,40.0,-0.2583064177970428,5.906524658203126,12.961962938128012,0.9995675394946981,7.0,13.986577033996582,0.0,4
421.0,22.066055292784448,405.0178160784989,22.0,10.0,-0.2608287237968069,5.341612339019775,14.287648529284091,25.219121323210228,4.0,12.830549749609542,0.0,4
212.0,82.5865122284025,208.0028272732028,24.0,40.0,-0.24254250722626516,5.847716808319092,14.134206419420426,0.7811138674099546,6.0,14.674565315246582,0.0,4
185.0,46.515738446282725,180.3060701861598,34.0,40.0,-0.268301794329671,5.958152770996094,13.705737614686187,1.2643440367154724,4.0,14.433333396911621,177059583854.0,4
246.0,135.82650700203078,244.0235717140277,24.0,40.0,-0.2308719771282364,5.841859039751073,14.27728385837143,1.1932096459285686,6.0,13.480916023254395,0.0,4
222.0,128.95522489346874,221.55432302457478,24.0,40.0,-0.2558914702525883,5.881443291494293,14.222533925922495,1.0563348148062355,6.0,13.167326927185059,0.0,4
171.0,29.417992048967804,165.26130834559928,21.0,40.0,-0.2710785583947809,5.788290500640869,14.663243866996698,1.488545895713607,7.0,13.187829971313477,0.0,4
202.0,104.20668296219854,198.91974923415037,34.0,40.0,-0.26108505172224694,5.897175560258841,12.771089416337265,0.9825180613910514,4.0,14.32474422454834,0.0,4
196.0,78.04812322043476,194.47571657010567,41.0,40.0,-0.26210081602430224,5.847716808319092,13.383236184288906,0.7932214621851256,6.0,14.674565315246584,0.0,4
167.0,51.20980746956454,164.71346650943585,34.0,40.0,-0.263380534741009,5.792226314544678,13.894090804136075,0.7160688776097364,4.0,14.623725891113281,398010546033.0,4
177.0,33.451782828073476,174.90962181735642,24.0,40.0,-0.27444337109077244,5.904160976409912,14.54570091011201,1.1142522752800286,7.0,14.52234363555908,0.0,4
185.0,91.17298445378039,181.8666672952284,41.0,30.0,-0.24105175197370227,5.7597479820251465,12.140583939092497,1.2684966877366386,4.0,13.881834983825684,2947163599250.0,4
160.0,90.52017962241291,160.81107637872387,34.0,40.0,-0.24182606143732002,5.771417617797852,13.15992054161139,1.1459444581645712,7.0,13.986577033996582,3809871327307.0,4
228.0,120.29667579740573,226.6191181201633,24.0,40.0,-0.24678193790185865,5.907076835632324,13.47506601957965,0.8941419740721436,4.0,13.167326927185059,0.0,4
155.0,53.04941838248845,158.0780633949981,34.0,40.0,-0.21819579313450985,5.831090828053,14.087535246112006,0.676605105571292,7.0,14.006169319152832,0.0,4
197.0,95.5454596451683,193.69252156986795,42.0,40.0,-0.22389541024666426,5.570775032043457,14.201406324543623,0.7345172743195403,7.0,14.272902488708496,4198259638324.0,4
232.0,99.57836643326792,229.6529562372653,34.0,40.0,-0.23687190940673727,5.875365257263184,12.683898540559744,1.1820830983071748,4.0,13.881834983825684,0.0,4
212.0,88.55966732536044,209.51525407769066,34.0,40.0,-0.2392862599871709,5.697370529174805,14.438336224258542,0.8458405606463576,7.0,13.744609153434025,0.0,4
161.0,77.80180709495832,160.2840353619626,34.0,40.0,-0.2565523311588923,5.853451251983643,13.65716886003532,1.1429221500882978,4.0,14.281630516052246,0.0,4
171.0,69.28265627298347,170.707254426887,34.0,30.0,-0.2526730641237111,5.853451251983643,11.945279075204132,1.1966196856166897,4.0,14.281630516052246,0.0,4
187.0,85.4503080116876,188.59320944354695,41.0,40.0,-0.26303228943616547,5.94607861401283,10.496563719786987,2.3724772606335507,4.0,13.369390487670898,0.0,4
179.0,65.18334026905927,177.50419853810138,34.0,40.0,-0.26557981159985505,5.778915041395761,13.505048425133236,0.7626210628330893,4.0,14.37821102142334,0.0,4
151.0,89.58721929571577,148.89936445306975,41.0,40.0,-0.25021680903840626,5.847838878631592,14.037744306553428,0.6042556992203694,7.0,14.21951961517334,4186991161708.0,4
217.0,127.4894910683129,215.422920112392,41.0,40.0,-0.25168730082513807,5.75885009765625,13.458791944197124,0.4928702714516511,4.0,13.576733589172363,0.0,4
229.0,112.34742753737663,225.24214569469245,34.0,40.0,-0.2682940602183642,5.505928039550781,13.243793500738402,1.271440129023873,7.0,13.63137149810791,2126589734470.0,4
164.0,89.71817043212336,162.31549632857178,24.0,40.0,-0.24759909390436044,5.847838878631592,14.442952116991485,0.8573802924787148,7.0,14.21951961517334,0.0,4
176.0,63.66541441655322,171.98045894817113,34.0,40.0,-0.2692476627190614,5.777546706264966,13.70302162788098,1.2575540697024574,4.0,14.378211021423342,2263678875675.0,4
131.0,32.186544327748855,128.03738779970303,34.0,40.0,-0.2421023403374274,5.946240425109863,13.876765072420255,0.7054118165739642,6.0,12.883625984191895,3933639386676.0,4
131.0,3.678932356418139,128.51096860568788,34.0,80.0,-0.054883626986296834,5.9369306564331055,0.0,0.14378069294115467,0.0,13.187829971313477,2778718740839.0,4
263.0,141.67902556211612,262.11331512576993,24.0,40.0,-0.257214272853811,5.771864414215088,14.55187704293806,1.1515971159234257,7.0,13.63137149810791,0.0,4
168.0,41.552105847588706,161.58120918705168,24.0,40.0,-0.2442170752340978,5.565328598022461,13.904625110813921,0.8837864769949392,4.0,12.716801643371582,0.0,4
250.0,126.88514562869261,247.95423114551858,34.0,40.0,-0.258840260189856,5.898028373718262,14.145789674070226,0.8644741851755644,6.0,13.480916023254395,143929100692.0,4
174.0,29.054203947104853,174.68769069204365,21.0,40.0,-0.27103354901547044,5.788290500640869,14.393784637405517,1.3917165476300182,7.0,13.187829971313477,0.0,4
283.0,164.39247511715203,278.2684172687018,31.0,30.0,-0.33459917778965087,5.48607635498047,13.060124798422159,6.8638377308608955,4.0,13.441119194030762,3948696847888.0,4
198.0,115.44520597623301,197.16595037201338,34.0,40.0,-0.2678267114481748,5.81020975112915,13.682615900308566,1.1332853286407982,4.0,13.96935916273561,0.0,4
156.0,16.4921639378219,154.36653508134225,41.0,30.0,-0.28366385938750605,5.9281134605407715,12.62284472502489,0.9469974356503976,7.0,14.623725891113281,2695624061762.0,4
232.0,82.4508752855958,228.11034201758878,24.0,40.0,-0.2579733985744104,5.868599891662598,13.131776535008926,0.944217238573117,4.0,13.662251472473143,0.0,4
241.0,111.90892149350086,238.24293801893276,24.0,40.0,-0.23650995103511296,5.827413558959961,13.962505472634518,1.1752755182666788,4.0,13.480916023254395,0.0,4
218.0,116.28071809638644,214.4867009796699,34.0,40.0,-0.22988001267981972,5.486354827880859,16.83377886056826,0.9201699869043567,4.0,13.390348434448242,867761383259.0,4
193.0,59.86336970462897,190.8869733134394,24.0,40.0,-0.2872703729046508,6.116344928741455,13.216165024504257,0.8000880500224807,4.0,14.627273142916488,0.0,4
229.0,124.30705595878881,227.41282053441498,34.0,40.0,-0.25136213062735113,5.75885009765625,14.53157557928621,1.0789389482155218,7.0,13.881834983825684,0.0,4
197.0,95.48676881800225,191.341173397916,34.0,40.0,-0.29299828520098925,5.7597479820251465,13.697574064476976,1.2439351611924412,4.0,13.881834983825684,0.0,4
243.0,130.2128978328867,240.06793487504183,34.0,40.0,-0.23370270866086662,5.800906181335449,14.030634235627382,0.7956306748511368,6.0,13.480916023254395,0.0,4
182.0,57.97429770567958,176.82548184573034,24.0,40.0,-0.28661863445236796,5.792226314544678,13.347158644492664,1.1557407394402464,6.0,14.37821102142334,0.0,4
204.0,90.66803048832185,201.81414659197978,41.0,40.0,-0.2797781866600181,5.570775032043457,14.179530814741995,1.8352015547429117,4.0,14.146509170532227,831288834077.0,4
179.0,42.16845632361817,180.14503479612736,24.0,40.0,-0.2305500649489501,5.874993324279785,14.299963401752464,1.274945078393623,6.0,14.623725891113281,0.0,4
200.0,97.0502026029223,197.58248956971767,34.0,40.0,-0.26115132360354354,5.7884721755981445,13.341748906015232,0.8463259822876148,7.0,13.576733589172365,817921026900.0,4
268.0,138.5026750988717,264.01936424469466,24.0,40.0,-0.2690881010199944,5.771864414215088,12.741652379976424,1.2132345541437708,4.0,13.450253195901515,0.0,4
167.0,78.63441386725754,164.91527938792035,24.0,40.0,-0.2799092190255206,5.853451251983643,13.637301930247315,1.0932548256182848,4.0,14.281630516052246,0.0,4
208.0,73.87483340046424,209.0653644065079,24.0,40.0,-0.26928420270245434,5.776467323303223,13.696832426656922,0.6085260726270825,4.0,14.272902488708496,0.0,4
138.0,25.186923417086984,133.37181479363608,41.0,40.0,-0.2649971509411042,6.066114902496338,12.907580822272786,0.3246775510935256,4.0,13.244415283203125,745176539306.0,4
206.0,91.12922858961484,200.230829339599,34.0,40.0,-0.26938063909215115,5.570775032043457,13.904767225294282,1.0721654365569533,7.0,14.146509170532227,3122949944235.0,4
187.0,53.051043887347014,184.05130992006127,24.0,60.0,-0.2187704785915112,5.4593706130981445,17.184014850336958,0.6548103669647592,7.0,12.845851898193358,0.0,4
173.0,53.441321308922575,169.03630514042163,34.0,40.0,-0.23686284404879726,5.881823539733887,13.568201895781788,0.8769351158343125,4.0,12.716801643371582,0.0,4
244.0,107.19686366005435,240.78221621111936,24.0,40.0,-0.2405397077533598,5.9183502197265625,14.23467894333952,0.8554232527496579,6.0,13.480916023254395,0.0,4
168.0,36.07100049898054,165.3120073527761,24.0,40.0,-0.25948492010978813,6.049091815948486,14.44277960149196,0.908318866743576,7.0,14.52234363555908,0.0,4
221.0,131.1025735977114,217.833367479144,34.0,40.0,-0.2735070279310763,5.9315552711486825,14.207541567979614,1.0188539199490398,6.0,14.14562702178955,0.0,4
181.0,74.70575258413791,179.08360434612212,24.0,40.0,-0.24918749020016975,6.175222396850586,12.937155025830181,1.169759489034029,7.0,14.343480110168455,0.0,4
170.0,36.854119321896064,167.5907297233077,31.0,40.0,-0.3017265726045846,5.755035877227783,13.348943459135008,1.3275388579717944,4.0,14.433333396911623,0.0,4
182.0,27.501853998573594,178.40306129257706,34.0,40.0,-0.2675713168162104,5.939245223999023,14.6208670196452,1.3021675491130027,7.0,14.623725891113281,0.0,4
220.0,121.96613031333167,216.94606949341602,24.0,40.0,-0.2251545999405757,5.907076835632324,13.562725341093323,0.9068133527333034,4.0,13.167326927185059,0.0,4
183.0,77.69742505473036,180.4249991825721,34.0,40.0,-0.26018409146512933,5.774965763092041,12.791930183805572,1.0101220415063021,6.0,13.662251472473145,0.0,4
220.0,106.95288948119098,216.84907802577223,34.0,40.0,-0.23971667192704904,5.872441291809082,13.996592790395871,1.3390148926009593,4.0,13.167326927185059,0.0,4
108.0,42.27525194723809,108.61655165455039,34.0,10.0,-0.2841140956332645,5.87106990814209,5.09132609941739,0.9924461170101475,4.0,12.883625984191895,0.0,4
172.0,75.45310676396649,171.48910727304985,34.0,40.0,-0.29517409401397143,6.010284776556982,10.950871102967747,0.7205079875041228,4.0,13.024543762207031,4259149353822.0,4
192.0,89.20836248452987,189.20623100677497,41.0,40.0,-0.23634770845364875,5.841049671173096,13.401797851590278,0.5044946289756909,4.0,13.3126780235604,5185025717124.0,4
225.0,113.04085090445723,221.32005016003734,34.0,40.0,-0.2571176863708368,5.6144819259643555,14.54575484726464,1.114387118161594,7.0,13.7530418814045,0.0,4
202.0,97.6749505506329,201.03760399801294,24.0,40.0,-0.25472547905228554,5.872441291809083,13.678240159839238,0.9065327044258795,4.0,13.167326927185057,0.0,4
534.0,24.44792867395648,510.9635407293712,21.0,10.0,-0.3014568388549266,5.341612339019775,7.6821211034767405,8.70530275869185,4.0,13.198084463060402,0.0,4
175.0,45.01193315964564,170.25257837899528,34.0,40.0,-0.276513951228866,5.915119171142577,13.103937160084456,1.0816144123802285,4.0,14.516938840995712,287227122817.0,4
162.0,89.28376346119931,160.908921931465,34.0,40.0,-0.26622835131683364,5.512523174285889,13.435823340517418,0.589558351293547,4.0,13.45292663574219,2028490373860.0,4
134.0,40.697758179203035,133.4968923867803,34.0,50.0,-0.2453821461205325,5.622495174407959,15.03565890243073,0.6650882056710994,4.0,14.006169319152832,118533557178.0,4
178.0,23.193365489948008,176.33645153793984,21.0,40.0,-0.267312473059493,5.939245223999023,13.248728902497,1.354738867493735,6.0,14.623725891113283,0.0,4
253.0,139.3862829330833,249.68128751726087,34.0,40.0,-0.27880525744917367,5.610065937042236,13.46616144415577,0.6654036103894307,4.0,13.390348434448242,0.0,4
263.0,132.8689181952983,260.12809847377525,24.0,40.0,-0.22423406098890636,5.896346438420961,13.984111612701476,0.46027903175368656,6.0,13.480916023254395,0.0,4
138.0,8.677828207689986,135.93522481693813,34.0,40.0,-0.2632058765409712,5.727328777313232,0.90150579372883,0.11342454084710571,7.0,13.187829971313477,0.0,4
186.0,63.733537110662326,182.9627122219739,34.0,40.0,-0.2788934540020881,5.787908782697704,13.73656017079476,1.341400426986903,4.0,14.37821102142334,444910400711.0,4
200.0,27.711756417374268,195.9094119125104,31.0,40.0,-0.26373928530147345,5.939245223999023,14.422654922038005,1.3408838804374685,6.0,14.623725891113281,0.0,4
182.0,67.07853479743981,180.713517319438,34.0,40.0,-0.23704708781405973,5.5630807876586905,14.799399668057665,0.8807175502480189,4.0,12.84585189819336,1079031275558.0,4
173.0,36.65496854864366,169.084974115785,34.0,40.0,-0.27245476243819083,5.731080055236816,14.021056690339725,0.9373670882645506,7.0,14.433333396911623,0.0,4
193.0,41.100805524321075,188.26573773320837,31.0,40.0,-0.287045846881663,5.755035877227783,12.20588390355157,2.1372792495027833,4.0,13.024543762207031,0.0,4
242.0,132.31347773112248,238.97514009431308,34.0,40.0,-0.27107500931670964,5.611311912536621,14.26041299772955,0.8684483740951012,7.0,13.816408157348633,0.0,4
238.0,128.643191084857,235.35633496460662,34.0,40.0,-0.2514973073781593,5.610065937042236,13.994688922880439,0.9254309120687467,4.0,13.390348434448242,0.0,4
141.0,106.6685773993628,140.25637653856654,24.0,40.0,-0.22243370229869092,5.8756327629089355,14.160257039899637,0.8795959180094833,7.0,14.21951961517334,0.0,4
212.0,50.25147483588444,206.2185823664035,31.0,30.0,-0.32068115844262285,5.788801670074463,12.595481602418484,2.4181095120976437,6.0,14.37821102142334,0.0,4
152.0,16.084378860660202,147.34451554393917,24.0,40.0,-0.2801222987426439,5.897992134094239,14.30066816813325,0.5016704203331238,7.0,13.244415283203125,0.0,4
169.0,119.39146362473713,167.45709453978003,24.0,40.0,-0.2836538918602734,5.868382453918457,14.240418635186522,1.451957613368522,7.0,14.32474422454834,0.0,4
165.0,68.22984105644767,163.32187151517587,41.0,40.0,-0.23691253434915716,5.542742729187012,13.482689061614801,0.6334682319064081,4.0,12.84585189819336,5525092990233.0,4
162.0,118.06387458574638,161.72443600236164,41.0,40.0,-0.2708347888945076,5.868382453918458,13.621310452906302,0.8924036758220887,4.0,14.32474422454834,2932384319308.0,4
212.0,82.94088228787551,205.34099138668046,24.0,40.0,-0.2533494067106463,5.847716808319092,14.396491958147227,1.003445615543619,7.0,14.674565315246584,0.0,4
114.0,51.19570271870735,110.16161499368428,24.0,40.0,-0.24400065959149939,5.87106990814209,13.34548447162742,1.0062434306977397,4.0,13.282510314867332,0.0,4
163.0,105.36160114971098,159.95940853159013,34.0,40.0,-0.2784949993608422,5.906524658203125,13.726847769700724,1.3171194242518087,4.0,13.986577033996582,3075314021839.0,4
182.0,107.36914260796377,177.10047337272917,34.0,40.0,-0.22755334936394495,5.582614421844482,13.18557493458691,1.320101720028883,4.0,13.167326927185059,2433171228525.0,4
214.0,55.49397203264233,210.2305974802801,34.0,30.0,-0.2910944101800628,5.86511535513891,11.864456473146989,1.047509050935228,4.0,14.623725891113281,0.0,4
173.0,65.17261325366289,171.25080829371237,24.0,40.0,-0.2503462641864457,5.8545122146606445,13.84028502224076,0.774804855109618,7.0,14.343480110168457,0.0,4
156.0,26.718158728568667,154.81474126467504,41.0,40.0,-0.27701244551873205,5.874993324279785,13.579569734194,0.9489243354850045,4.0,14.623725891113283,2093108525350.0,4
226.0,127.29133927274884,222.78315829066372,34.0,40.0,-0.26647233953420735,5.855123996734619,14.527407419059738,1.0685185476493466,7.0,13.741429099295907,2921300801596.0,4
155.0,95.31733222107302,151.3475970814529,41.0,40.0,-0.24177095934437395,5.847838878631592,14.58611324149983,1.2152831037495768,7.0,14.21951961517334,0.0,4
164.0,90.1362252546588,161.80309453356188,34.0,40.0,-0.2183637935424963,5.512523174285888,13.434654152330241,0.5866353808256046,4.0,13.452926635742188,469351557810.0,4
168.0,83.06699036626286,164.31931614511143,34.0,40.0,-0.25736704473562705,6.026456356048584,3.1193884367423097,0.07619419333180028,7.0,14.343480110168455,0.0,4
188.0,65.79691512221206,185.048476848559,24.0,40.0,-0.28846397074570024,5.968949794769287,9.371611517558467,1.3950482113720617,4.0,14.281630516052248,0.0,4
132.0,45.74386678613787,126.94639054978376,34.0,40.0,-0.2706482749869793,5.946240425109863,13.63563217750716,0.8116831834938691,4.0,14.006169319152832,0.0,4
199.0,80.88975423626002,197.57354100365998,34.0,40.0,-0.25722802623121443,5.8434104919433585,13.830378155575778,1.1754599520462228,7.0,14.674565315246582,0.0,4
226.0,103.02356832903288,223.4686871854973,34.0,40.0,-0.24973424638161126,5.60711697606207,14.3121409709277,0.8147519485321658,7.0,13.816408157348633,0.0,4
198.0,72.25827801539091,193.3353865771492,34.0,40.0,-0.2591321851054879,5.774965763092041,13.714837555419196,1.2870938885479934,4.0,13.662251472473145,1716531459747.0,4
229.0,63.834321022625595,228.8891024687328,31.0,40.0,-0.27733198258015423,5.732264041900635,13.57562518578828,0.9390629644706994,4.0,13.024543762207031,1661314368633.0,4
199.0,59.81316903361526,198.15131889106846,24.0,40.0,-0.2550093351347932,5.86511535513891,13.523675725278357,0.7940277225588416,4.0,14.623725891113281,0.0,4
170.0,118.41888036076737,169.1617710024741,34.0,40.0,-0.2626547713786438,5.877215816550059,13.689787436398532,1.224468590996329,4.0,14.32474422454834,0.0,4
203.0,72.87616710064898,199.72730995134594,24.0,40.0,-0.25545888725375376,5.774965763092041,13.430637161007805,0.5765929025195142,4.0,13.662251472473143,0.0,4
281.0,28.664422008336707,320.0100825548627,22.0,10.0,-0.2939616257775929,5.341612339019775,13.831690362178799,24.004614919943627,4.0,14.006169319152832,0.0,4
235.0,113.00055797013981,233.20312040633127,34.0,40.0,-0.25527088460111735,5.505928039550781,12.715491888765834,1.015388852117675,7.0,13.63137149810791,0.0,4
145.0,32.525443132883225,143.3214569749311,34.0,40.0,-0.23020482006336498,5.565328598022461,13.976985703652444,0.9629457061318414,4.0,12.716801643371582,970474563576.0,4
277.0,146.58325037531864,272.21812865415427,24.0,60.0,-0.17910055344465298,5.5810394287109375,18.569635902069457,0.7102980275502384,4.0,13.390348434448242,0.0,4
231.0,121.0626442271179,227.90256299154447,34.0,40.0,-0.25893458959697685,5.829627317925021,14.435051499118291,0.8376287477957252,7.0,13.881834983825684,0.0,4
198.0,78.74956790739358,195.67231162216208,34.0,40.0,-0.25385779237902556,5.843410491943359,14.078363418806124,0.6445386840016302,6.0,14.674565315246582,0.0,4
146.0,108.53797218362739,145.40805382305575,24.0,40.0,-0.24632306555465644,5.8756327629089355,14.101474990000014,1.1891642671266223,7.0,14.21951961517334,0.0,4
185.0,47.22258062835531,182.14338806696225,24.0,60.0,-0.2198916838700689,5.722415447235107,19.12027935849588,0.5402448784846781,4.0,12.84585189819336,0.0,4
147.0,43.85401088185645,145.02407077444818,34.0,40.0,-0.2303957927605941,5.659536348630305,14.40772810428506,1.0189478707671857,7.0,14.006169319152832,0.0,4
215.0,78.39599188784467,208.63792309360872,42.0,40.0,-0.27585073039480645,5.728942485704813,13.631217957037624,1.0780448925940624,4.0,14.346285820007324,0.0,4
145.0,13.121868301044287,142.74594826934853,24.0,40.0,-0.21186877440377294,5.677698135375977,13.65601029662284,0.7579536575033776,4.0,12.39930534362793,0.0,4
142.0,112.81351962532479,139.62553709963402,34.0,40.0,-0.2804571664353953,5.9232587814331055,12.343437234932736,0.7612397158727745,4.0,14.238202095031738,0.0,4
171.0,75.17439653554986,168.54383520407174,24.0,40.0,-0.2515585561408404,5.994211673736572,13.579513642001874,0.9487841050046892,4.0,14.67456531524658,0.0,4
109.0,41.66171340491136,109.0969066873036,34.0,10.0,-0.2917044712335349,5.871069908142091,5.994198390855229,0.9376837680672468,4.0,12.883625984191895,0.0,4
173.0,51.606260079135645,176.71106813301157,34.0,40.0,-0.26547237924001715,5.570817123339014,13.577639234922461,0.9440980873061569,4.0,12.84585189819336,0.0,4
171.0,24.64299590608671,166.7523714800437,24.0,40.0,-0.28852246802591025,5.897992134094238,14.286877421302858,0.9771017857348718,7.0,13.244415283203125,0.0,4
146.0,42.34198892559513,142.73125833094565,34.0,60.0,-0.22483583237598762,6.048216819763184,19.03227504323235,0.8155991654682171,4.0,14.522343635559084,5632928829043.0,4
179.0,19.788679356902943,176.13253534243088,31.0,10.0,-0.28791018578184824,5.341612339019775,7.446958241331199,8.007454121748005,4.0,12.39930534362793,0.0,4
173.0,67.95292708060575,170.6315320759349,34.0,40.0,-0.22288555639873614,5.603042406248815,13.96229406027102,0.8577899451981292,6.0,12.84585189819336,0.0,4
173.0,59.87366818495358,170.54880850307805,34.0,40.0,-0.2897074715636765,6.116344928741455,11.493393312468953,0.8325656059495753,4.0,14.627273142916488,1913470475985.0,4
144.0,105.45568640909522,143.34990111639067,34.0,40.0,-0.22928530368252859,5.927395820617676,14.520668876944505,1.6035740410113153,4.0,14.040823936462393,0.0,4
136.0,104.56658993483211,134.19114758298363,34.0,40.0,-0.19239530424628476,5.927395820617676,14.36657638863091,1.0912448018737877,7.0,14.21951961517334,1295550407376.0,4
129.0,109.71677368936439,126.56827205348975,34.0,40.0,-0.23165596967318067,5.8756327629089355,14.170866972070588,0.8519579608320711,7.0,14.21951961517334,1644033965689.0,4
227.0,111.74898522148173,224.07741227310402,31.0,40.0,-0.2916779599658724,5.8598833084106445,10.100569063140592,1.435157197018631,4.0,13.881834983825684,0.0,4
234.0,106.28750417138916,233.1209764669576,34.0,40.0,-0.24785029587593133,5.9183502197265625,13.544118573694474,0.8602964342361915,4.0,13.530344388256335,0.0,4
213.0,94.37277204271973,208.0419582102619,34.0,40.0,-0.24185159268460332,5.841049671173096,13.645772385649234,1.1144309641230843,4.0,13.312678023560402,223861075266.0,4
240.0,140.95842562772663,237.6541838515929,24.0,40.0,-0.24444732622971033,5.888583660125732,13.372283322878578,0.8482505335565457,6.0,13.480916023254395,2363490282459.0,4
131.0,0.5890410958904226,128.3000030517578,34.0,80.0,0.12173458068942364,5.9369306564331055,0.0,0.008884485369550311,0.0,13.244415283203125,0.0,4
126.0,11.771308875064852,124.3251542868742,34.0,80.0,-0.012439053805795146,5.754062652587891,7.430534888156352,0.4975189915234258,0.0,12.39930534362793,3180118878009.0,4
268.0,139.49124503363046,264.7601221071658,34.0,40.0,-0.25286018555905376,5.752655506134033,13.776633870219563,0.8411058884761757,6.0,13.63137149810791,0.0,4
127.0,37.755572402149866,125.05923126663106,34.0,40.0,-0.2606567146122051,5.946240425109863,13.541124697150753,0.9318116098804875,4.0,14.006169319152832,0.0,4
188.0,89.97182789243888,186.14390442608868,34.0,40.0,-0.2438276243821818,5.570842742919921,14.180985821678783,1.1644475306565971,6.0,13.167326927185059,0.0,4
183.0,33.71843064467467,177.8452200255283,24.0,40.0,-0.26820647672764036,5.874993324279785,13.748205461769695,1.3705136544242376,4.0,14.623725891113281,0.0,4
188.0,50.0255387934423,183.5106707542878,31.0,40.0,-0.29137581083539604,5.622495174407958,13.787138347128563,3.7468723341067998,4.0,14.006169319152832,0.0,4
188.0,72.27198144852744,185.89217898154132,24.0,40.0,-0.22353580862200467,6.175222396850586,13.589895222586264,0.9747380564656609,4.0,14.343480110168457,0.0,4
217.0,109.8588737523418,215.6764000092183,24.0,40.0,-0.232095750243222,5.872441291809083,13.767350061771534,0.9386903559183267,4.0,13.167326927185057,0.0,4
137.0,39.87703087450255,137.57850253600702,34.0,40.0,-0.22799469109251522,5.761422748010135,11.800456256122617,1.0759511204234489,4.0,14.006169319152832,2333186172497.0,4
242.0,124.83814700077245,240.3085196177334,34.0,40.0,-0.24225395489625268,5.6144819259643555,13.311388351366492,0.9248334266274083,4.0,13.390348434448244,0.0,4
151.0,105.6656262538098,151.23877060640717,24.0,40.0,-0.2186362286073157,5.8756327629089355,14.482972818663312,0.95743204665828,7.0,14.21951961517334,0.0,4
145.0,5.6434514883936435,143.50865239700067,24.0,10.0,-0.30134274507872205,6.049216270446778,4.857843209100625,1.3793200855258865,4.0,13.244415283203125,0.0,4
122.0,38.70221942658452,121.54753924011007,34.0,40.0,-0.23140296595086046,5.946240425109863,13.50473788609576,0.7618447152394023,4.0,13.282510314867332,0.0,4
226.0,126.11247550104576,228.17275046647777,24.0,40.0,-0.22781154063450623,5.855123996734619,14.275015901361852,0.4599230490556521,7.0,13.576733589172363,0.0,4
175.0,60.92748715931266,175.50168980688375,34.0,40.0,-0.21948932086887127,5.69011926651001,14.130870747924538,0.963631185544809,6.0,12.845851898193358,0.0,4
138.0,16.406887493168504,136.92853926343952,42.0,40.0,-0.2761013863497012,5.993587970733642,14.240146675530317,0.9255096599655854,7.0,13.187829971313477,277372974704.0,5
169.0,21.59951099965758,164.93702034923007,34.0,40.0,-0.3160096790169379,5.795051917606161,14.337706945180592,1.1044947868110575,6.0,13.187829971313477,0.0,5
92.0,44.1133716296961,91.98201278603321,34.0,80.0,-0.03628708919620974,5.928748607635499,3.700972804751746,0.1301019147920354,7.0,12.883625984191895,606911151826.0,5
93.0,20.53051036015615,97.00890986121371,41.0,80.0,-0.13303679890860148,5.760472188336529,0.21224922713381797,1.047986157274352,0.0,12.559779021695393,0.0,5
147.0,15.257985181875153,142.60347912566831,31.0,40.0,-0.27046067194666673,5.972259521484376,16.440810055874838,1.377400854542683,7.0,13.244415283203125,891147163218.0,5
166.0,22.23601765627824,161.84601517504942,41.0,40.0,-0.3090129436869813,5.780333917434901,14.33581293674808,1.0313131637880197,6.0,13.187829971313477,3165616066167.0,5
150.0,22.914150594616842,145.34445718916714,31.0,60.0,-0.23431777756357638,5.972259521484375,16.957348126854065,1.3602209621675374,7.0,14.623725891113281,3453768329123.0,5
168.0,29.892707651586843,168.22462420275215,31.0,40.0,-0.27408232665835686,5.788290500640869,13.692669751565415,1.0053277902708413,7.0,13.187829971313478,489510428672.0,5
171.0,73.34785675326077,166.78336137887524,42.0,60.0,-0.2689215414050654,5.994211673736573,16.7175160680148,0.9514574130206745,7.0,14.674565315246582,2763977960702.0,5
148.0,18.68486043083847,146.2519489160988,41.0,40.0,-0.2972175182584659,5.941738677351443,12.052496465030305,0.8516561113721116,7.0,13.244415283203125,3161712609774.0,5
97.0,45.770441563804525,97.59688007503385,41.0,80.0,-0.15678042001959752,5.902429201070545,20.530739725820418,1.3123527059594327,7.0,12.883625984191895,0.0,5
138.0,16.37686862164446,136.60010836155172,34.0,40.0,-0.2817611690404037,5.993587970733643,14.27564311813651,0.8355434915774937,7.0,13.187829971313477,1105984180348.0,5
152.0,8.692221727036639,146.4006634730103,34.0,40.0,-0.2786702115352776,5.9369306564331055,14.606338298709204,1.2658457467730166,7.0,13.244415283203125,0.0,5
203.0,57.124228712066426,199.0647143512477,34.0,60.0,-0.29628480919451516,5.78828239440918,18.27981236703102,1.0322081352932113,4.0,13.024543762207031,5766945289149.0,5
145.0,11.668084936801941,141.72530529104924,34.0,40.0,-0.27606453221201654,5.897992134094238,12.19303942366199,1.164171906674304,7.0,13.244415283203125,614840076136.0,5
154.0,24.148947768579106,153.51883627476388,34.0,40.0,-0.290081479417341,5.817390918731698,14.330949825290537,1.2734910680807017,6.0,13.392570260452928,723405927600.0,5
152.0,18.543343280187912,151.36653172315027,34.0,80.0,-0.047896164245846806,5.672905856615877,20.078554512310223,1.1266961624083565,4.0,12.39930534362793,0.0,5
158.0,22.354989287185944,155.0329139134146,31.0,40.0,-0.2809229650464443,5.993587970733643,14.598041807317486,1.4004709234007908,7.0,13.187829971313478,0.0,5
146.0,16.278223200494814,142.87482393723658,34.0,40.0,-0.2689342934989536,5.897992134094238,14.471688632710153,0.9292215817753815,7.0,13.244415283203125,0.0,5
148.0,8.55178990870213,142.56617485743465,34.0,40.0,-0.27363367190321686,5.9369306564331055,14.638778512438241,1.3469462810956037,7.0,13.244415283203127,0.0,5
95.0,41.40852449571666,94.7076152630543,34.0,80.0,-0.14073621080238807,5.928748607635498,3.44400166792249,0.3378403182295708,7.0,12.883625984191895,0.0,5
143.0,25.755817180670345,140.58577835076943,41.0,40.0,-0.29266041973785345,6.049091815948486,14.36037894743938,0.6509473685984485,7.0,13.244415283203125,0.0,5
140.0,0.9797260268544141,139.09394613033322,21.0,80.0,-0.06494387047635794,5.9369306564331055,12.281739808270121,1.027897559031619,6.0,13.187829971313477,0.0,5
144.0,14.51502357516305,141.2182282115124,34.0,40.0,-0.30196425967638746,5.993587970733643,12.121101210666431,1.1256882574143097,7.0,13.187829971313477,0.0,5
170.0,47.143359067796936,168.32249700254786,34.0,50.0,-0.20403660704384338,5.7545552253723145,17.007351502824278,1.1026984804281414,6.0,12.716801643371582,0.0,5
144.0,12.976107630466856,146.92005372644195,34.0,40.0,-0.2667416857268398,5.897992134094238,14.735876122989753,1.5896903074743778,7.0,13.244415283203127,0.0,5
166.0,18.89817337627208,162.6918849197756,41.0,40.0,-0.27378330479944224,5.9281134605407715,14.417153515260718,1.7696094165601035,7.0,14.623725891113281,0.0,5
160.0,14.643768212195289,154.7823934736427,34.0,40.0,-0.25883840464232866,5.928113460540771,14.65222625404553,1.3805656351138194,7.0,13.244415283203125,0.0,5
168.0,20.909249468424782,166.39245088062066,41.0,40.0,-0.3059423212295425,5.9281134605407715,14.543256996283272,1.1081424907081798,7.0,14.593041275542921,0.0,5
228.0,127.96739632403364,224.56874613324948,34.0,80.0,-0.2169496473190014,5.800906181335449,19.410898452088148,1.0365900768135272,4.0,13.480916023254395,0.0,5
146.0,13.587094986493373,141.98737870003407,34.0,40.0,-0.30341404061524235,5.993587970733643,12.794849892093922,0.9637971600789883,7.0,13.187829971313478,0.0,5
142.0,72.83052551065393,140.2151758022742,42.0,80.0,-0.17019047420865785,5.387413024902343,25.071728904587506,0.988385966748754,7.0,13.452926635742188,344571647900.0,5
140.0,13.691347700259794,137.39071289906707,34.0,40.0,-0.25651994082090235,5.897992134094238,14.40232690577187,0.9585835897386655,7.0,13.244415283203125,3786043084175.0,5
163.0,17.917077322096436,160.6948864715248,41.0,40.0,-0.25663993491472004,5.9281134605407715,14.694421262432872,1.4860531560821841,7.0,14.623725891113281,543924848146.0,5
185.0,25.433652001533492,182.29118232305936,34.0,40.0,-0.25086933806833794,5.768929481506348,14.000757207983359,1.1578313096245776,6.0,13.187829971313477,0.0,5
179.0,24.01799381169561,174.16263232184812,41.0,40.0,-0.3006977363697526,5.939245223999023,14.820975674471809,1.8024391861795241,7.0,14.433333396911621,0.0,5
92.0,29.430060252046374,82.27127509398059,34.0,80.0,-0.055365690908020904,5.461524900417879,23.901855278431135,1.525511982485655,4.0,11.907972754321042,5898999967853.0,5
96.0,44.939702353813715,93.40350905412188,41.0,80.0,-0.08047761300972381,5.928748607635497,21.13247747212425,0.757892709436971,7.0,12.883625984191895,997361892842.0,5
148.0,14.062950756240074,144.8013353272944,34.0,40.0,-0.3102649318559926,5.993587970733643,12.974523343699419,1.1075744850630003,7.0,13.187829971313477,0.0,5
151.0,23.065117294660126,149.4777322770433,41.0,40.0,-0.28153699676729516,5.972259521484375,14.10244239391866,0.9047893203466875,7.0,14.623725891113281,2418817732543.0,5
144.0,16.606194221018573,139.89827792541467,41.0,40.0,-0.2650340546115256,6.01113748550415,14.498615750562543,0.996539376406363,7.0,13.244415283203123,2176978914745.0,5
154.0,20.462028129356757,149.44147432704955,41.0,40.0,-0.26904660579862844,5.972259521484375,14.667549525215396,1.4188738130384868,7.0,13.244415283203125,57098674074.0,5
145.0,25.59355243129203,142.99633233016738,34.0,40.0,-0.28051086479892406,6.049091815948486,14.432690524488617,0.8317263112215427,7.0,13.244415283203125,0.0,5
152.0,25.453007533205266,152.01892207425124,34.0,60.0,-0.17989076713461982,5.677698135375977,20.26844541301722,1.0316667976048437,6.0,12.716801643371582,0.0,5
210.0,36.045300244146475,202.9326939344,41.0,40.0,-0.3251811428175667,5.780333917434901,10.680029512704088,2.9723839293865284,4.0,13.488478660583496,0.0,5
146.0,18.733977332145926,144.34693027622689,41.0,40.0,-0.276917631819712,5.972259521484375,14.43166629178772,0.9730013459076721,7.0,13.244415283203125,0.0,5
127.0,18.628811622615874,123.7551315707402,34.0,40.0,-0.19493152695674648,5.754062652587891,14.145573668885161,1.1080357814694435,6.0,12.883625984191895,1028139197726.0,5
141.0,24.22045593646184,138.54025915394237,41.0,40.0,-0.2608024454058158,6.049091815948486,14.332578503416173,0.5814462585404321,7.0,13.244415283203125,4791552791026.0,5
183.0,24.803602484999704,180.4984192690042,34.0,40.0,-0.24806450678322634,5.768929481506348,14.291503833953891,1.2228345948594617,6.0,13.187829971313477,0.0,5
194.0,59.02595261481184,193.92381889545194,34.0,40.0,-0.275330033250306,6.196545600891113,4.748381843066021,0.8834296708380645,6.0,13.024543762207031,0.0,5
186.0,26.56959390960497,184.65566413271569,31.0,40.0,-0.32647198583315773,5.788290500640869,10.226470065951013,2.700501538064968,4.0,13.187829971313477,0.0,5
126.0,2.7880511573506634,123.5,41.0,80.0,0.11667780072975398,5.54984188079834,23.701758515987933,1.025270076377653,4.0,12.39930534362793,0.0,5
102.0,14.188111653928438,101.39490276082486,34.0,40.0,-0.1593482869112819,5.754062652587891,11.160963056826857,1.6537243065166205,7.0,12.883625984191895,0.0,5
149.0,12.23998427363912,145.89911719290637,31.0,40.0,-0.2615277143151925,5.9281134605407715,13.829177577914972,1.0944561139591513,7.0,13.244415283203125,0.0,5
154.0,24.464306371575887,150.00208101958765,41.0,40.0,-0.27060585499031675,5.972259521484375,14.57466330136844,1.2532096565332398,7.0,14.623725891113281,486942245005.0,5
150.0,13.923023017507344,152.8190648720833,34.0,40.0,-0.27579235394341217,5.9281134605407715,14.75457580764523,1.6364395191130723,7.0,13.244415283203125,0.0,5
157.0,20.488079250121373,154.1401193680921,41.0,40.0,-0.2694861254582362,5.897992134094238,14.617505126740207,1.4068762627873872,7.0,13.244415283203127,0.0,5
91.0,44.741549909450775,90.52816333225365,41.0,80.0,-0.0317426804109293,5.928748607635499,3.7020398491312445,0.13276952574078282,6.0,12.883625984191896,4248378062780.0,5
245.0,135.32961188058803,243.65683461841337,34.0,60.0,-0.23020846342839102,5.800906181335449,17.069535832308063,0.9988163063985597,6.0,13.480916023254395,543354546809.0,5
155.0,28.331074570526667,148.79654444296125,42.0,40.0,-0.30579071784133577,5.788290500640869,14.805659822947732,1.76414955736933,7.0,14.433333396911621,4668688279938.0,5
137.0,4.515770670393419,132.36701488918516,31.0,40.0,-0.2654591930064796,5.9369306564331055,14.456289121500335,1.3302415421342473,7.0,13.244415283203125,0.0,5
166.0,51.472248284531744,161.92078365706936,41.0,40.0,-0.24502937590042195,5.881823539733887,14.077594928908246,0.6828754722905549,7.0,12.716801643371582,0.0,5
180.0,35.08120572880181,173.5431263662491,31.0,80.0,-0.259947402069964,5.755035877227783,17.725152516264327,1.1556529358261323,6.0,14.433333396911621,0.0,5
149.0,9.20920639519194,142.9748331744966,34.0,40.0,-0.2772387442364936,5.897992134094238,14.685326128302755,1.6448354697128957,7.0,13.244415283203125,0.0,5
165.0,24.270721677355105,165.16991631697735,34.0,40.0,-0.2806434637475388,5.788290500640869,12.644885404583857,0.8810059040654081,7.0,13.187829971313477,0.0,5
221.0,90.33094548691724,222.3019374887472,31.0,40.0,-0.26474880061420286,6.1423630714416495,13.114932285937716,7.0469397054006935,4.0,13.369390487670898,0.0,5
106.0,25.9708673507402,103.7554113526819,31.0,60.0,-0.22663655269889527,5.909002780914307,16.43861414257814,1.32543715970252,4.0,12.883625984191895,2256419644214.0,5
227.0,122.29416587672779,224.78706175028796,34.0,80.0,-0.09316691458681069,5.819652080535889,19.933902706100852,0.6310062665157938,4.0,13.480916023254395,2680390436954.0,5
138.0,31.000572119049643,134.46796805027532,41.0,60.0,-0.2426678865541554,6.066114902496338,17.257521525173047,0.8588257573405049,7.0,14.522343635559082,4944625219654.0,5
150.0,20.247342463006305,149.51046821522195,34.0,40.0,-0.2470650716393311,5.897992134094238,13.931306237203518,0.7105970200602568,7.0,13.244415283203125,739266746565.0,5
142.0,13.777276493276764,140.19457273304448,34.0,40.0,-0.2752885097724232,5.897992134094238,14.559375239973582,1.1484380999339592,7.0,13.244415283203125,0.0,5
131.0,19.136959247661235,128.01146961389207,34.0,40.0,-0.2593734995856498,5.754062652587891,13.797121361228198,0.7931358940932131,6.0,12.883625984191893,0.0,5
132.0,4.590475782583247,128.95540935578765,41.0,80.0,-0.18637478499440785,5.936930656433106,6.453901952618962,0.6619641696888552,0.0,13.244415283203125,0.0,5
99.0,10.318715852336835,99.31052490510362,42.0,40.0,-0.16805260164224994,5.75406265258789,10.24330855109493,1.2775093083139737,4.0,12.51209234211541,3657810977877.0,5
239.0,71.42914242253,233.92465774854773,31.0,40.0,-0.3242019533548204,5.992229461669922,12.222329800665703,2.8842458342884107,6.0,13.369390487670898,0.0,5
145.0,16.733847375819344,142.5558088446445,41.0,40.0,-0.26951914062159443,5.897992134094237,14.45798824945875,0.8949706236468823,7.0,13.244415283203125,0.0,5
174.0,66.88189346176392,171.8058524869321,42.0,60.0,-0.2535984805407458,5.776467323303223,14.7615306768941,0.7837508842814722,7.0,14.348408241084252,2570508734141.0,5
156.0,21.332514898077523,151.31111258745113,34.0,40.0,-0.27173594045011235,5.897992134094239,13.325002388198888,1.2395773895688487,6.0,13.244415283203125,0.0,5
153.0,16.192879703492835,149.09907923324388,34.0,40.0,-0.27973489387188477,5.993587970733643,12.146468711951515,1.0105393819533754,6.0,13.187829971313477,1411468941232.0,5
174.0,26.137120777741615,176.20950915964082,31.0,40.0,-0.30436956273826166,5.788290500640869,12.752397319959936,2.6393521242120466,4.0,13.187829971313477,0.0,5
140.0,0.7689320388349188,134.705839994978,21.0,80.0,0.044724983940470475,5.9369306564331055,19.96542636912855,0.7112459016014039,6.0,13.187829971313477,0.0,5
140.0,9.148491237386775,137.58683353895418,41.0,40.0,-0.26707190278204646,5.9281134605407715,14.372699082089586,0.6817477052239685,7.0,13.19804828977122,0.0,5
167.0,25.610165417116846,164.7267071104597,41.0,40.0,-0.30512544507516837,5.788290500640869,14.612493345494247,1.722854589962489,7.0,13.187829971313477,0.0,5
211.0,138.64609099308478,207.25891264347115,34.0,80.0,-0.22642250052037793,5.7504048347473145,22.257803278076054,0.8355974357802595,7.0,14.240604400634767,1268015548445.0,5
192.0,25.788002941606912,189.78633201001486,31.0,40.0,-0.26108985933903645,5.768929481506348,14.051713175466046,1.539197820963301,7.0,13.187829971313478,0.0,5
248.0,139.55166373325733,246.07551461427926,34.0,60.0,-0.21185888454450802,5.852931836507855,17.80051514993251,0.5643946709476245,6.0,13.480916023254395,0.0,5
258.0,60.023340563478726,269.6373683839612,31.0,40.0,-0.34852912505742417,5.792261250505153,13.822151322232463,6.306143034932793,4.0,13.024543762207031,0.0,5
139.0,13.160974922353578,137.45245881494753,34.0,40.0,-0.27550361028597875,5.897992134094237,14.450740321535813,0.8768508038395354,7.0,13.244415283203125,0.0,5
101.0,21.974576735466492,98.43586546974873,41.0,80.0,-0.12363545015456254,5.909002780914307,15.322426978470496,1.1871671396456556,7.0,12.883625984191895,3382765362541.0,5
138.0,11.639835820196577,135.9006681283721,34.0,40.0,-0.2556474061488868,5.897992134094238,14.408587388643443,1.3310508628842248,7.0,13.244415283203125,2090456258863.0,5
152.0,20.60927305604412,154.77423503524167,34.0,40.0,-0.26507551765676457,5.972259521484375,14.21998245300028,1.1818819205040343,7.0,13.471151273544551,0.0,5
172.0,21.01140480297515,168.7619254606267,41.0,40.0,-0.30908651344160054,5.9281134605407715,14.70198338660936,1.5049584665233953,7.0,14.623725891113281,0.0,5
95.0,47.646020332100775,94.77495078568704,34.0,80.0,-0.1592169196218205,5.902429201070545,14.746342852725313,1.5138448708107166,4.0,12.883625984191895,0.0,5
160.0,25.4558979761037,157.23145288892815,24.0,80.0,0.10548851707216206,5.660206317901611,24.963717255326475,0.9163951465619501,6.0,12.822870345964825,1074955540700.0,5
153.0,27.803286917669617,147.45591729142933,41.0,40.0,-0.2929168050950908,5.788290500640869,14.541291823116334,1.1032295577908369,7.0,14.433333396911621,4668688279938.0,5
109.0,35.49119931301365,105.56101363037872,34.0,60.0,-0.2188237443496966,5.909002780914307,16.600318216699073,1.1721614148693222,4.0,12.883625984191895,0.0,5
128.0,13.236661836139778,126.16829062744823,34.0,80.0,-0.17883706866549381,5.754062652587891,24.228472045589506,1.0483555186284745,4.0,12.39930534362793,1108777080072.0,5
138.0,11.005417080283907,135.90134287003536,34.0,40.0,-0.23202992810112621,5.897992134094238,14.534548285914815,1.4102994211494828,7.0,13.244415283203123,2539914218263.0,5
239.0,71.67670651606083,233.75524781637182,31.0,40.0,-0.3087319470360371,5.992229461669921,12.14623438021983,3.0663839290045884,6.0,13.369390487670897,0.0,5
150.0,24.845255159747907,148.4093000373174,41.0,40.0,-0.2588102672689532,6.049091815948486,14.348119089208645,0.9079689558983217,7.0,13.244415283203123,0.0,5
139.0,2.427184466019412,134.5018260015706,31.0,80.0,-0.028180268441150826,5.9369306564331055,16.752628507384202,1.8781713991821907,4.0,13.187829971313477,36041395952.0,5
152.0,16.346092778584875,148.47853185828976,34.0,40.0,-0.2811472792957737,5.897992134094238,14.407455821502465,0.7686395537561634,7.0,13.244415283203125,0.0,5
132.0,2.853534619800861,131.3696831953938,34.0,80.0,-0.0406378983499717,5.9369306564331055,19.410969245098972,0.5132118983825992,4.0,13.244415283203125,99337298266.0,5
166.0,41.85684522599842,162.08921844202376,41.0,40.0,-0.2935284609204216,6.072933673858643,12.890942766701361,0.7592760549372936,6.0,13.024543762207031,0.0,5
157.0,9.676870418894618,157.95399611836234,31.0,40.0,-0.28777257139924783,5.9281134605407715,12.683871116919901,1.2218137146294838,7.0,13.244415283203125,0.0,5
264.0,96.95808991963916,257.8614392091465,31.0,10.0,-0.30509810919044406,6.14236307144165,11.081153882657494,15.816476939653414,6.0,13.369390487670898,0.0,5
160.0,17.448857947692286,157.96366337926992,41.0,40.0,-0.24638356116401702,5.928113460540772,14.437442467749499,0.8436061693737452,7.0,14.623725891113281,4062787036634.0,5
128.0,21.557254632637562,127.33453796078258,34.0,80.0,-0.0003518140138460673,5.489740371704101,20.201553418422368,0.8023694279568296,4.0,12.716801643371582,0.0,5
156.0,24.378864138409057,153.54889867381556,41.0,40.0,-0.25615754121953427,5.972259521484375,14.49815601632354,0.9953900408088522,7.0,14.623725891113281,0.0,5
152.0,17.263288820854417,150.01081822209244,34.0,40.0,-0.281184905873664,5.972259521484375,12.758759511884634,0.8761446900722464,7.0,13.244415283203125,0.0,5
127.0,19.190535502993722,124.6441432542442,34.0,40.0,-0.20864989383730503,5.754062652587891,14.246428724112132,1.1160718102803282,6.0,12.883625984191895,2500304326531.0,5
155.0,14.416598039236106,148.9035850536065,34.0,40.0,-0.2658738508814585,5.897992134094238,14.675699967251028,1.4392499181275693,7.0,13.244415283203125,0.0,5
156.0,20.34336109962867,153.7312558620213,34.0,60.0,-0.11166496997874342,5.677698135375977,20.22908584465735,1.080534800498277,6.0,12.71680164337158,0.0,5
143.0,9.751739056661913,141.5973773934484,34.0,40.0,-0.22407839025195653,5.897992134094238,14.533393449415502,1.0834836235387575,7.0,13.244415283203123,0.0,5
125.0,25.05996116115642,126.11658279230215,34.0,40.0,-0.23999960985030133,5.909002780914307,14.329380994973214,1.03937215760186,7.0,12.883625984191895,39564651471.0,5
142.0,23.330082344347083,137.8466356580097,34.0,40.0,-0.2615961977511703,6.01113748550415,14.001009681430007,0.9515865788908044,7.0,13.244415283203125,0.0,5
156.0,15.95250259297376,153.21663866617644,34.0,40.0,-0.2667243581120043,5.884166384396491,14.2745051908474,1.1570968646035402,6.0,13.187829971313477,0.0,5
129.0,26.30537510212623,129.33116701524105,34.0,80.0,-0.19273292254237895,5.489740371704102,20.893150517755053,1.173626394134869,4.0,12.716801643371582,0.0,5
104.0,10.624896240414664,101.60168696394744,42.0,40.0,-0.14783011859228065,5.754062652587891,13.6791070649523,2.108221180135562,4.0,12.51209234211541,5119432159036.0,5
153.0,20.448583161829482,148.66389635514508,41.0,40.0,-0.27507448112382743,5.897992134094238,12.626536643433825,1.1732374723960457,7.0,13.244415283203125,0.0,5
94.0,19.850640204784703,94.20772792219022,41.0,80.0,-0.06851791033149955,5.754062652587891,24.495690672604024,0.6096216808451096,4.0,12.883625984191895,0.0,5
93.0,46.19285667162174,93.42135344103369,34.0,80.0,-0.09701106368879527,5.928748607635497,20.48953435882348,0.9461659941462068,4.0,12.883625984191895,1193272264651.0,5
130.0,21.03883495145631,127.95387953179734,34.0,80.0,-0.17966683423967605,5.489740371704102,19.617216341457105,0.8624982282921719,4.0,12.39930534362793,0.0,5
138.0,13.120992811970522,136.32330451739054,34.0,40.0,-0.25603654492541916,5.897992134094238,11.821600533825624,0.7556571398569016,7.0,13.244415283203125,3786043084175.0,5
150.0,21.55108116610572,146.1730613800832,34.0,40.0,-0.2476854720427515,5.897992134094239,14.518438429202087,1.046096073005217,7.0,13.244415283203125,0.0,5
211.0,26.955785539525827,203.45554839117864,31.0,40.0,-0.2834269539633554,5.768929481506348,9.172355913166568,3.3875595528325793,4.0,13.187829971313477,0.0,5
157.0,19.28248519617756,153.87953286366897,34.0,40.0,-0.2759162371772791,5.897992134094238,14.43044671455474,1.3450022764782614,7.0,13.244415283203125,0.0,5
152.0,26.972681430589127,148.22378777068803,34.0,40.0,-0.29111096146401927,6.049091815948487,14.344418620238802,0.9940762087962306,7.0,13.244415283203125,0.0,5
148.0,26.40663809559369,145.81410831979565,34.0,40.0,-0.291587121287057,6.049091815948486,14.443165812748564,1.0915626233729765,7.0,13.244415283203125,0.0,5
142.0,7.641063147329892,139.6436945216487,34.0,40.0,-0.25176041280831674,5.9369306564331055,13.820747553126047,1.2829652749662888,7.0,13.244415283203125,0.0,5
143.0,16.948527654089673,138.09615688027185,34.0,40.0,-0.25288359358528173,6.01113748550415,14.468835279798554,1.0052774533865347,7.0,13.244415283203125,4148660106647.0,5
126.0,12.107034657715607,125.93328931453101,31.0,40.0,-0.23947070143073457,5.754062652587891,15.881570093226237,2.021148268043531,6.0,12.39930534362793,0.0,5
148.0,23.056746886807392,147.11127313044904,34.0,40.0,-0.28200445819890396,5.897992134094238,14.540536817794381,1.1013420444859525,7.0,13.244415283203125,0.0,5
135.0,21.99395879194138,132.49159636083377,41.0,40.0,-0.21362669286868888,5.754062652587891,14.107255708713081,0.8451840915726243,6.0,12.883625984191895,0.0,5
152.0,19.571927296307926,150.90032514634805,41.0,40.0,-0.3011024498887195,5.972259521484375,14.603010602227577,1.2575265055689422,7.0,13.244415283203125,3490360376583.0,5
133.0,10.221095950259702,129.69371793198766,41.0,80.0,-0.1569458257828571,5.993587970733642,1.6906740810040188,1.0152357294483727,0.0,13.187829971313477,0.0,5
164.0,25.29484052586493,160.02701571343107,34.0,40.0,-0.2766966244327468,5.788290500640869,14.218398151855625,1.5906156748910012,6.0,13.392570260452926,0.0,5
136.0,15.912062149604214,133.9592527600326,42.0,40.0,-0.2591702275167418,5.993587970733643,13.92481912840902,0.6544005274994542,7.0,13.187829971313477,3047467279547.0,5
151.0,15.271607647960595,148.48792881154517,34.0,40.0,-0.2727511394228414,5.993587970733643,14.276318968883102,0.8870070245484992,6.0,13.187829971313478,0.0,5
151.0,14.881003067816668,148.24788148344498,41.0,40.0,-0.28357323361277104,5.9281134605407715,14.18176712970147,1.009378590313012,7.0,14.433333396911623,4842252026599.0,5
139.0,15.544480945630095,135.8049730826764,34.0,40.0,-0.28040635935453984,5.993587970733643,14.470895646493288,1.2581408318868998,7.0,13.392570260452928,1694553611223.0,5
167.0,49.22584532457826,164.33190778145547,41.0,40.0,-0.20775785100659874,5.881823539733887,14.100008074954124,0.9748506169636959,7.0,12.716801643371582,3585532830357.0,5
188.0,69.92361915664068,184.46626098161997,42.0,60.0,-0.260151148054856,5.822615146636963,17.616738232554138,1.1995394236516042,6.0,14.378211021423338,0.0,5
154.0,29.21642504102729,151.85279381507598,41.0,40.0,-0.28200952136575214,5.972259521484375,14.387656684523474,0.7451757583894223,7.0,14.623725891113281,4842252026574.0,5
186.0,69.95308852206759,181.4488985325718,42.0,60.0,-0.25481594108666394,5.822615146636963,18.238746564688437,1.047424996639617,6.0,14.37821102142334,1900882034736.0,5
164.0,22.40913704577713,159.72951447194782,41.0,40.0,-0.30289104557890373,5.788290500640869,14.221353554386367,0.9639704001300327,6.0,13.187829971313477,3165616066167.0,5
208.0,96.05057040199559,197.39000529306807,31.0,40.0,-0.2834934085064515,6.14236307144165,13.05280978601991,7.139206271140063,6.0,13.3693904876709,0.0,5
151.0,18.394489490342742,149.70335957907278,41.0,40.0,-0.2907011947577612,5.897992134094238,12.076008672908408,1.4587076777488437,7.0,13.244415283203125,0.0,5
147.0,29.77521585462786,140.5478184209541,34.0,60.0,-0.17464145772284628,5.946240425109863,19.13321412981392,0.860432584808308,4.0,12.883625984191893,0.0,5
148.0,24.145107451030835,146.45829278474355,34.0,40.0,-0.2601962668057979,6.049091815948486,14.283586617345597,0.7601236121231858,7.0,13.244415283203125,0.0,5
134.0,10.464784114286594,133.08705784822658,34.0,40.0,-0.1641143958783287,5.897992134094238,13.958401864933336,0.883006561876596,7.0,13.244415283203125,84369631433.0,5
142.0,23.511496029043307,139.36242613317398,34.0,40.0,-0.2944563576536669,6.01113748550415,12.344172391473855,0.8347896691791538,7.0,13.244415283203125,0.0,5
158.0,29.252416347709065,152.77268829650117,42.0,40.0,-0.30441130319480736,5.788290500640869,12.556957117832088,1.5337546778099818,7.0,14.433333396911621,3501516209954.0,5
147.0,22.182214246298116,144.32616726225524,34.0,40.0,-0.24437920014494222,5.897992134094238,14.068631133064205,0.6900310844226675,7.0,13.244415283203125,615431855111.0,5
135.0,10.256909438882387,130.0851189234992,42.0,30.0,-0.21553755043304157,5.928113460540773,13.393556530563094,0.9887922440838262,7.0,13.187829971313478,5435293615748.0,5
141.0,13.081517547278274,139.42255348584052,31.0,40.0,-0.24646766564760286,5.9281134605407715,14.497922726992144,0.9948068174803626,7.0,13.244415283203125,3407926479310.0,5
148.0,22.025520794609456,142.89483574716166,34.0,60.0,-0.2816302160551477,5.993587970733642,17.469827362143597,0.6144540284467495,7.0,14.433333396911621,4404785017247.0,5
157.0,21.692779797517527,154.59215248210404,34.0,40.0,-0.2685456109492447,5.972259521484375,14.616757202029216,1.2918930050730375,7.0,13.244415283203125,0.0,5
129.0,21.714709361808396,127.46454597652738,34.0,80.0,-0.013839299850184882,5.489740371704101,25.458635190321214,1.0543549660942382,4.0,12.716801643371582,0.0,5
143.0,19.973503273162166,140.66039209783133,34.0,40.0,-0.2762152847021024,6.011137485504151,14.431611985410697,1.1626647553873357,6.0,13.244415283203125,0.0,5
143.0,23.30077557172156,139.77916607558032,34.0,40.0,-0.28854144812066057,6.01113748550415,13.507200971593836,0.8805440699963502,7.0,13.244415283203125,0.0,5
146.0,25.47176201061642,144.16329499772456,34.0,40.0,-0.27947240967528003,6.049091815948486,14.196899166010805,0.7413834383678426,7.0,13.244415283203125,0.0,5
105.0,18.08364813108593,105.40145441342713,31.0,80.0,-0.1940138497620863,5.754062652587891,22.429764125587198,1.8995133861849856,4.0,12.883625984191895,1017757475222.0,5
185.0,36.00953119353636,177.11609535100587,31.0,80.0,-0.26285409782300406,5.755035877227783,18.464429668889,1.5263089108838102,6.0,14.433333396911621,0.0,5
98.0,9.735595758343537,98.16508660035525,42.0,40.0,-0.16699474309373522,5.754062652587891,11.366659924933042,1.215559241777719,4.0,12.39930534362793,3657810977877.0,5
132.0,11.746372371219845,128.61258795020706,34.0,80.0,-0.11252520050789463,5.671998977661133,18.92869843158153,1.297131401118894,4.0,12.39930534362793,0.0,5
185.0,26.762856201377552,184.6300251460134,31.0,40.0,-0.3346995854848612,5.788290500640869,9.029689243667775,2.6929889024929077,4.0,13.187829971313477,0.0,5
138.0,11.43491926576311,136.55899666604688,34.0,60.0,-0.2562204389908097,5.9281134605407715,17.607554383784652,0.7152884065954229,7.0,13.244415283203125,4364537420871.0,5
184.0,69.02291444805454,178.15996031773213,42.0,60.0,-0.2549816828424711,5.822615146636963,17.608682871019713,0.9281974023129401,7.0,14.37821102142334,5417474213784.0,5
158.0,20.153846949906033,154.6706267502861,34.0,40.0,-0.2976477880049205,5.972259521484375,14.518927855953947,1.047319639884874,7.0,13.244415283203125,448632439149.0,5
267.0,62.79680226270509,261.2810105658755,31.0,40.0,-0.3004078468088606,6.046877861022948,12.406093438766762,4.743987420563217,4.0,13.024543762207031,0.0,5
139.0,11.662199704175826,136.58914218257763,41.0,40.0,-0.25033075044305475,5.897992134094238,14.608834218401778,1.2720855460044471,7.0,13.244415283203125,922260114204.0,5
144.0,70.06698494597688,140.09797790827687,42.0,80.0,-0.23724099292346415,5.457555294036866,17.995223610971074,1.0447819959072542,4.0,13.452926635742188,3930270358855.0,5
148.0,11.623417766362925,144.89148441745445,31.0,40.0,-0.24963981262751955,5.9281134605407715,14.514303127281972,1.0357578182049305,7.0,13.244415283203125,0.0,5
170.0,29.305319719493177,165.41599994410313,34.0,40.0,-0.2709325911723201,5.904160976409912,14.463255272876866,1.1238916068496256,7.0,13.244415283203125,0.0,5
141.0,11.610675438581643,139.92823768003862,34.0,40.0,-0.2224024976999414,5.9281134605407715,14.491013301293062,0.8993313646836598,7.0,13.244415283203123,332989231020.0,5
230.0,61.33435773756782,226.5495761413204,41.0,40.0,-0.2841413709224424,5.78828239440918,11.978212080556462,2.704740202720218,4.0,13.024543762207031,0.0,5
130.0,19.723024591046002,129.73202760282675,34.0,80.0,-0.20469263461354661,5.489740371704102,19.60793237056288,1.1911967995287616,4.0,12.39930534362793,0.0,5
145.0,22.27446368177164,142.378706833314,34.0,40.0,-0.29537236061101263,6.011137485504151,14.339302830891434,0.871165708695523,7.0,13.244415283203125,0.0,5
144.0,24.17968363923016,141.5175492637889,34.0,40.0,-0.2647263957989916,6.049091815948486,14.421202129968886,0.8030053249222229,7.0,13.244415283203125,1306787124825.0,5
160.0,22.22612735048071,155.5649695007673,34.0,40.0,-0.2855271555860875,5.897992134094238,13.755849500247237,0.961009573200817,7.0,13.244415283203125,0.0,5
152.0,26.809162311662995,148.8146321757992,34.0,40.0,-0.27430365495121123,6.049091815948486,14.585209994570409,1.2130249864260236,7.0,13.244415283203125,0.0,5
139.0,11.515792833611133,136.31382912921077,31.0,40.0,-0.2633388275113391,5.9281134605407715,14.58309581631405,1.2077395407851248,7.0,13.187829971313477,0.0,5
116.0,18.853410644679126,113.90378046189238,31.0,40.0,-0.26607469520578036,5.754062652587891,15.389726896259383,1.1228609299688255,7.0,12.883625984191895,0.0,5
145.0,14.013569567779253,142.77058594423752,34.0,40.0,-0.2916351870457404,5.897992134094238,11.782726836522276,1.259350672898933,7.0,13.244415283203125,0.0,5
251.0,132.17473490310695,247.23222264420374,34.0,60.0,-0.23183183700088064,5.898028373718262,17.34170334119142,1.0356654549868969,6.0,13.480916023254395,0.0,5
162.0,22.595757411821445,157.9204330060786,34.0,40.0,-0.2695242534012441,5.972259521484375,14.471266326367777,1.3609893296845885,7.0,13.244415283203125,0.0,5
159.0,25.114232603698092,158.143286408806,34.0,80.0,-0.02346777389766632,5.660206317901611,19.816317121824312,0.7754516687715346,4.0,12.716801643371582,0.0,5
169.0,37.80679078622655,167.08058250519548,41.0,40.0,-0.2609375400902462,5.788290500640869,14.272311384561512,0.6513197567887885,7.0,13.024543762207031,315722080169.0,5
146.0,11.287758947631739,144.00985504811968,34.0,40.0,-0.2548691492929522,5.9281134605407715,14.549491109808702,1.1237277745217586,7.0,13.244415283203125,0.0,5
140.0,12.75385240024756,140.00392874022546,34.0,40.0,-0.2503628912964854,5.897992134094238,14.46357733871221,0.9089433467805257,7.0,13.244415283203125,0.0,5
150.0,22.29486982961913,145.69702778473896,34.0,40.0,-0.28336360695863344,5.994088185976627,14.37083515366685,0.677087884167126,7.0,13.244415283203125,0.0,5
132.0,11.507170809722528,128.13194188857304,24.0,80.0,-0.15375409130205747,5.754062652587891,24.52741611900288,1.777530852299865,4.0,12.39930534362793,0.0,5
131.0,1.9909117264413747,130.01188591724858,34.0,80.0,0.018263436550872907,5.9369306564331055,18.082600689905817,0.2884092148036137,4.0,13.244415283203125,0.0,5
141.0,1.427184466019412,135.76611200883858,31.0,80.0,-0.0061434148743273465,5.9369306564331055,13.407780535891003,1.7171291514492022,0.0,13.187829971313477,0.0,5
140.0,9.207609088345766,141.47070026927867,34.0,40.0,-0.24862762824471832,5.897992134094239,14.619608180137014,1.2990204503425364,7.0,13.244415283203125,0.0,5
141.0,18.088260287723603,136.63549583243292,34.0,40.0,-0.2166672430650124,6.0111374855041495,12.964001427247283,0.62313426096145,7.0,13.244415283203123,0.0,5
164.0,15.692188549162283,163.72527179030553,34.0,40.0,-0.2765200800877624,5.9281134605407715,14.531357460000384,1.418811258725574,7.0,13.471151273544553,0.0,5
97.0,16.678151955421107,94.92523325552156,41.0,30.0,-0.14874729275632206,5.754062652587891,13.740565533254134,1.0680716333751938,7.0,12.883625984191895,1790835821976.0,5
149.0,10.399038832773794,143.90932920699197,34.0,40.0,-0.2674277971214654,5.9281134605407715,14.607518081687868,1.2687952042196715,7.0,13.244415283203125,0.0,5
161.0,20.651132107522578,159.42939057723683,34.0,40.0,-0.2790200733158685,5.993587970733643,13.352391753386364,1.4831073260113912,6.0,13.187829971313477,0.0,5
141.0,24.28424839186502,138.60159509808227,34.0,40.0,-0.27131568766572534,6.049091815948486,14.366715178134545,0.6667879453363657,7.0,13.244415283203125,2323177110800.0,5
153.0,26.903519583621943,150.1180798479464,34.0,40.0,-0.2848989338352574,6.049091815948486,14.41650328379328,0.7912582094831964,7.0,13.244415283203125,0.0,5
223.0,135.9701599428059,221.23346074222655,41.0,60.0,-0.2488038896733516,5.7504048347473145,17.68146625070744,0.8851059778793592,7.0,14.240604400634766,3705438903147.0,5
141.0,12.19987143313957,140.25426008181634,34.0,40.0,-0.2932963403183861,5.9281134605407715,14.385144568780174,0.7128614219504379,7.0,13.392570260452926,0.0,5
100.0,17.43745918071397,98.42498018914385,42.0,80.0,-0.12221569213671507,5.754062652587891,20.616648789551096,1.6959177578917617,4.0,12.883625984191895,4071029900887.0,5
142.0,17.168772860325113,138.2719310136977,34.0,40.0,-0.24042895609892803,6.01113748550415,14.419576217262868,0.7989405431571737,7.0,13.244415283203125,0.0,5
94.0,21.159636873022297,94.50744103483561,41.0,80.0,-0.10897554405462154,5.909002780914307,0.3474457121065073,0.7868626963633614,0.0,12.883625984191895,5610841992646.0,5
144.0,23.708668116947027,142.85035815354988,34.0,40.0,-0.28324185466176555,5.971341494217664,14.508838375884016,1.022095939710038,7.0,13.244415283203125,0.0,5
186.0,69.50704860337305,179.57763394623274,42.0,60.0,-0.2511764481974847,5.822615146636963,17.78987789599114,0.9210705878300667,7.0,14.37821102142334,3460381173439.0,5
151.0,14.517087190010525,156.715802301487,34.0,40.0,-0.2632091560077125,5.9281134605407715,14.716245041811833,1.5406126045295816,7.0,13.244415283203125,0.0,5
155.0,28.86485329585935,149.0718718674735,42.0,40.0,-0.3010043030454853,5.788290500640868,14.490811300922072,1.517080120904671,7.0,14.433333396911621,5364944462047.0,5
150.0,9.859998438706905,143.09110730355496,34.0,40.0,-0.2944019331008061,5.993587970733643,13.549814486664298,0.9148740275392123,7.0,13.187829971313477,0.0,5
134.0,6.966486684834929,131.40369082365984,31.0,40.0,-0.22765599090711497,5.9281134605407715,13.973382536105259,0.6107073044868696,7.0,13.187829971313477,5295861464057.0,5
261.0,137.94216103186943,256.88203296440685,41.0,40.0,-0.26800522581347297,5.771864414215088,14.733612982325923,1.5840324558148122,7.0,13.390348434448242,1089701804413.0,5
146.0,2.0854368932038767,144.07075418299033,21.0,80.0,-0.2534378658268166,5.9190229230714095,16.272578784836615,1.0562308429260767,4.0,13.187829971313478,0.0,5
181.0,24.998561792525628,177.5473607319627,34.0,40.0,-0.25099558521021004,5.768929481506348,14.242235428427332,1.1055885710683262,6.0,13.187829971313477,0.0,5
147.0,12.364194669761561,145.27485974090237,34.0,40.0,-0.2761630700732951,5.928113460540771,14.572093011759295,1.2934058237193025,7.0,13.406760618156852,822086556836.0,5
161.0,22.191840196742977,158.54430375097306,34.0,40.0,-0.2854769183816011,5.8173909187316974,14.398424832679149,0.7460620816978738,7.0,13.187829971313477,2950195267069.0,5
213.0,139.94565672179806,209.6946210927921,34.0,80.0,-0.23141098653862704,5.7504048347473145,23.786860776247718,1.0049561699046488,7.0,14.24060440063477,0.0,5
204.0,66.16521065352806,206.06210662805253,31.0,40.0,-0.3112324504613527,6.046877861022949,13.299441287972499,2.8128670848070643,6.0,13.024543762207031,638875898914.0,5
151.0,19.27123751938857,148.19165837657894,41.0,40.0,-0.3059410057077067,5.9417386773514425,10.815383111091615,1.0350331201945295,7.0,13.244415283203125,2728827203510.0,5
178.0,23.14012273263933,175.07097791389424,41.0,40.0,-0.2854408959074688,5.768929481506348,14.48735965648284,1.3452843653060576,6.0,13.187829971313477,1076886248220.0,5
141.0,10.48820999021808,135.11118297675847,31.0,80.0,-0.24102968948606263,5.9281134605407715,19.633369190100787,1.1529468481076761,7.0,13.187829971313477,0.0,5
149.0,16.040090424386445,143.8613833399399,31.0,40.0,-0.2585479927730461,5.972259521484375,17.905120468568256,2.5225099092848957,7.0,13.244415283203125,0.0,5
146.0,12.465150333338162,141.51282017846458,34.0,40.0,-0.23268041731132108,5.897992134094238,14.370752818584128,0.6768820464603224,7.0,13.244415283203125,0.0,5
97.0,13.341992232672835,97.16759156831993,34.0,40.0,-0.14962977383393286,5.754062652587891,11.612073168961722,1.1422441234842642,7.0,12.883625984191895,2632189468407.0,5
229.0,53.58626654584633,222.59164048327017,31.0,40.0,-0.30997627623094925,6.0367797518239374,13.985356152459927,6.772806526914071,4.0,13.024543762207031,0.0,5
131.0,2.4275953042652008,131.0763243399111,34.0,80.0,-0.012293961829268495,5.9369306564331055,22.267303343938536,0.4427072632414178,4.0,13.244415283203125,0.0,5
236.0,55.00341953297251,229.22651975753178,41.0,40.0,-0.3224897867735255,6.046877861022949,12.51273135111389,3.5502816295477135,4.0,13.024543762207031,60371051864.0,5
143.0,16.04446611100981,139.70456101866165,41.0,40.0,-0.26397662093655655,6.01113748550415,14.429207788716763,0.8230194717919079,7.0,13.244415283203125,1823798824853.0,5
135.0,10.23955546185173,134.03706516773738,34.0,40.0,-0.206967590772058,5.897992134094238,14.231610569075611,1.089220597446261,7.0,13.244415283203123,0.0,5
139.0,16.490090454579143,137.97971780733607,41.0,40.0,-0.27161200291410637,5.993587970733643,14.214767372811435,0.7008298564201703,7.0,13.187829971313477,4741532387519.0,5
129.0,3.363844648941039,129.38027139636546,34.0,80.0,-0.08463837126992405,5.54984188079834,20.15954872006295,1.0754638104509142,4.0,12.39930534362793,0.0,5
143.0,15.704503835270877,141.99033335723658,41.0,40.0,-0.2725419606129083,6.01113748550415,14.409840041609076,0.7746001040226898,7.0,13.244415283203125,0.0,5
148.0,16.60737753179776,147.35458860096742,34.0,40.0,-0.22649576644351113,5.754062652587891,12.541017742820609,1.1566805453737379,7.0,12.512092342115412,0.0,5
152.0,19.049830190278996,150.34068074500976,34.0,80.0,-0.07413815157900404,5.677698135375977,26.01981171506249,1.0038982196950652,6.0,12.39930534362793,0.0,5
207.0,89.38782790753746,205.15333183522966,41.0,60.0,-0.2422828433852611,5.7597479820251465,17.173152834180353,0.8125070355772169,7.0,14.346285820007324,0.0,5
148.0,12.036920085989578,143.90401249938967,34.0,40.0,-0.2635672428670092,5.9281134605407715,14.380143766755172,0.8915351051443406,6.0,13.244415283203125,1515782666543.0,5
129.0,19.53876348079301,126.33425645225783,34.0,40.0,-0.2064248755596026,5.754062652587891,14.140706929328804,0.8517673233220053,6.0,12.883625984191895,2946582901976.0,5
132.0,10.949359709635056,128.5208067642214,24.0,80.0,-0.17169859219119055,5.75406265258789,24.434930468360303,1.5463168804831693,4.0,12.39930534362793,0.0,5
136.0,15.017932955141465,134.83510028216594,34.0,40.0,-0.21622039493069742,5.754062652587891,14.34616672332971,1.0926478230869012,6.0,12.399305343627931,0.0,5
156.0,17.63192994495389,152.30274832769013,34.0,60.0,-0.11805772785786253,5.677698135375977,21.987214124625115,1.0641917153390257,7.0,12.39930534362793,0.0,5
96.0,22.540252153185662,94.16110084737645,41.0,80.0,-0.154399489330665,5.909002780914307,17.9118692728845,1.1792675431634925,7.0,12.883625984191895,3858081549800.0,5
155.0,19.537675331426726,151.3459813418961,41.0,40.0,-0.2620195484142351,5.897992134094238,14.450541824336888,0.876354560842219,7.0,13.244415283203125,0.0,5
170.0,24.311483128692867,167.61672580179663,34.0,40.0,-0.2690417498861455,5.788290500640869,14.450913070623404,1.3398109382954175,7.0,13.187829971313477,0.0,5
146.0,22.97580349262289,146.38338654339665,34.0,40.0,-0.2650208789952848,5.897992134094238,14.457396381806312,0.8934909545157771,7.0,13.244415283203125,0.0,5
149.0,22.82868442354812,146.14682048559683,34.0,40.0,-0.26563754845353554,5.897992134094238,14.244841657591763,0.8517836226334665,7.0,13.244415283203125,0.0,5
145.0,10.716309692769343,142.06987086612025,34.0,40.0,-0.2697071077413328,5.9281134605407715,14.525613121525343,1.0640328038133542,7.0,13.244415283203125,0.0,5
148.0,16.628721253727463,147.0989232916263,34.0,40.0,-0.31160758243293335,5.897992134094239,11.268896403717351,1.1214696301204745,7.0,13.244415283203125,163367554873.0,5
151.0,20.21214658272847,148.85336978677455,34.0,40.0,-0.25206878605334726,5.897992134094238,14.255509123993702,0.8256660138677574,7.0,13.244415283203127,1199254944427.0,5
166.0,30.50022885796899,163.75648151919768,41.0,40.0,-0.25374326989805895,5.904160976409912,14.372437852444001,1.0193975969299038,6.0,13.471151273544553,0.0,5
152.0,16.172911266270418,147.38663775280043,31.0,40.0,-0.29800824138740567,5.972259521484375,14.052095405743621,1.3716602459726,7.0,13.244415283203123,0.0,5
140.0,10.352773942225888,132.64036129833397,31.0,80.0,-0.23141251275800706,5.9281134605407715,21.338917938964407,1.1857773583847344,7.0,13.187829971313477,1412226943830.0,5
134.0,12.386802964209812,129.92582298955583,42.0,80.0,-0.22517456353019716,5.993587970733643,0.4781136489108395,1.0128921911459294,0.0,13.187829971313477,1131147125035.0,5
137.0,11.694665906612853,132.69339844634806,41.0,40.0,-0.24116385592070394,5.993587970733643,9.335254586454214,1.2212586226433815,7.0,13.187829971313477,0.0,5
149.0,20.85406906187752,145.05683365487124,41.0,40.0,-0.23968040725028725,5.897992134094238,13.614426544034451,0.7040275251346843,4.0,13.244415283203125,5264729206035.0,5
185.0,24.587210714236214,184.2075427796458,34.0,40.0,-0.28558517181345405,5.768929481506348,14.537237191463456,1.8430929786586334,6.0,13.187829971313477,84310796265.0,5
137.0,9.706344522818771,131.06366399579088,31.0,80.0,-0.21691922047327317,5.9281134605407715,12.910088645883413,1.0736132630136506,7.0,13.187829971313477,2946367325338.0,5
154.0,15.588499351094946,150.64687313460854,34.0,40.0,-0.28223001274724546,5.993587970733642,13.684661484711558,0.8321152093182436,7.0,13.187829971313475,416691454584.0,5
147.0,11.728929132865222,143.54991372929464,34.0,40.0,-0.26782816723870984,5.897992134094238,12.440066916899239,0.8864088137268049,7.0,13.244415283203125,0.0,5
220.0,97.05117552696447,208.57859529824464,31.0,40.0,-0.34546692562493286,5.607748985290527,17.197812492389744,13.388932082151706,6.0,13.23810863494873,0.0,5
173.0,47.81381043724076,170.98919746083374,42.0,40.0,-0.2849200945416416,6.072933673858643,14.144258184130177,0.8606454603254383,6.0,13.266044120266006,2545777171327.0,5
153.0,45.79333639853862,148.37626753110874,42.0,60.0,-0.2386892283100723,5.936911008129379,17.518561578507878,0.9141390174227081,7.0,14.522343635559082,1136243050312.0,5
246.0,135.79601287293255,244.43107830199313,34.0,60.0,-0.2355826275155874,5.833423459877087,16.729388649513517,0.9891186513138497,6.0,13.480916023254393,0.0,5
176.0,25.293429943538545,174.50593064748665,34.0,40.0,-0.2623103675848313,5.768929481506348,14.26942795481227,0.6092395239504598,7.0,13.187829971313477,0.0,5
148.0,24.816576172043057,146.08534916825607,41.0,40.0,-0.2606907093583592,6.049091815948486,14.210261659235973,0.7700018007033185,7.0,13.244415283203125,0.0,5
157.0,23.098047351372152,155.37758558445563,34.0,40.0,-0.2570600541348409,5.972259521484375,14.419507285990857,0.7987682149771413,7.0,13.244415283203125,1246813867229.0,5
210.0,139.14440834013647,206.02338443862135,34.0,80.0,-0.22160495431447905,5.7504048347473145,16.31732024271364,0.5854604684683429,7.0,14.240604400634764,2728751802844.0,5
166.0,22.806929128164334,162.2074378046969,34.0,40.0,-0.27507981774908086,5.941738677351443,13.278690899708216,0.6788059831446349,7.0,13.244415283203125,0.0,5
151.0,20.131815762009442,152.75445845784446,34.0,40.0,-0.25747317374426343,5.972259521484375,14.153949537678107,1.036190508645112,7.0,13.244415283203125,0.0,5
143.0,12.829939404807918,143.76044931413014,41.0,40.0,-0.2826947939793854,5.9281134605407715,14.664619569395398,1.411548923488495,7.0,14.211531417010587,0.0,5
142.0,2.081822430716817,141.23040425518386,21.0,80.0,-0.24411768417898072,5.91902292307141,24.0382301749606,1.26501286259071,4.0,13.187829971313477,0.0,5
146.0,25.53301639927354,144.81909885743892,34.0,40.0,-0.26489335314234175,6.049091815948486,14.445686894788565,0.8642172369714134,7.0,13.244415283203125,0.0,5
148.0,12.956038706184355,149.4586942083962,34.0,40.0,-0.2596228417317778,5.897992134094238,14.72675337002241,1.566883425056024,7.0,13.244415283203125,0.0,5
156.0,14.728062127776488,152.90449627017472,34.0,40.0,-0.2771780966523323,5.88416638439649,12.915502091906411,1.053005795000652,7.0,13.187829971313477,0.0,5
164.0,16.994611307196624,162.47344145157774,41.0,40.0,-0.3026663419825859,5.763032682659555,13.226290548213285,1.8205607900048084,6.0,13.187829971313477,0.0,5
168.0,22.076081663460723,164.44344175419653,31.0,40.0,-0.31061989021818137,5.768929481506347,14.249483276313537,1.1701904357629,7.0,13.187829971313477,2948793047936.0,5
98.0,7.9331248129080505,98.17242566836863,42.0,80.0,-0.11776441150790937,5.754062652587891,20.641738759766476,1.8691427499281756,4.0,12.39930534362793,4506122482746.0,5
156.0,15.33853017877569,152.6517109747753,34.0,40.0,-0.2734410723705755,5.88416638439649,14.259316278653099,0.8283212858068159,7.0,13.187829971313477,0.0,5
279.0,58.842964057503515,274.5207253441019,31.0,30.0,-0.33985139880032517,6.046877861022949,11.689860917177578,7.772398003809846,4.0,13.024543762207031,0.0,5
139.0,15.16144151524973,137.55019888174573,34.0,40.0,-0.28653702234108924,5.897992134094238,13.411384298472237,0.5799902048853223,7.0,13.244415283203125,4459117410251.0,5
147.0,22.5306615214392,143.28717172396642,34.0,60.0,-0.27601536784832786,5.993587970733642,16.787299111585455,0.6983581659831398,7.0,14.433333396911621,4404785017247.0,5
151.0,17.34693683769541,147.64838787636435,34.0,40.0,-0.2843911504052647,5.972259521484375,14.297483488031672,1.5009570243748804,7.0,13.244415283203125,0.0,5
142.0,13.095905284939715,141.25078378954638,41.0,40.0,-0.25840259591923387,5.897992134094237,14.44922114579883,0.8730528644970754,7.0,13.244415283203125,0.0,5
163.0,22.06701462220145,161.33699094171405,34.0,40.0,-0.31343835739240244,5.9525284767150906,12.783528069633421,1.04854620148059,7.0,13.187829971313477,1224065677800.0,5
135.0,10.91051566579926,132.16165015505615,41.0,40.0,-0.24368243353419736,5.9281134605407715,14.07187010550339,0.6459008256684112,7.0,13.187829971313477,5435293615748.0,5
140.0,19.580995690233156,139.4980878592267,34.0,40.0,-0.27194729765483483,6.011137485504151,14.250512946469144,0.8836570170572863,7.0,13.244415283203125,0.0,5
150.0,15.583948023902915,145.20629021185061,41.0,40.0,-0.27316321135201443,5.993587970733643,12.667721202846254,1.4562627092037648,7.0,13.187829971313477,2124028177133.0,5
102.0,28.57341981034891,94.75908465237679,34.0,80.0,-0.13256265174828952,5.909002780914307,23.985911142704612,1.73565164316935,4.0,12.883625984191895,337208455176.0,5
132.0,13.828381361953008,132.70444349453066,34.0,80.0,-0.20568818952558776,5.754062652587891,14.887916945003305,1.3068707132802424,4.0,12.39930534362793,0.0,5
101.0,21.32462801919412,100.29665640744626,41.0,80.0,-0.13569111568581557,5.9090027809143075,2.6105740872354533,1.9672227195768517,0.0,12.883625984191895,319128807787.0,5
164.0,29.364865577708375,162.79666792124658,34.0,40.0,-0.24153274714050987,5.904160976409912,14.40174914479461,0.8444247305860874,7.0,13.471151273544553,0.0,5
154.0,16.802663858550105,152.2850875722582,34.0,40.0,-0.28805163138438084,5.993587970733643,12.128285698168416,1.0340072365101345,7.0,13.187829971313477,616233841286.0,5
230.0,123.18612817497738,226.91146018019,41.0,80.0,-0.09078105647626643,5.819652080535889,23.027820480221873,1.152075472399189,4.0,13.480916023254396,695131459282.0,5
121.0,36.897356294297566,115.2424720537888,34.0,60.0,-0.21087361622687628,5.946240425109862,17.16387690766507,1.0740758308071865,4.0,12.883625984191895,241383102370.0,5
138.0,24.05574677600737,136.82951918331958,34.0,40.0,-0.2915177958326188,5.984091861464591,10.817856799362119,0.8317479965439092,7.0,13.244415283203125,577784201943.0,5
192.0,24.148703059438784,189.93451346351574,31.0,40.0,-0.2995722307544044,5.768929481506348,13.658568341399613,2.652565287598751,6.0,13.187829971313477,0.0,5
164.0,26.30687631077984,161.04132488629713,34.0,80.0,0.06577647611080731,5.660206317901611,23.78742769825034,0.9057284423274055,4.0,12.716801643371582,4999286632332.0,5
143.0,6.456601450390538,141.6013458268191,31.0,40.0,-0.28251279697311654,5.9369306564331055,13.318286684539318,1.3014688060422883,7.0,13.244415283203125,0.0,5
143.0,18.542788819085278,142.51986034549063,34.0,40.0,-0.208345128639627,5.972259521484375,14.528040989372172,0.8722437156167715,7.0,13.471151273544553,3379197552191.0,5
149.0,16.478891013479227,144.7145970166593,34.0,40.0,-0.27986379569238545,5.897992134094238,12.797092227949753,1.0805414489806298,7.0,13.244415283203125,0.0,5
141.0,25.86561155571002,138.42402319438244,34.0,40.0,-0.29138096024625804,6.049091815948486,11.984585053817769,0.7964273904958281,7.0,13.244415283203125,0.0,5
95.0,14.384044051808507,92.74789112454829,41.0,80.0,-0.1631913743159099,5.754062652587891,23.538252804800916,0.6165057984101111,4.0,12.883625984191895,957952611885.0,5
96.0,29.882264687831686,87.1634978533711,41.0,80.0,-0.054239345145029004,5.786406101326247,24.017441834141415,1.8144783717613477,4.0,12.616323729432764,5898999967853.0,5
143.0,12.59622500834602,141.31639522974103,34.0,40.0,-0.24900614230029416,5.897992134094238,14.465691437877897,0.914228594694746,7.0,13.244415283203125,0.0,5
121.0,17.724238024037664,119.79201149994384,34.0,40.0,-0.21064538634676344,5.754062652587891,13.97702789362511,0.6849955885647113,6.0,12.883625984191891,1021081033897.0,5
154.0,28.20537490414128,149.6332956510174,41.0,40.0,-0.3030022206712648,5.788290500640869,13.80490929267095,1.2505362985742285,7.0,14.433333396911621,3501516209954.0,5
150.0,16.55772052552592,146.40865723500482,31.0,40.0,-0.2928852447654544,5.972259521484375,12.945526487847864,1.3667221911585177,7.0,13.244415283203125,0.0,5
147.0,15.965994434938896,143.20151022114413,31.0,40.0,-0.22973305590927323,5.972259521484376,16.36269621479071,2.428219457046144,7.0,13.244415283203125,0.0,5
143.0,22.51571124703507,139.75676877650537,34.0,40.0,-0.29099592336363517,6.01113748550415,10.473092015746566,0.9911287626000554,7.0,13.244415283203125,0.0,5
272.0,100.32337521794057,271.9400197031774,31.0,40.0,-0.3063425731462338,6.14236307144165,14.17386054167775,11.578287476018348,4.0,13.369390487670897,0.0,5
150.0,12.496710011471619,146.01832564575028,34.0,40.0,-0.27927826164107783,5.9281134605407715,14.263770670731628,0.9351348827075053,6.0,13.45848676075503,161690009994.0,5
203.0,110.56007013469988,198.66973814245776,41.0,60.0,-0.2395857484000749,5.907076835632325,18.65886106123014,1.3646682801533927,4.0,13.167326927185059,665675260928.0,5
140.0,10.348915135385395,136.6919244359603,34.0,40.0,-0.2107145869342685,5.897992134094238,10.528109398553063,1.377095971562188,7.0,13.244415283203125,2539914218263.0,5
162.0,23.8878539220893,159.52162352849956,31.0,40.0,-0.3027639112339055,5.788290500640869,13.063487304032648,1.2007118762530535,7.0,13.187829971313477,0.0,5
142.0,16.09576396428105,141.37902776020803,41.0,40.0,-0.2637776624452471,5.897992134094238,14.329925906703522,0.5748147667588073,7.0,13.244415283203125,0.0,5
148.0,10.316860101740277,146.32828360657868,41.0,40.0,-0.2837526007367032,5.9281134605407715,13.753754621289454,1.4634063696889874,7.0,13.187829971313477,0.0,5
177.0,25.118837392910997,173.99571533406046,34.0,40.0,-0.26989489623738927,5.788290500640869,14.352162864209234,1.724495470138564,6.0,13.187829971313477,0.0,5
141.0,24.876681924330246,140.19783833956916,34.0,40.0,-0.2531473344073746,6.049091815948486,14.374709165515792,0.6867729137894779,7.0,13.244415283203125,1108250305407.0,5
150.0,21.527555577107254,146.93325908268716,34.0,40.0,-0.24926548073592703,5.897992134094238,13.767790970746503,0.585250800985149,7.0,13.244415283203125,3022122459956.0,5
182.0,35.58271716315549,173.96310279218113,31.0,80.0,-0.2602907193945294,5.755035877227783,21.405931148146923,1.464009942452241,6.0,14.433333396911621,0.0,5
152.0,23.022144934777472,148.13674889661036,34.0,40.0,-0.30232220570019125,5.993587970733643,14.013515940882556,0.845739579563811,7.0,13.392570260452928,3224543085923.0,5
153.0,18.93093226654209,151.65828610610592,24.0,80.0,-0.08256963746759796,5.677698135375977,25.461435363800152,1.1452229353670822,6.0,12.39930534362793,0.0,5
156.0,22.337280503739194,152.61321427935957,34.0,40.0,-0.2535717613932651,5.897992134094238,14.235362139029746,1.0164875393551673,7.0,13.244415283203123,1545798884295.0,5
135.0,6.872064272358166,134.3042433334737,34.0,40.0,-0.25040861213083576,5.9281134605407715,14.084538191561892,0.9018428854746218,7.0,13.23529570866557,0.0,5
163.0,21.973275973008125,160.76543170874686,34.0,40.0,-0.28562469315474825,5.8173909187316974,14.559957650772887,1.2116177603940863,7.0,13.187829971313477,0.0,5
118.0,37.243136583061414,114.65500188381839,41.0,60.0,-0.17332084136078263,5.946240425109863,17.06735074640642,0.8327604276605596,4.0,12.883625984191895,2721045881258.0,5
155.0,16.713456373477275,151.51834792167458,34.0,40.0,-0.31060649575443894,5.972259521484374,11.683818139446238,0.5644130171891134,7.0,13.244415283203123,0.0,5
140.0,23.413429799281076,138.79843323792926,34.0,40.0,-0.27682239846483103,5.919691242583809,14.480179072130962,0.9504476803274041,7.0,13.244415283203125,0.0,5
149.0,23.486895095669595,146.5828503866054,34.0,40.0,-0.2630741112642675,5.971341494217664,14.41844642444848,0.8754151700452796,7.0,13.244415283203125,0.0,5
177.0,23.361864038392245,173.5879696086645,41.0,40.0,-0.28252991609456746,5.768929481506348,14.491520618243895,1.3564049503178257,6.0,13.187829971313477,941650586293.0,5
152.0,26.18942240275836,149.96356881171207,34.0,40.0,-0.2810151803761438,6.049091815948487,14.490893683547046,0.9772342088676199,7.0,13.244415283203125,0.0,5
135.0,21.227683428404124,131.65208565952577,34.0,40.0,-0.2143700031920117,5.754062652587891,14.105423290873167,1.0878566711249211,6.0,12.883625984191895,0.0,5
158.0,19.883455250875617,154.75960404864938,34.0,40.0,-0.26534109456787325,5.897992134094238,14.43269428846531,1.5535072333319218,7.0,13.244415283203125,0.0,5
250.0,138.06338790999067,247.5645772368527,34.0,60.0,-0.2620931781183332,5.896346438420962,18.23595414718482,1.155053608419723,6.0,13.480916023254396,0.0,5
170.0,42.36341752481077,168.73949800925854,41.0,40.0,-0.29791381616972235,5.877828741536544,14.05172676353036,0.6715898174573155,7.0,13.024543762207031,4039151292995.0,5
123.0,18.289745274457495,121.97199168620647,34.0,40.0,-0.21441081767109801,5.75406265258789,14.098768909686836,0.801663596201394,6.0,12.883625984191895,230566685073.0,5
151.0,21.560612999520643,148.32071055328453,34.0,40.0,-0.2519199341785274,5.897992134094238,13.765867658540412,0.7063635206029091,7.0,13.244415283203125,3071879875934.0,5
164.0,23.68889452232409,160.40233043940054,34.0,40.0,-0.26776309242542157,5.972259521484375,14.528632883160556,1.0715822079013952,7.0,13.244415283203125,0.0,5
151.0,15.825021152617904,145.84899677814883,41.0,40.0,-0.2529191427859302,5.897992134094238,14.650006059097917,1.3750151477447934,7.0,13.244415283203125,0.0,5
144.0,70.6936078303955,139.33329393255184,42.0,80.0,-0.22828985405643581,5.429690556983424,17.320861086716484,1.1393651120569794,4.0,13.452926635742188,3930270358855.0,5
164.0,29.69608839594282,161.4317722394121,34.0,40.0,-0.2707815485592605,5.788290500640869,14.384565953339536,1.1135960244580823,7.0,13.187829971313477,0.0,5
149.0,31.326687758272698,148.72730466444665,42.0,60.0,-0.21093211703390236,5.972259521484376,19.068746623342076,0.9384179614677868,6.0,14.623725891113281,5064992377579.0,5
214.0,29.644412223145924,213.5319446606842,31.0,40.0,-0.3363666227973986,5.768929481506348,11.638790789732482,3.3017648450584987,4.0,13.488478660583496,0.0,5
134.0,10.718257475826018,129.9343915263299,31.0,40.0,-0.2426470265345365,5.754062652587891,15.901427073039217,1.6846489434039957,7.0,12.39930534362793,0.0,5
170.0,28.606193092673355,179.16200369789104,31.0,60.0,-0.22966402126985258,5.660206317901611,20.757483051748792,5.204387241022463,4.0,12.716801643371582,0.0,5
238.0,75.583468399217,238.12999729704885,41.0,40.0,-0.2877492134725476,5.992229461669921,13.663684853935449,0.7298598273507835,7.0,13.369390487670898,4486329875140.0,5
248.0,138.60380557278032,244.88480858258046,34.0,60.0,-0.2307313408230449,5.845449171498793,16.441384884729985,0.7861992779239723,6.0,13.480916023254395,0.0,5
181.0,22.805236883460193,178.37066579931093,41.0,40.0,-0.28479630631531083,5.768929481506348,14.058814412972005,1.0664535081581608,6.0,13.187829971313477,4131229017003.0,5
154.0,19.696306642194628,151.68830723032573,34.0,80.0,-0.11325457190790329,5.677698135375977,24.088673125875964,1.0517799020685503,6.0,12.512124417129073,0.0,5
147.0,26.29133589211894,148.2057079174652,34.0,60.0,-0.22282259866529847,5.672905856615876,18.185508932196317,0.6164854572362762,7.0,12.716801643371582,0.0,5
177.0,24.649045912012358,171.28726036415725,34.0,40.0,-0.26067395291361367,5.768929481506348,14.309829821352606,1.1701191736767758,6.0,13.187829971313477,0.0,5
147.0,11.857917970899726,143.6036593043878,34.0,40.0,-0.26943326119825467,5.9281134605407715,13.568002274039383,0.8367565828239054,6.0,13.235295708665571,2528255258481.0,5
142.0,13.985148821970382,140.08965350198116,41.0,40.0,-0.28234648459498934,5.944486077317913,14.276328642250672,1.2752876250441663,7.0,13.244415283203125,2465069714951.0,5
158.0,23.684794392023175,157.20070002754093,34.0,40.0,-0.2682721357956612,5.972259521484375,14.450044733962093,0.8751118349052347,7.0,13.244415283203125,0.0,5
137.0,10.911189631181337,135.59057898497957,34.0,60.0,-0.22351187997786146,5.931736965702005,12.67932831486468,0.6158475164483058,7.0,13.244415283203125,2570891905445.0,5
146.0,8.94545286421603,143.29531891603793,34.0,40.0,-0.27093911138933546,5.9281134605407715,14.606563543019607,1.2664088575490222,7.0,13.244415283203125,0.0,5
130.0,19.898495621383653,128.1409762240833,34.0,40.0,-0.207715651601819,5.754062652587891,13.93292116187865,0.5798757202306047,6.0,12.883625984191895,2946582901976.0,5
213.0,139.07766229217842,209.87043414576954,34.0,80.0,-0.2322965231220336,5.7504048347473145,23.517709246204493,1.0261390551304417,7.0,14.240604400634766,0.0,5
148.0,9.81978726384084,142.95900025680382,34.0,40.0,-0.2704014722785507,5.9317369657020045,14.555369853313845,1.1384246332846149,7.0,13.244415283203125,0.0,5
159.0,17.414985624015173,158.02704634871276,34.0,40.0,-0.2976756976844305,5.993587970733643,10.526226118922164,1.1862262894584323,7.0,13.187829971313477,0.0,5
162.0,25.995496309282736,160.03141409479127,34.0,80.0,0.0317102097801866,5.660206317901611,24.611290311465808,0.8459541999971973,4.0,12.716801643371584,918833508258.0,5
169.0,22.718000042078053,164.06776956669026,31.0,40.0,-0.31739753026533574,5.7689294815063485,12.975917596065297,1.2952933916783675,7.0,13.187829971313477,4784932863502.0,5
140.0,31.21575114242144,135.3756479122517,41.0,60.0,-0.2655733830657042,6.066114902496338,16.419256783815403,0.9464329556813735,7.0,14.522343635559082,3410086358382.0,5
158.0,16.279248722547685,153.6067621542841,34.0,40.0,-0.2889173001387855,5.944486077317915,14.445132221419016,1.2857790839372385,7.0,13.244415283203125,0.0,5
139.0,11.833827009188097,138.98972790577673,34.0,60.0,-0.2743851225693851,5.944486077317914,14.653668769352382,1.1899639169972314,7.0,13.244415283203125,3853161101804.0,5
154.0,46.587676765303726,149.17379203032334,42.0,60.0,-0.2242757753982466,5.859255790710449,17.98085403665926,1.101024571632287,7.0,14.522343635559082,0.0,5
136.0,12.311131961301722,136.0065105817216,34.0,40.0,-0.23156571650238886,5.897992134094238,14.324690476593329,0.572917839308857,7.0,13.244415283203125,0.0,5
148.0,13.333219060171725,145.7110842136931,31.0,40.0,-0.2869791318550124,5.9281134605407715,14.717433967571306,1.5435849189282682,7.0,13.244415283203125,41053466838.0,5
151.0,22.185303131754665,148.46357533814736,34.0,40.0,-0.2598034389480529,5.897992134094238,14.116196388729643,0.8287540387213245,7.0,13.244415283203125,0.0,5
155.0,22.263595599595135,150.37846531138075,41.0,40.0,-0.2591737267453869,5.897992134094238,13.617012767399844,0.9500661650748947,4.0,13.244415283203125,4918450995484.0,5
146.0,12.324660919111874,144.43432413114655,34.0,40.0,-0.2712711561691695,5.897992134094238,14.476676956555483,0.9416923913887081,7.0,13.244415283203127,0.0,5
147.0,17.388558985969702,143.64728389577118,31.0,60.0,-0.24423032671446934,5.972259521484375,17.96090624816923,0.7847300438840161,7.0,13.244415283203125,1956753738577.0,5
250.0,137.14229268614162,247.1919370829576,34.0,60.0,-0.2586994143702565,5.898028373718262,15.913685485808408,1.0996146986943902,6.0,13.480916023254395,0.0,5
155.0,24.230634566869202,154.5761665714597,34.0,40.0,-0.2608287532646013,6.049091815948486,14.327982259523449,1.3024200722691743,6.0,13.244415283203125,0.0,5
111.0,9.878276639174416,112.73281619689266,42.0,40.0,-0.2092900093616616,5.75406265258789,15.712026752064055,2.8484602835381616,7.0,12.39930534362793,634020569499.0,5
130.0,12.07640841515027,125.98265328745305,34.0,80.0,-0.15030314997700686,5.754062652587891,24.414614632516873,1.4920121021482595,4.0,12.39930534362793,3180118878009.0,5
211.0,22.190868910045943,223.5607229389796,31.0,10.0,-0.25995704087746274,5.396399419601652,10.357643571192247,14.448903448528588,6.0,12.39930534362793,0.0,5
133.0,22.64483002943806,131.6723274548552,34.0,60.0,-0.09773733608939078,5.754062652587891,18.950078646357117,0.5530128148554389,4.0,12.883625984191895,0.0,5
127.0,3.3266216829578275,127.41048758834397,34.0,80.0,-0.09233660494306978,5.54984188079834,12.382271037073489,0.7782669688939103,4.0,12.399305343627928,2059778345332.0,5
148.0,15.44939261463334,146.44981686449668,34.0,40.0,-0.2864660749744262,5.897992134094237,11.906944271349447,0.6218958559236226,7.0,13.244415283203125,0.0,5
145.0,22.89217090985801,142.04869862559121,34.0,40.0,-0.30116852606321065,6.01113748550415,14.452065621065415,0.880164052663545,7.0,13.244415283203125,0.0,5
125.0,1.3214836358655782,123.5,34.0,80.0,0.16486186318130205,5.54984188079834,25.272919271179678,0.0,7.0,12.39930534362793,1190235455960.0,5
168.0,23.51213818429774,165.75878606188198,34.0,40.0,-0.2940177878637167,5.780333917434902,11.280107259624945,0.9832778577998523,7.0,13.187829971313477,1023469855979.0,5
140.0,12.172836852382165,139.10727339494852,31.0,40.0,-0.26389767305698025,5.9281134605407715,14.507699995223536,1.0192499880588415,7.0,13.392570260452928,0.0,5
155.0,46.433911534122466,149.899622403112,42.0,60.0,-0.22759987022953215,5.936911008129379,17.17890872928877,0.9727672348458156,7.0,14.522343635559082,0.0,5
137.0,15.919775211404641,136.06487903252514,42.0,40.0,-0.2789332394627501,5.993587970733643,13.664241680823032,0.8046858618528612,7.0,13.187829971313477,0.0,5
146.0,23.156403076924207,142.84911690148962,34.0,40.0,-0.2979073296845442,5.897992134094237,14.53894512408717,1.097362810217927,7.0,13.244415283203125,0.0,5
228.0,122.56371193976341,223.38851726139802,34.0,80.0,-0.09294311302571663,5.81965208053589,18.42540960792579,0.5528178088817782,4.0,13.480916023254396,3068952283423.0,5
146.0,18.40728700507969,143.0727753769225,34.0,40.0,-0.23518656133368793,5.972259521484375,13.641415847433752,0.8913770969726813,7.0,13.244415283203125,4060527994665.0,5
159.0,20.74156367206816,155.81535918820117,34.0,40.0,-0.2863121984843356,5.972259521484375,14.326432182151258,0.5660804553781483,7.0,13.244415283203125,848055143479.0,5
159.0,22.828636724214768,156.0627032708545,34.0,40.0,-0.2582785551234729,5.972259521484376,14.359310586487664,1.0810999799843382,7.0,13.244415283203125,0.0,5
111.0,39.7222941881518,110.11728421036341,34.0,60.0,-0.2487599459662701,5.946240425109863,15.952108040548922,0.8894468536005068,4.0,12.883625984191895,3093887884723.0,5
145.0,9.66796991740977,142.68474432357618,41.0,40.0,-0.27672281087530876,5.9281134605407715,14.59028752940404,1.2257188235101024,7.0,13.187829971313477,0.0,5
152.0,15.801610188726354,146.20873936337216,31.0,40.0,-0.3020529823292761,5.972259521484375,14.609908931205553,1.2747723280138827,7.0,13.244415283203125,0.0,5
161.0,15.068362038889987,155.89729199374594,34.0,40.0,-0.2650187546759148,5.897992134094238,14.392884056132154,0.732210140330383,7.0,13.244415283203125,0.0,5
131.0,12.28464918453904,126.2847962148235,34.0,80.0,-0.05497681467373319,5.671998977661133,17.665543474817586,1.242857386804607,4.0,12.39930534362793,0.0,5
147.0,14.226164546226377,147.2782445271134,34.0,40.0,-0.2885631151759948,5.928113460540772,14.638872441683597,1.3471811042089958,7.0,13.244415283203125,0.0,5
137.0,12.480459272115317,133.48036509494958,34.0,40.0,-0.20281480733329518,6.049216270446777,13.893050079477636,1.3521620382224506,7.0,13.244415283203125,0.0,5
140.0,30.376731404301324,135.45717327545603,41.0,60.0,-0.26166013982173986,6.066114902496338,16.267599063613876,0.9447324641945698,7.0,14.522343635559082,3715669825254.0,5
147.0,11.816435602082352,142.44167103818745,34.0,40.0,-0.24135084431497006,5.897992134094238,14.329117574785004,0.5727939369625112,7.0,13.244415283203125,0.0,5
158.0,15.991331866068295,153.59107735582236,34.0,40.0,-0.27425664389429927,5.9281134605407715,14.591654589690178,1.2291364742254416,7.0,13.244415283203125,0.0,5
145.0,17.50535507750817,140.1096903014967,34.0,40.0,-0.233600974670352,6.01113748550415,14.522261953347545,1.3417301593364093,7.0,13.244415283203125,1176875645796.0,5
135.0,10.042602243115581,133.94009505549826,34.0,40.0,-0.23195024095867367,5.897992134094237,14.274853498873895,1.1973279219419675,7.0,13.244415283203123,0.0,5
163.0,16.589531749280283,156.86866379017576,34.0,40.0,-0.2793208534428385,5.9281134605407715,13.434561026042593,0.9721254005903194,7.0,13.471151273544553,0.0,5
156.0,28.697971503193436,153.63093072135544,41.0,40.0,-0.2802141481771925,5.972259521484375,13.28209873807387,1.092259745836285,7.0,14.623725891113283,2472839384445.0,5
154.0,23.88436705124774,151.05442621936535,41.0,40.0,-0.24260552723700424,5.972259521484375,14.503763777338015,1.0094094433450373,7.0,14.623725891113281,0.0,5
151.0,16.010134343036363,145.2822152772062,34.0,40.0,-0.3157706747252916,5.972259521484375,14.547552008190621,1.1188800204765534,7.0,13.244415283203125,0.0,5
152.0,23.283192287235778,144.77057380376957,31.0,60.0,-0.23496551654617653,5.972259521484375,18.51748973650834,1.6295735233434798,7.0,14.623725891113281,5422837467982.0,5
182.0,24.342038706181164,181.85397944348284,34.0,40.0,-0.27928413527809964,5.768929481506348,14.533445321712936,1.7407884605531248,6.0,13.187829971313475,421390271043.0,5
145.0,11.409497225243504,142.1091916217848,34.0,40.0,-0.252313903784685,5.9281134605407715,14.415301581233058,0.7882539530826441,7.0,13.244415283203125,2610514592380.0,5
98.0,8.96418702498786,98.09951501890197,42.0,80.0,-0.13122924664486926,5.7540626525878915,21.637586213530454,1.739097865253432,4.0,12.39930534362793,4767346974499.0,5
245.0,128.87339332175077,242.05484151859227,34.0,60.0,-0.20989005230362295,5.800906181335449,16.544458300928696,0.7795524553409765,6.0,13.480916023254395,0.0,5
139.0,14.98381600939208,137.09567934572257,34.0,40.0,-0.2639994529947534,5.993587970733643,13.895527322586963,1.2181972132367866,7.0,13.187829971313477,0.0,5
158.0,21.632697189121714,154.44464112058702,34.0,40.0,-0.2608655479419162,5.9417386773514425,13.695062822661056,0.7770439432066044,6.0,13.244415283203125,0.0,5
139.0,25.987191064945716,136.07442878716046,34.0,40.0,-0.28671894938344344,6.052356517478211,9.945432787634461,0.8048108559067866,7.0,13.244415283203125,642496032560.0,5
132.0,2.0721838640846584,132.82890537656198,24.0,80.0,-0.23546535610708738,5.919022923071409,24.209410227628418,0.850297746222026,4.0,13.187829971313478,0.0,5
143.0,15.458872456125167,142.49674082128345,41.0,40.0,-0.25915613950273936,5.897992134094239,14.300453523377632,0.5011338084440813,7.0,13.244415283203125,0.0,5
146.0,18.143952994746606,142.00109173540972,34.0,40.0,-0.2765862108236107,5.897992134094238,14.44083294163328,0.8520823540832021,7.0,13.244415283203125,0.0,5
174.0,20.26373897977453,173.94838779113076,41.0,40.0,-0.30307676359002395,5.768929481506348,12.948855804454176,1.617770579096177,6.0,13.187829971313477,0.0,5
166.0,23.675892247519897,163.74440173719728,34.0,40.0,-0.279455104123438,5.788290500640869,14.336673124784923,0.8709752710659147,7.0,13.187829971313477,1023469855979.0,5
157.0,79.58263526148521,156.8258723079754,41.0,60.0,-0.26337975116466694,5.9656596183776855,19.549167293486963,0.7335712460860198,7.0,14.33670207245709,0.0,5
140.0,12.523081919298523,137.8911897959901,31.0,40.0,-0.2463412790043836,5.9281134605407715,14.465498088130069,0.913745220325171,7.0,13.244415283203125,4364537420871.0,5
98.0,25.881931757761883,96.33361760274035,34.0,60.0,-0.2003517864188515,5.909002780914307,4.731281801540344,0.7190778298364575,4.0,12.883625984191895,3692236063285.0,5
212.0,26.637764184416245,203.63958441430802,31.0,40.0,-0.2771703164633607,5.768929481506348,10.872356033167888,3.799602677679741,4.0,13.187829971313477,0.0,5
162.0,24.651208955954843,158.6405590144128,41.0,40.0,-0.24282838931218725,5.944486077317915,14.142455944630637,0.7005540123945362,7.0,14.623725891113281,0.0,5
138.0,12.934905279169488,137.78716326030056,34.0,40.0,-0.24002826397351623,5.897992134094238,14.382517917586513,0.7062947939662849,7.0,13.244415283203125,0.0,5
161.0,24.567447758909672,160.00401409325224,34.0,40.0,-0.26590690003428774,5.972259521484375,14.451233194963553,0.9508586224667454,7.0,13.244415283203125,0.0,5
153.0,18.9778553830776,149.5640435749616,41.0,40.0,-0.28482933639528757,5.897992134094238,14.19344274332148,1.0714842356143848,7.0,13.244415283203123,0.0,5
151.0,18.404006535757063,149.78161456309377,34.0,80.0,0.013089205984367074,5.6776981353759775,25.596962357937198,0.9341534676585433,4.0,12.39930534362793,0.0,5
94.0,20.505065882587154,94.26306534757131,41.0,80.0,-0.07881864578677264,5.8177366779275115,14.33568663637278,0.5720899689988656,4.0,12.883625984191895,2475371467344.0,5
145.0,11.649784975451446,141.01871556615473,34.0,40.0,-0.2843769332460143,5.9281134605407715,13.146063284627125,1.103481126849487,7.0,13.187829971313477,696440684628.0,5
172.0,48.002060757625216,169.0223083252572,42.0,40.0,-0.2883751544590597,6.0729336738586435,13.86543345467363,0.5585829717022006,6.0,13.024543762207031,5416681595779.0,5
148.0,18.27830936384776,146.3508062107732,41.0,40.0,-0.2795444341087331,5.972259521484375,14.534478462186005,1.0861961554650144,7.0,13.244415283203125,0.0,5
110.0,27.37694283739748,106.29521370771204,34.0,60.0,-0.22007660641087134,5.909002780914307,17.229537573550523,1.54943909280746,4.0,12.883625984191895,0.0,5
144.0,14.888462044840615,139.54328671686372,34.0,40.0,-0.27172636785220633,5.972259521484375,14.095066287946056,0.8016037435382289,7.0,13.244415283203125,2767537773970.0,5
117.0,37.59618294350425,115.13420916482626,41.0,60.0,-0.15082747975330107,5.946240425109863,16.995469457275632,0.6530572048335959,4.0,12.883625984191895,3332260911327.0,5
159.0,18.215512443410663,155.70965598981914,34.0,40.0,-0.2766900505541103,5.993587970733643,14.500127963834604,1.1470082989999828,7.0,13.187829971313477,0.0,5
100.0,22.624903681179884,97.55587427377986,41.0,80.0,-0.12279618302270234,5.909002780914307,21.803078343695418,0.972358713341542,7.0,12.883625984191895,4659280593688.0,5
137.0,6.6118253609068685,135.00898155174858,34.0,40.0,-0.2601151431854588,5.9317369657020045,11.51299465152957,1.0926758251889088,7.0,13.244415283203125,0.0,5
96.0,23.19328905780282,92.76041874094743,31.0,80.0,-0.1630612633360375,5.909002780914306,17.12304311748694,1.3180521034912223,6.0,12.883625984191895,3801992555761.0,5
158.0,20.452465202672588,153.97890403149927,34.0,40.0,-0.2975465366752843,5.9417386773514425,10.80097723333662,0.9990184258070409,7.0,13.244415283203125,0.0,5
143.0,22.908368500313266,143.52861908847837,34.0,40.0,-0.24902208554037536,5.897992134094237,14.359429685830715,0.6485742145767877,7.0,13.244415283203125,490568776247.0,5
142.0,26.651176200655335,142.64037687613904,34.0,60.0,-0.2156707510718772,5.677698135375977,17.641229151923252,0.581986299145652,7.0,12.716801643371582,2360527274990.0,5
159.0,23.39337123856666,157.3533402717021,34.0,40.0,-0.2616234616659983,5.972259521484376,14.477324783633192,0.9433119590829793,7.0,13.244415283203127,0.0,5
94.0,45.565958772216554,93.06371352465513,41.0,80.0,-0.0849260908286809,5.928748607635498,20.85711194364355,0.8320071499720814,7.0,12.883625984191895,1300132467455.0,5
146.0,18.105373170906788,143.82847898198918,41.0,40.0,-0.28860623995378504,5.897992134094238,13.113056898446214,1.1474846453707415,7.0,13.244415283203125,2538425745600.0,5
149.0,16.870423474075437,143.8735949599881,31.0,40.0,-0.27978573445469157,5.972259521484374,13.811055935594478,1.998287531498479,7.0,13.244415283203123,0.0,5
146.0,18.781663420439816,141.86035042727386,34.0,40.0,-0.2887756899619519,5.897992134094238,14.395977144772772,0.8278601381654678,7.0,13.244415283203125,0.0,5
141.0,24.45517372025655,138.4455542167524,34.0,40.0,-0.2970379393569072,6.049091815948486,14.39379888673113,0.7344972168278223,7.0,13.244415283203125,0.0,5
127.0,3.7233451177147407,125.80053124248326,34.0,80.0,-0.05603357024004233,5.54984188079834,19.77974657501885,0.9807114720265265,4.0,12.39930534362793,0.0,5
150.0,15.91155490450542,142.7706652664,41.0,40.0,-0.27909403042140757,5.993587970733643,11.340958908049096,1.8106962460503702,7.0,13.187829971313477,3465691190352.0,5
227.0,122.87344662468128,223.36948648100932,34.0,80.0,-0.07493735827185508,5.819652080535889,22.80817139212295,0.6029527521518826,4.0,13.480916023254395,3728432372511.0,5
101.0,43.903366956872105,100.12471996702598,34.0,80.0,-0.19467795073732636,5.902429201070545,21.569151444485083,0.9650384728967852,4.0,12.883625984191895,1327160315614.0,5
202.0,94.64795586000537,192.08423137946016,31.0,40.0,-0.34337416254375325,5.739861965179443,13.775677477236421,13.776140095537805,6.0,13.23810863494873,0.0,5
170.0,21.560785051354998,167.83212293261397,41.0,40.0,-0.3061214278988549,5.932230688121221,14.455226113342167,0.8880652833554203,7.0,14.593041275542921,0.0,5
138.0,23.727458281038324,134.54985900059046,31.0,60.0,-0.05491657283101146,5.754062652587891,19.713774429774855,1.284436074437134,4.0,12.883625984191895,0.0,5
104.0,20.67534497289026,107.76500006136811,21.0,80.0,-0.1615212911826406,5.8177366779275115,14.439165654161771,2.236613815254731,7.0,12.883625984191895,0.0,5
125.0,3.002700347062209,123.5,34.0,80.0,0.1180367284132487,5.549841880798341,23.52453917155065,0.582221715284444,4.0,12.39930534362793,0.0,5
152.0,21.596833966497336,147.570989863602,34.0,40.0,-0.2697327722825645,5.897992134094238,14.535157521708022,1.0878938042700546,7.0,13.244415283203125,0.0,5
181.0,35.51403447837074,175.0015115288663,31.0,80.0,-0.2633622229566977,5.755035877227783,16.270993886518106,1.2582667351799568,6.0,14.433333396911623,0.0,5
134.0,11.127465234209827,130.34727286861235,41.0,40.0,-0.19898708869024048,5.993587970733643,5.566585327434403,0.9328962468708053,7.0,13.187829971313477,0.0,5
139.0,3.7436893203883415,137.3665878237044,34.0,40.0,-0.20800979641035744,5.781051977398328,12.062850274543326,1.6606416845689331,7.0,13.187829971313478,21624837571.0,5
171.0,24.152012896666214,168.36050836172691,34.0,40.0,-0.2759509355111217,5.780333917434901,12.529676521649694,1.3035236621508353,7.0,13.187829971313477,0.0,5
148.0,9.24774386417392,142.99856805224272,34.0,40.0,-0.2751874524174985,5.936930656433105,14.495460381601724,0.9886509540043158,7.0,13.244415283203127,0.0,5
129.0,10.244502886595575,126.04329099273356,31.0,40.0,-0.25004743469857027,5.754062652587891,14.965825947676379,1.3651700028524467,7.0,12.39930534362793,0.0,5
253.0,126.33646828405564,248.27953694959103,34.0,60.0,-0.2518448078437347,5.898028373718262,16.458455232217293,1.1033797350188521,6.0,13.480916023254395,0.0,5
138.0,28.99177298777185,134.68649421465622,34.0,40.0,-0.3064798736393124,6.066114902496337,13.356206540542043,0.9331417004706117,7.0,13.244415283203125,1237397841210.0,5
94.0,18.542490261943048,93.53925436704554,41.0,80.0,-0.06828258387672081,5.754062652587891,24.8655400823012,0.6784133125491376,4.0,12.883625984191895,3376136295578.0,5
200.0,68.00839616432216,197.6871144175642,41.0,40.0,-0.2797869099567418,6.046877861022948,14.984342423109446,2.6025637316662653,4.0,13.024543762207031,0.0,5
179.0,25.799074627734743,176.92518675791825,34.0,40.0,-0.2684375346658196,5.768929481506347,14.32955088704202,1.2141551801000567,6.0,13.187829971313477,0.0,5
99.0,19.93078605004755,104.17531376039747,21.0,80.0,-0.12933071757198422,5.754062652587891,26.374918020180942,1.9070051182805108,7.0,12.883625984191895,0.0,5
159.0,24.720345404124057,156.26893342732586,34.0,40.0,-0.281766361210603,5.788290500640869,14.427847570176297,1.505940244765109,6.0,13.392570260452928,0.0,5
171.0,50.95468233643267,168.71629439225973,34.0,50.0,-0.24607032045973698,5.7545552253723145,16.00336641765591,1.5005692560030186,6.0,12.716801643371584,98226170403.0,5
125.0,1.0750359286221585,123.5,34.0,80.0,0.16547209815366098,5.54984188079834,23.90637810929433,0.14091534904381145,7.0,12.39930534362793,0.0,5
202.0,72.69686324788378,196.31216638308612,41.0,40.0,-0.2842845986864167,6.023896217346191,14.404275955735578,3.0597655642951005,6.0,13.024543762207031,229766983750.0,5
148.0,25.47445220500226,145.95739887296912,41.0,40.0,-0.27304095478193635,6.049091815948487,13.987544024413303,0.8033726291939416,7.0,13.244415283203125,0.0,5
175.0,47.63163010217678,173.59898454189516,42.0,40.0,-0.28048460801511166,6.072933673858643,13.99696004142259,1.0058992390799262,6.0,13.488478660583496,945574377922.0,5
131.0,20.65868039569603,128.9783682176702,34.0,40.0,-0.21507378567175156,5.754062652587891,14.184819661160862,0.9620491529021584,6.0,12.883625984191895,1386627247989.0,5
154.0,19.56724758273885,150.2860765694842,41.0,40.0,-0.2762635581860247,5.897992134094239,14.57706026604398,1.1926506651099464,7.0,13.244415283203123,0.0,5
146.0,13.239265283733447,145.5163659387106,34.0,40.0,-0.26028403969406577,5.897992134094238,14.567394089804703,1.1684852245117614,7.0,13.244415283203125,0.0,5
144.0,18.316939035421278,140.0728941020313,34.0,40.0,-0.2780603077369162,5.919691242583809,14.46580855988841,0.9145213997210254,7.0,13.244415283203125,0.0,5
141.0,24.93880182414948,139.0513314215803,34.0,40.0,-0.27452787812331075,6.049091815948486,14.337987385937975,0.5949684648449376,7.0,13.244415283203125,537333481410.0,5
160.0,22.039127381753367,156.76661561949965,34.0,40.0,-0.27708526123377003,5.972259521484376,14.634110275273121,1.3352756881828023,7.0,13.244415283203125,0.0,5
245.0,138.14688207841647,242.3702259459954,34.0,60.0,-0.23086612860657657,5.881443291494292,16.76316155105026,0.8185967889170188,6.0,13.480916023254395,0.0,5
143.0,16.64943750248764,139.1176263650154,34.0,40.0,-0.24404157555583783,6.0111374855041495,14.481453797780764,0.9536344944519152,7.0,13.244415283203125,0.0,5
151.0,17.239365484340542,147.20452345918994,34.0,40.0,-0.2878092970163497,5.897992134094238,14.659557402814096,1.3988935070352415,7.0,13.244415283203125,0.0,5
166.0,24.057455554608502,165.53087392229386,34.0,40.0,-0.28380385746916564,5.788290500640869,14.408655783032653,1.1004065808692944,7.0,13.187829971313477,448644320429.0,5
113.0,38.90884866221034,111.33041671466799,34.0,60.0,-0.23969455956382196,5.925773209088469,16.56700890505428,1.199168758180509,4.0,12.883625984191895,0.0,5
106.0,20.026460696317088,112.87046466497112,21.0,80.0,-0.18899161123994754,5.75406265258789,23.487474599609456,2.307435002814015,7.0,12.883625984191895,0.0,5
148.0,13.884259423730002,146.30155675933474,34.0,40.0,-0.25876299779471246,5.897992134094237,14.652924683791937,1.3823117094798456,7.0,13.244415283203125,0.0,5
145.0,18.948782858599042,140.444929914935,34.0,40.0,-0.28677828632099966,5.919691242583811,14.406614215489093,0.8995385976401524,7.0,13.244415283203125,0.0,5
164.0,23.652504465839503,161.69132363458505,34.0,40.0,-0.2939053653346884,5.788290500640869,14.106995273032835,0.9654865866250387,7.0,13.187829971313477,0.0,5
150.0,9.552895462706589,147.99257724182087,34.0,40.0,-0.27101758092717093,5.9281134605407715,14.627367491660586,1.3184187291514589,7.0,13.244415283203127,0.0,5
141.0,19.352697744475517,138.9011448024704,34.0,40.0,-0.27172846460551686,6.01113748550415,14.379253188723155,0.7815416697730355,7.0,13.244415283203125,0.0,5
152.0,15.116960694720328,150.30596056721407,34.0,40.0,-0.2702012348783859,5.9281134605407715,14.499902064545005,0.9997551613625157,7.0,13.244415283203125,0.0,5
96.0,21.887415674936207,95.36469319451757,41.0,80.0,-0.13537744697000587,5.909002780914307,13.029345719381617,1.2281502183407313,7.0,12.883625984191895,3482770297162.0,5
151.0,17.103027182266157,149.33346821231575,41.0,40.0,-0.24752212467901,5.897992134094238,14.427174805424798,0.849856151745254,7.0,13.244415283203125,0.0,5
94.0,28.983577565940514,82.59721364446085,42.0,80.0,-0.053920072201782576,5.492174070314906,23.905091763159128,1.533603194305637,4.0,11.974798318010851,5898999967853.0,5
145.0,16.24334453811865,140.91250304526375,34.0,40.0,-0.25160947271421646,6.01113748550415,14.499878159978472,0.9996953999461835,7.0,13.244415283203125,0.0,5
139.0,0.7689320388349188,130.61048380357983,21.0,80.0,0.16542811771112,5.9369306564331055,20.065542668172917,1.6494776979248245,4.0,13.187829971313478,0.0,5
180.0,24.014256416397014,180.20486947470724,34.0,40.0,-0.2862668146952653,5.768929481506348,14.378502376445176,1.446255941112938,6.0,13.187829971313477,1251237700692.0,5
162.0,25.79472161134728,160.87291640799043,24.0,80.0,-0.030968379887963735,5.660206317901611,19.992198476730934,0.7658931861089822,6.0,12.84585189819336,0.0,5
184.0,21.91358165066765,182.68659139684698,21.0,40.0,-0.27617309640927956,5.768929481506348,12.19338092783656,2.5500170223446004,6.0,13.187829971313477,0.0,5
224.0,135.50010487821746,221.29102481233727,41.0,60.0,-0.24742261090126752,5.7504048347473145,17.45823053282054,0.8467001517079944,7.0,14.240604400634766,4020795405543.0,5
161.0,21.213388946028775,159.6577147970749,34.0,40.0,-0.2753119975673285,5.993587970733643,13.253373360317376,1.3427298497893787,6.0,13.187829971313475,0.0,5
145.0,15.758417267494552,141.49213832850634,34.0,40.0,-0.29262592720690517,5.897992134094238,14.331928301547322,0.9389110584298054,7.0,13.244415283203125,0.0,5
142.0,8.08643890162017,140.98467321668576,34.0,40.0,-0.2703608611920904,5.9281134605407715,14.580600919043682,1.2544880669934217,7.0,13.23529570866557,0.0,5
149.0,11.71805092359643,146.74478872841783,34.0,40.0,-0.2803084542442462,5.9281134605407715,10.775920745949643,1.1536866899832852,7.0,13.19804828977122,544277173701.0,5
144.0,73.31047541747236,141.50736119782357,42.0,80.0,-0.21898893080488266,5.4192371599882545,20.09756652275743,1.092233902318218,4.0,13.45292663574219,5545449958390.0,5
155.0,22.806244962645476,152.17607746573242,41.0,40.0,-0.27971313692959315,5.972259521484375,14.409272386684298,0.9581124735601263,7.0,14.62372589111328,342139641977.0,5
131.0,21.88579910284956,128.32596532225782,34.0,80.0,-0.06100878999071174,5.489740371704102,22.754809882454172,1.2410815647362192,4.0,12.71680164337158,0.0,5
127.0,18.86152237067985,124.34928384530505,34.0,40.0,-0.23151592383289216,5.75406265258789,14.148186534438809,0.8704663360970237,6.0,12.883625984191895,560708979405.0,5
136.0,23.182208595945454,132.817326442446,34.0,60.0,-0.03823278801846829,5.754062652587891,19.55804866934856,0.8951216733713898,4.0,12.883625984191896,0.0,5
150.0,18.9948926143211,149.19728030542024,41.0,40.0,-0.29475126535053175,5.972259521484375,14.288141948788995,1.1714786916293423,7.0,13.244415283203125,2709739932463.0,5
144.0,15.135886869980782,143.6943774002509,41.0,40.0,-0.2735849503935584,6.01113748550415,14.351528869794574,0.7150038475812228,7.0,13.244415283203123,0.0,5
150.0,20.1958702125124,146.94029222648982,41.0,40.0,-0.25483227167330524,5.897992134094238,14.279007736570193,0.8844125453089882,7.0,13.244415283203125,1199254944427.0,5
156.0,16.571007551018845,154.23303464556446,34.0,40.0,-0.2752362440393105,5.88416638439649,14.399579049932424,1.0547728675495291,7.0,13.187829971313475,0.0,5
114.0,27.493676153919303,113.25809801733074,34.0,60.0,-0.21328462431137274,5.909002780914307,15.956967240418418,1.2373442880396186,4.0,12.883625984191896,0.0,5
137.0,10.86279580781627,136.98219891687808,34.0,40.0,-0.2435102055667012,5.897992134094239,14.593249875044693,1.233124687611732,7.0,13.244415283203125,0.0,5
170.0,21.204154946191462,165.05162683733772,34.0,40.0,-0.29514288238617176,5.993587970733643,11.31991115064612,1.1005825048907834,7.0,13.187829971313477,0.0,5
157.0,24.10024247417389,154.24078080524453,31.0,40.0,-0.3044067700186028,5.788290500640869,12.728456237359282,1.107787753924802,7.0,13.187829971313475,2985730337840.0,5
144.0,8.065414136180909,144.01531811143585,31.0,40.0,-0.2864318648176104,5.9281134605407715,14.676595637360412,1.4414890934010334,7.0,13.244415283203125,0.0,5
148.0,11.012271519242418,144.20506241569234,31.0,40.0,-0.2574680456219086,5.9281134605407715,14.602475241477034,1.2561881036925895,7.0,13.244415283203125,0.0,5
143.0,30.72104803661634,142.0915541435655,34.0,60.0,-0.21101818769151612,5.946240425109863,17.140654015237104,0.8075467284768332,4.0,13.282510314867332,0.0,5
143.0,23.805609543101756,140.67571334747544,34.0,40.0,-0.29928069014643677,5.971341494217664,14.47529805691132,0.9382451422783011,7.0,13.244415283203125,0.0,5
161.0,23.2266841155098,158.45405426207986,41.0,40.0,-0.29394586210492546,5.788290500640869,14.13881780872605,0.834476361155467,6.0,13.187829971313475,5057845218500.0,5
146.0,13.106103750688643,144.17037746319357,34.0,40.0,-0.3036648179855671,5.897992134094238,14.313593591996995,0.8052168567045203,7.0,13.244415283203125,0.0,5
132.0,2.5952363240443166,128.8536699967017,41.0,80.0,-0.07856853343514479,5.9369306564331055,0.0,0.554628845668427,0.0,13.244415283203125,1924969038533.0,5
158.0,23.40473632493588,157.03215292012197,34.0,40.0,-0.26792669697658683,5.972259521484375,14.27192361120752,0.9229597129503538,7.0,13.244415283203125,0.0,5
161.0,23.988584992159755,158.23882446573165,34.0,40.0,-0.2773246688678844,5.972259521484375,14.566436793217242,1.166091983043102,7.0,13.244415283203125,0.0,5
248.0,128.42290265120658,243.59951652550188,34.0,60.0,-0.2014138382619359,5.800906181335449,17.437297723610076,0.844341529400242,6.0,13.480916023254395,0.0,5
142.0,9.852715177530461,140.56718520194804,34.0,40.0,-0.25585120906655656,5.897992134094238,14.501820408512511,1.004551021281281,7.0,13.244415283203125,0.0,5
140.0,10.858791530234921,135.41495287459298,31.0,40.0,-0.27454065192108845,5.9281134605407715,13.543784283451503,1.571297389038197,7.0,13.187829971313477,0.0,5
164.0,24.869554794813947,161.37388448003665,41.0,40.0,-0.24804446975955688,5.932230688121221,14.132488218824477,1.0817059839544139,7.0,14.623725891113283,0.0,5
149.0,26.119757518990177,147.95746013135533,34.0,40.0,-0.3053395725791629,6.049091815948486,14.442670883541945,1.010786797896015,7.0,13.244415283203125,0.0,5
203.0,57.69942940981121,199.92345485593395,34.0,60.0,-0.30083535818648416,5.78828239440918,16.209809463638116,0.737716902877482,4.0,13.024543762207033,5707835023534.0,5
128.0,10.285098654418196,126.07325717638363,31.0,40.0,-0.2472765528231422,5.754062652587891,13.797640354501063,1.266078542856026,7.0,12.39930534362793,0.0,5
142.0,8.055800923290725,139.59940464422098,34.0,40.0,-0.25296579912346473,5.9369306564331055,13.836686563320503,1.3226365637471624,7.0,13.244415283203125,0.0,5
99.0,44.31432445970013,95.82039346777388,31.0,80.0,-0.09461324944515485,5.928748607635497,21.126386427124608,0.7426650969378708,7.0,12.883625984191895,142480270406.0,5
139.0,14.27255977567574,137.30210930405335,34.0,40.0,-0.27148972366073093,5.897992134094238,14.384519649716285,0.7112991242907087,7.0,13.244415283203127,3786043084175.0,5
140.0,24.277889169533825,137.9646171398342,31.0,60.0,-0.1148289071366499,5.8177366779275115,17.301111821941916,1.4171631164984562,4.0,12.883625984191895,0.0,5
132.0,21.586445265660434,131.1045335224008,41.0,40.0,-0.21671959995264514,5.754062652587891,14.216070400773413,0.7655517167896329,4.0,12.883625984191896,0.0,5
135.0,10.98175430037171,129.94431806894906,34.0,40.0,-0.2309707545912309,5.897992134094238,13.562003620015632,0.9303433415388466,7.0,13.244415283203125,5757138894729.0,5
153.0,24.059562833174,146.38866156583015,41.0,40.0,-0.25570349144577315,5.972259521484375,14.618451426558423,1.2961285663960573,7.0,14.623725891113281,2513899934354.0,5
101.0,19.279248499676534,104.9493529003056,21.0,80.0,-0.14653411201497618,5.754062652587891,26.003797488702787,1.8783659122078658,4.0,12.883625984191895,0.0,5
104.0,27.92230368059903,97.19148282440341,34.0,80.0,-0.18418849617310118,5.909002780914307,19.990676992730773,1.6233476221379077,4.0,12.883625984191895,310760733201.0,5
151.0,12.458404937862031,145.31987611892646,34.0,40.0,-0.26493987117236684,5.9281134605407715,14.674446751070324,1.5353853974257814,7.0,13.244415283203125,0.0,5
129.0,20.381254637372255,128.4586387328858,34.0,80.0,-0.20456199002029696,5.489740371704102,19.669534026456187,0.8765880918087422,4.0,12.399305343627931,0.0,5
153.0,21.041193284235696,148.92389182998738,34.0,40.0,-0.26466102867482133,5.972259521484375,14.441834756517954,0.8545868912948861,7.0,13.244415283203125,3109535526089.0,5
168.0,49.78235354154983,166.43511098787377,41.0,40.0,-0.2173681913962123,5.881823539733887,17.151822705579978,1.068039274922004,7.0,12.716801643371582,3258309445839.0,5
153.0,15.396624730528059,151.27372287486935,34.0,40.0,-0.274954217026281,5.9281134605407715,14.638320286382086,1.3458007159552128,7.0,13.244415283203125,0.0,5
149.0,17.436515246546406,149.3763262787658,34.0,60.0,-0.24110115854557015,5.661404387591635,17.531541550573994,1.2501200022493455,6.0,12.39930534362793,0.0,5
158.0,24.405278060500788,155.06970785216834,34.0,40.0,-0.29205643931971764,5.788290500640869,14.274059908794962,1.3517676733040807,6.0,13.187829971313477,1457258239269.0,5
182.0,25.62877983590092,178.73573128697328,34.0,40.0,-0.2596139500735362,5.768929481506348,14.193769687660712,1.2525449798912196,6.0,13.187829971313477,0.0,5
97.0,46.39456463849527,97.67757672993392,34.0,80.0,-0.16914624136874204,5.902429201070545,20.27991100715376,1.3890979062339253,4.0,12.883625984191893,0.0,5
162.0,25.709288397332895,159.9576829811093,34.0,80.0,0.055835592051915975,5.660206317901612,24.29775921761985,0.693726412183597,4.0,12.716801643371584,1582435486444.0,5
164.0,24.27492172751785,159.79224760814273,41.0,40.0,-0.2697481444793934,5.972259521484375,13.436889105037224,1.175445265585413,7.0,13.244415283203125,0.0,5
146.0,15.950839567763246,142.79571425646822,41.0,40.0,-0.25677994297038736,5.897992134094238,14.53170555563109,1.0792638890777224,7.0,13.244415283203125,0.0,5
140.0,11.917042880019245,135.79140333502127,34.0,40.0,-0.23299238897571745,5.933707399275696,13.734917424630444,1.1712142957162104,7.0,13.187829971313477,0.0,5
146.0,16.918655235988744,144.07401060055403,34.0,40.0,-0.28181349323347277,5.897992134094238,14.650304320687429,1.3757608017185745,7.0,13.244415283203125,0.0,5
237.0,56.84378644859185,233.90726304478503,41.0,40.0,-0.31961080509624595,6.046877861022949,14.267917445956009,3.1868836534594887,4.0,13.024543762207031,0.0,5
215.0,51.76410602927777,207.39823785602596,31.0,40.0,-0.3251459273953992,5.787378605592598,13.699834356686912,4.559800015936808,6.0,13.024543762207031,5841138835505.0,5
144.0,15.854570600788525,139.97293157424033,34.0,40.0,-0.2421237317773629,6.01113748550415,14.490751096995872,0.976877742489685,7.0,13.244415283203127,0.0,5
249.0,128.90423714693523,244.4354608543123,34.0,60.0,-0.20375974210062622,5.800906181335449,16.899991752869614,0.6770973499887654,6.0,13.480916023254395,0.0,5
164.0,29.930605830196086,163.02141383349033,41.0,40.0,-0.24166311195539136,5.904160976409912,14.209142030493219,0.7754418563899896,6.0,13.471151273544553,0.0,5
156.0,20.469504723943636,154.94011975773023,34.0,60.0,-0.1491999024235194,5.672905856615876,18.57303957053589,1.0421879674354944,6.0,12.716801643371582,0.0,5
143.0,23.041591686064923,139.40098050393104,34.0,40.0,-0.2859763681309896,6.0111374855041495,12.659837553532972,0.900072670905639,7.0,13.244415283203125,0.0,5
147.0,22.93044937306417,142.83817892986508,34.0,40.0,-0.28731634804330064,5.994088185976626,14.475770472307634,0.9394261807690821,7.0,13.244415283203125,0.0,5
144.0,14.054595495766993,138.55885427895814,34.0,40.0,-0.30212479254827973,5.993587970733643,14.038723392132692,1.071485964039696,7.0,13.187829971313477,0.0,5
144.0,13.831168527661497,140.8351192964964,41.0,40.0,-0.25903824050465496,5.933707399275696,14.527536023600744,1.0688400590018645,7.0,14.433333396911621,0.0,5
152.0,15.609935167704569,151.41757076165533,41.0,40.0,-0.2991662714856783,5.9281134605407715,14.319835436029233,1.1618375593510195,7.0,14.467714954116975,2736431677569.0,5
154.0,16.915827826317468,151.16419200793212,34.0,40.0,-0.294639981481872,5.972259521484375,14.316587115830771,0.8979846136226548,7.0,13.244415283203125,0.0,5
138.0,20.495757800690313,138.95122894680833,34.0,40.0,-0.24786630035683332,5.754062652587891,14.258322794513218,1.120750462809119,7.0,12.883625984191895,192381632619.0,5
146.0,10.344094826663293,139.69862739287996,34.0,40.0,-0.3071438612487977,5.993587970733643,14.201063759221427,0.9807748389364649,7.0,13.187829971313477,0.0,5
141.0,11.056340655331644,140.94967811686953,34.0,40.0,-0.2600593050254887,5.9281134605407715,14.677763886730153,0.8299663067973805,7.0,13.244415283203125,332989231020.0,5
137.0,9.850772987233649,131.44416241468883,31.0,80.0,-0.2117718254050171,5.9281134605407715,11.252064804429306,0.9258179390013556,7.0,13.187829971313477,1632847286647.0,5
148.0,17.808953108202655,146.17728465085722,41.0,40.0,-0.28649262627288224,5.897992134094238,12.630291561845748,1.3865082635716586,7.0,13.244415283203125,1564782993863.0,5
164.0,15.072396851916311,162.4615562206602,34.0,40.0,-0.276325250484474,5.9281134605407715,14.745303290800013,1.6132582270000335,7.0,13.244415283203125,0.0,5
135.0,11.689934574388888,135.11150644238688,41.0,40.0,-0.22544075848654022,5.897992134094238,14.297870928321277,0.5352359171631249,7.0,13.244415283203123,1802069798.0,5
160.0,24.27553067311497,158.6937145928719,34.0,40.0,-0.27366638930732695,5.972259521484375,14.522518426724167,1.0562960668104175,7.0,13.244415283203125,0.0,5
149.0,22.119992382008995,143.1160841278105,34.0,60.0,-0.28009732209600835,5.993587970733643,16.134791314789236,0.8154195690586218,7.0,14.433333396911621,3755285886017.0,5
141.0,24.360841087118153,138.85264775686747,34.0,40.0,-0.28423531499373866,6.049091815948486,14.401033980556265,0.7525849513906631,7.0,13.244415283203125,0.0,5
247.0,138.6217063131737,244.339009503561,34.0,60.0,-0.22104839875447851,5.931555271148682,18.43763517590555,0.9047675514145099,6.0,13.480916023254395,0.0,5
158.0,21.96069415192442,154.5122913472718,34.0,40.0,-0.2761527655336799,5.897992134094237,14.108842706413956,0.8851204646649983,7.0,13.244415283203125,0.0,5
142.0,18.734551889865777,140.17857668775542,34.0,40.0,-0.274282968998716,6.01113748550415,14.43115620584306,0.8278905146076485,7.0,13.244415283203125,0.0,5
203.0,51.92642414855035,202.43311666637527,31.0,40.0,-0.2687959496661661,5.8545122146606445,14.99452252385593,7.2672612238570995,4.0,12.716801643371582,0.0,5
149.0,15.642282326215177,143.98914479518106,31.0,40.0,-0.26598177190822037,5.972259521484375,17.676044805225807,1.953810643201701,7.0,13.244415283203125,0.0,5
132.0,3.1658359166032213,128.65545274602843,41.0,80.0,-0.0840673176760027,5.9369306564331055,0.0,0.6777630875538575,0.0,13.244415283203123,2676176468205.0,5
94.0,19.19640980349466,93.77809331229051,41.0,80.0,-0.07630092041386918,5.754062652587891,24.917989864342402,0.9184618267025104,4.0,12.883625984191895,0.0,5
162.0,18.081725785406697,159.41648342387765,41.0,40.0,-0.249799286737327,5.9281134605407715,14.563306574838599,1.1582664370964935,7.0,14.623725891113281,2848806392163.0,5
179.0,24.173562855642086,175.9476860414715,34.0,40.0,-0.2579274793962699,5.7689294815063485,14.404362266630326,1.4846920743428162,6.0,13.187829971313477,0.0,5
134.0,9.877744472488024,132.66214719138944,34.0,40.0,-0.2338353003747224,5.897992134094238,14.273438817231131,1.1937912178350534,7.0,13.244415283203125,0.0,5
227.0,128.44965923485736,222.12651146839139,34.0,80.0,-0.2150639171378543,5.800906181335449,18.90914139324939,0.8010724142980526,4.0,13.480916023254395,0.0,5
127.0,1.8887111121035058,124.79272509642243,34.0,80.0,0.05118633660943987,5.549841880798339,15.19344193014265,0.6989746109604538,6.0,12.39930534362793,0.0,5
248.0,136.2600577470288,246.66240373589378,34.0,60.0,-0.22958878989723136,5.833423459877087,16.705885088565804,0.9303597489448386,6.0,13.480916023254395,0.0,5
141.0,13.431710543948615,139.02735243811384,31.0,40.0,-0.2479779915418674,5.944486077317914,14.152662470398123,0.9661221954127921,7.0,13.244415283203125,3506138255091.0,5
171.0,20.52047854522447,167.10045725714258,34.0,40.0,-0.2988222282638987,5.993587970733643,14.445832097661327,0.8645802441533212,7.0,13.187829971313477,0.0,5
134.0,11.48049219929669,130.59252653937503,41.0,40.0,-0.21805580444222694,5.993587970733643,4.829388892179949,0.8088601129869026,7.0,13.187829971313475,0.0,5
