dem,dist_to_water,flow_acc,geom,lulc,ndwi,rain,runoff_coeff,slope,soilTx,soil_moisture,level
318.998344370861,113.0007501325118,317.9134777144881,24.0,40.0,-0.24935451554541588,2.2145731449127197,12.3,0.0,1.0,8.97106647491455,1
320.0,113.1512338805299,319.796053854835,24.0,40.0,-0.27411290924280707,2.1877414706527,12.3,0.0,1.0,8.97106647491455,1
322.15413550887115,112.45727790358619,320.7133686031414,24.0,40.0,-0.24049121245041427,2.2145731449127197,12.38163148635385,0.20407871588462262,1.0,8.97106647491455,1
323.3816046966732,112.60849039025432,322.4605836584882,24.0,40.0,-0.25830892718786436,2.1877414706527,12.351879823170314,0.12969955792578203,1.0,8.97106647491455,1
323.3816046966732,112.76135684349634,323.2631581019556,24.0,40.0,-0.28131394757083483,2.1461523755496694,12.305809459365426,0.014523648413562358,1.0,8.97106647491455,1
325.1064883814363,111.9138860118508,324.10360740149156,24.0,40.0,-0.2361636942370344,2.2145731449127197,12.446641485245372,0.36660371311342554,1.0,8.97106647491455,1
326.6941330464872,112.06582997508121,325.9266408268026,24.0,40.0,-0.24509273604070506,2.1877414706527,12.393673236056062,0.23418309014015287,1.0,8.971066474914549,1
326.9813895620845,112.2194346807316,326.311566708836,24.0,40.0,-0.2559592684967,2.1461523755496694,12.310489450912526,0.026223627281315998,1.0,8.97106647491455,1
331.3297002371665,111.67780698484708,333.0291305507188,24.0,40.0,-0.22513738162594907,2.1461523755496694,12.311294499021379,0.02823624755344893,1.0,8.97106647491455,1
336.7499578802763,111.13635543323664,337.8049777910412,24.0,40.0,-0.20545965552341947,2.169463272733467,12.313410087917923,0.033525219794805404,1.0,8.97106647491455,1
389.73439950233933,97.03211166370829,389.0139429558584,24.0,40.0,-0.2702384272137682,2.232551097869873,12.309744983267507,0.02436245816876205,1.0,8.630749702453615,1
343.4730433768355,110.59511796466697,340.2208925463905,24.0,40.0,-0.19932637096995878,2.221105875725264,12.317118487925656,0.042796219814141265,1.0,8.97106647491455,1
393.459390106401,96.56937946843638,393.4267003392638,24.0,40.0,-0.2767463484814604,2.232551097869873,12.331333869275518,0.07833467318878878,1.0,8.630749702453613,1
346.706088568059,110.05415166645153,343.02786431456116,24.0,40.0,-0.2082138304618652,2.237782132941365,11.253772535198914,0.04271239967354357,1.0,8.97106647491455,1
397.6089475253043,96.10794815568819,396.212500872801,24.0,40.0,-0.27346011159296746,2.232551097869873,12.33936306623931,0.09840766559827398,1.0,8.630749702453613,1
351.3217817291119,109.35590682038216,348.77438374425645,21.0,40.0,-0.21584670319186688,2.2851512526834243,11.40349582816428,0.3408406318277627,1.0,8.97106647491455,1
348.2746529982763,109.51331469563581,346.02134019653903,34.0,30.0,-0.22426502942156212,2.237782132941365,9.68152373732188,0.038167049918208344,1.0,8.97106647491455,1
401.9609906559014,95.64713726383597,398.22236813947796,24.0,40.0,-0.2655028146607553,2.232551097869873,12.340925334582018,0.10231333645503936,1.0,8.630749702453613,1
356.4704027941577,106.99807097863476,355.63990281904046,24.0,40.0,-0.3275727165789749,2.3328051567077637,12.733605666428845,0.006274926041534389,1.0,8.69696361258072,1
356.58444680602895,108.5047708536661,352.79320850348336,21.0,30.0,-0.22065683897673546,2.3157119750976562,10.245537371780436,0.6005983963384518,1.0,8.939765876053364,1
356.55461632171694,108.65816583972479,355.5062978557161,21.0,40.0,-0.2113689538562385,2.3157119750976562,11.89613324388101,0.4928165534110345,1.0,8.939765876053364,1
355.6558883373725,108.81465614593796,355.44945006953236,21.0,40.0,-0.20952780084867156,2.2851512526834243,11.518909864821401,0.36207747694706227,1.0,8.939765876053364,1
354.27926672801027,108.9728488782361,353.86913685721953,21.0,30.0,-0.2117823505032158,2.237782132941365,10.026385897623765,0.21871192203798084,4.0,8.939765876053364,1
338.6520262827076,104.39825434534778,338.6177219513427,24.0,40.0,-0.26559615865853986,2.183223009109497,12.375581411164017,0.18895352791003706,1.0,9.05194091610246,1
340.0684218711525,104.0213027187524,339.00839948452096,24.0,40.0,-0.26052334652159553,2.183223009109497,12.330990993850989,0.0774774846274722,1.0,9.05194091610246,1
394.1474384728037,98.57351919680696,389.84170803068537,24.0,40.0,-0.2535103939311311,2.147276639938355,12.307187924846268,0.017969812115670242,1.0,8.899715720324133,1
393.54309495729706,98.22608688089589,391.9073171413029,24.0,40.0,-0.24300054461647413,2.1472766399383545,12.360472324250118,0.15118081062529287,1.0,8.899715720324133,1
394.98811575796066,97.87996419126287,394.91709740138015,24.0,40.0,-0.23927107680452775,2.1472766399383545,12.491156581312055,0.2428633950641907,1.0,8.899715720324133,1
401.15560969920034,96.85431480912274,399.7305286066495,24.0,40.0,-0.2593334057852087,2.1472766399383545,12.509909029188162,0.4091539314287007,1.0,8.899715720324133,1
399.67027384300354,96.51722307809924,398.03982680790114,24.0,40.0,-0.25263289301697983,2.1868078456019737,12.490620807790224,0.4765520194755589,1.0,8.899715720324133,1
359.3425953525745,106.4477044624056,360.4914593198196,24.0,40.0,-0.319101843978252,2.3328051567077637,12.314919683439102,0.03729920859775428,1.0,8.712539672851562,1
357.14217026736304,106.82764700438845,359.5446263163237,24.0,40.0,-0.30969512552917816,2.3328051567077632,12.364678436005953,0.16169609001487953,1.0,8.712539672851562,1
354.37585373439936,106.9596913676219,356.68291720955153,24.0,40.0,-0.2876409642695077,2.3328051567077637,12.37326705461744,0.1831676365435947,1.0,8.712539672851562,1
358.3581634504478,107.81073282454113,356.6390547434308,21.0,30.0,-0.21094136822502482,2.3157119750976562,10.647245429946882,0.5329539735142056,1.0,8.90954875946045,1
361.5416531667552,107.96206275085699,360.4726095145327,21.0,30.0,-0.20637447478904125,2.3157119750976562,10.362190211403792,0.4768490202993261,1.0,8.90954875946045,1
360.09321742849363,108.1162256014988,361.4722491269152,21.0,40.0,-0.20773374436067873,2.3157119750976562,11.904942984319648,0.4060505181725735,1.0,8.90954875946045,1
359.73250735475176,108.27349667143,361.57236475086825,21.0,40.0,-0.2060865930113772,2.2851512526834243,11.74522995980261,0.38686606343651414,1.0,8.90954875946045,1
359.97004639649566,108.4324772619703,361.1777421811853,21.0,30.0,-0.20278591015555922,2.2377821329413656,10.649160746697552,0.39606933476533307,4.0,8.909548759460451,1
356.54635761589395,108.59563536823232,355.00586015790236,21.0,30.0,-0.2117805803525528,2.2318089008331294,11.396676238576644,0.20887285172595,4.0,8.90954875946045,1
358.3388369772295,109.27165410767684,357.76109234488075,24.0,40.0,-0.23263160155969037,2.23180890083313,12.311472415543399,0.028681038858496037,1.0,8.90954875946045,1
360.49136869662135,109.44747280869906,358.28442975922,24.0,40.0,-0.2423349905678134,2.23180890083313,12.30938435379257,0.023460884481423812,1.0,8.90954875946045,1
360.8515441738702,109.62534305909564,357.10119282443685,24.0,40.0,-0.2552429590814492,2.23180890083313,12.30787128171058,0.019678204276448827,1.0,8.909548759460451,1
355.4603329402158,109.80686080442766,353.03280579254783,24.0,40.0,-0.2561018763000954,2.244669480434317,12.310741791495612,0.02685447873902798,1.0,8.909548759460451,1
341.69281113515893,103.98020575852097,342.7780635250025,24.0,40.0,-0.25757346475719634,2.183223009109497,12.45187177294602,0.3796794323650571,1.0,9.29942512512207,1
343.1821256852555,103.60173319221396,344.14487674289103,24.0,40.0,-0.2603115830009211,2.183223009109497,12.362272681986518,0.15568170496629555,1.0,9.299425125122069,1
405.80546519614825,98.130721515644,402.80113172714664,24.0,40.0,-0.2536025012046666,2.1472766399383545,12.33251885214908,0.08129713037270132,1.0,9.159371376037598,1
403.391405632379,97.78171717620144,402.56737898311957,24.0,40.0,-0.2645491170674769,2.1472766399383545,12.42364813262733,0.3091203315683209,1.0,9.159371376037598,1
402.85475823278597,97.43402125562282,403.6045474573767,24.0,40.0,-0.2675831327630883,2.1472766399383545,12.65850425458938,0.46778640726437665,1.0,9.159371376037596,1
404.8609627920841,96.40364145649875,404.4656231496881,24.0,40.0,-0.2601015513829193,2.1472766399383545,12.574322871538294,0.47502550157356077,1.0,9.159371376037598,1
403.82520962662477,96.06496985450879,403.6622481039923,24.0,40.0,-0.2513803904551793,2.1868078456019737,12.54491764504605,0.5367702080519351,1.0,9.159371376037596,1
362.2025893910136,105.8975534339013,363.64439271114685,24.0,40.0,-0.31471837585582735,2.3328051567077637,12.392653422487722,0.2316335562193046,1.0,8.712539672851562,1
362.71523178807945,106.02271646158472,363.4261377010552,24.0,40.0,-0.32146485283324094,2.3328051567077637,12.44917309825249,0.37293274563122747,1.0,8.712539672851562,1
362.78011560244164,106.14925628377894,363.18184800638124,24.0,40.0,-0.3208893648610434,2.3328051567077637,12.477992767583846,0.4449819189596114,1.0,8.712539672851562,1
361.650976529594,106.27946755800184,362.8681324861544,24.0,40.0,-0.30078863702321706,2.3328051567077637,12.432945753092763,0.3323643827319068,1.0,8.712539672851562,1
359.3633474164409,106.41219392243264,360.4364226608917,24.0,40.0,-0.27563003376078904,2.3328051567077637,12.452034546782937,0.38008636695734344,1.0,8.712539672851562,1
363.92458301473545,107.57462990700547,363.6437021987846,24.0,40.0,-0.21884772230306965,2.3157119750976562,12.240383972032559,0.3978521424684446,1.0,8.90954875946045,1
362.5990331903422,107.73269337736136,363.18974019494783,24.0,40.0,-0.22680394704945872,2.2851512526834243,12.177814082601678,0.3905798404513954,1.0,8.90954875946045,1
360.87317427197684,108.73582811383454,360.00250238919955,24.0,40.0,-0.2608510494886658,2.23180890083313,12.400771217610933,0.2519280440273309,1.0,8.90954875946045,1
361.8546480735086,108.91251384145826,359.7388832865596,24.0,40.0,-0.27304755684083776,2.23180890083313,12.382430134664462,0.2060753366611558,1.0,8.90954875946045,1
349.48418566374204,104.71631201235735,350.10619355039057,24.0,40.0,-0.2650588393212622,2.2693169116973877,12.34691836148969,0.11729590372422745,1.0,9.29942512512207,1
399.47148818703755,97.68984994199822,396.2970849177563,21.0,40.0,-0.2469345238510933,2.147276639938354,12.475676765366083,0.4391919134152096,1.0,9.159371376037598,1
400.23934694988407,97.33925830580827,398.6178198644931,21.0,40.0,-0.2582706859381969,2.1472766399383545,12.460985051119334,0.40246262779833814,1.0,9.159371376037598,1
403.11603011884256,96.98997371564913,401.9173187802844,21.0,40.0,-0.26608276859058494,2.1472766399383545,12.52468583724221,0.393579136074116,1.0,9.159371376037596,1
409.6831559984968,96.64297645604381,406.929654641921,24.0,40.0,-0.2677277122322219,2.1472766399383545,12.725573499011919,0.43342578366202517,1.0,9.159371376037598,1
411.4784995010433,96.29814935892247,408.45948232655036,24.0,40.0,-0.2624696901830447,2.1472766399383545,12.719174229055193,0.5028512683910195,1.0,9.159371376037598,1
336.7542702919869,104.39825031043904,341.2520552914136,24.0,40.0,-0.24514570426111326,2.3595254234605103,12.509186334129879,0.2366894132980248,1.0,8.712539672851562,1
342.95154287787886,104.5650180019141,346.79921503410986,24.0,40.0,-0.2596789643982832,2.3595254234605108,12.481175174069786,0.09453472629952547,1.0,8.71253967285156,1
351.75926957919177,104.73494992464182,349.0711668675045,24.0,40.0,-0.2930780086704543,2.3595254234605108,12.396969947431284,0.1375807763554605,1.0,8.712539672851562,1
357.58556783867505,104.90711333086927,353.652456681769,24.0,40.0,-0.31012429266206704,2.3661647357206026,12.35962078251053,0.1490519562763259,1.0,8.71253967285156,1
361.3099590466687,105.08084993296399,359.8618297725467,24.0,40.0,-0.31564188065588794,2.3774847631240585,12.355305141100787,0.13826285275196926,1.0,8.712539672851562,1
363.4707105921386,105.2183532389222,363.9098313199197,24.0,40.0,-0.31086951725378886,2.3795761464859875,12.39821775081298,0.24554437703245185,1.0,8.712539672851562,1
365.25723487253924,105.34749242647388,367.3204458347955,24.0,40.0,-0.3045005564377652,2.3795761464859875,12.450290946117583,0.3757273652939575,1.0,8.712539672851562,1
366.6117598268556,105.47330694090891,367.52365909722306,24.0,40.0,-0.3141120731613535,2.3795761464859875,12.468846570565312,0.4221164264132797,1.0,8.712539672851562,1
367.2274529879084,105.60050462509201,367.615812474694,24.0,40.0,-0.31632569059212984,2.3795761464859875,12.482892233315463,0.4572305832886619,1.0,8.712539672851562,1
365.8729280335921,105.73139076193678,367.4118061589471,24.0,40.0,-0.2988115765754087,2.3795761464859875,12.48491133153875,0.46227832884687536,1.0,8.712539672851562,1
364.12115900519683,105.86480346433966,365.61490753710126,24.0,40.0,-0.2688102658961474,2.3795761464859875,12.563804685984366,0.5323603690737376,1.0,8.712539672851562,1
367.55733142390585,107.03317802457755,367.7340921090592,24.0,40.0,-0.22234889676588288,2.3672685604506043,12.655144912745232,0.43874290808617056,1.0,8.90954875946045,1
365.03065019893467,107.19203874077948,365.8776865542268,24.0,40.0,-0.23601301110344988,2.337182675205025,12.58614292096496,0.4298244555078744,1.0,8.90954875946045,1
364.20594600899415,108.20018071576962,363.9974037063921,24.0,40.0,-0.27189642113251655,2.284669130049106,12.654804303484454,0.43789138493423024,1.0,8.90954875946045,1
364.2057256904394,108.37773859282859,363.1830400823442,24.0,40.0,-0.2824193867014769,2.284669130049106,12.62732858497858,0.36920208866954424,1.0,8.909548759460447,1
353.51687056932906,104.30586140018082,354.8616739467537,24.0,40.0,-0.2565250258026017,2.299193404192094,12.42775367945887,0.16248984787410856,1.0,9.29942512512207,1
397.6562771348221,97.96104306481209,398.4336982950811,21.0,40.0,-0.2194506879476138,2.253566392947083,11.893934069212063,0.07497462171540044,4.0,9.16085248513744,1
395.3411341221601,97.60501196490486,396.07002295933097,21.0,40.0,-0.22164476803821237,2.202934283984241,12.221156891645627,0.38568745597737186,1.0,9.159371376037598,1
397.08728826738906,96.8975949456806,395.57311336660564,21.0,40.0,-0.22576220509699632,2.1545961864307204,12.515083090469513,0.5377077261737812,1.0,9.159371376037598,1
403.0084887443139,96.54671539597537,399.75890379025816,21.0,40.0,-0.2369962430855744,2.1545961864307204,12.480029325310744,0.45007331327685873,1.0,9.159371376037598,1
412.3796801492984,96.19812065209607,406.8827348592607,24.0,40.0,-0.26378695586308243,2.1545961864307204,12.47035951547198,0.42589878867995107,1.0,9.159371376037598,1
416.13088866137036,95.85169405624023,410.5397770321852,24.0,40.0,-0.26586888538026154,2.1545961864307204,12.55409011924425,0.4850231234368884,1.0,9.1593713760376,1
383.8589831650705,97.88639120236938,388.9713086781945,31.0,30.0,-0.20785555218396465,2.3725152976825514,9.81830990225546,0.11576963647231088,4.0,9.225381468180384,1
387.1867394149896,97.52563536016903,398.2547489913322,31.0,20.0,-0.2040005956622947,2.372515297682551,8.206218499928472,0.2866676712647667,1.0,9.165034440242875,1
386.65104456914764,97.1680047595751,397.53866597991555,21.0,40.0,-0.187647582934117,2.2716031845318776,10.353908942211621,0.46595083299816253,1.0,9.159371376037598,1
412.554172444629,95.75469232167777,406.6338658301619,21.0,40.0,-0.23267858281788373,2.175263141232694,12.514377347489873,0.5359433687246811,1.0,9.159371376037598,1
419.33333549331917,95.40665432651866,413.40161149878554,21.0,40.0,-0.26228569668611984,2.175263141232694,12.704252865216738,0.4363297304657954,1.0,9.159371376037598,1
431.8267972162105,92.6975411159927,437.7361724944879,21.0,40.0,-0.25556674517900774,2.3521213652803006,13.122527123097159,0.14158270840511084,4.0,9.159371376037598,1
413.57653153795326,95.31257756257541,409.1846660835942,21.0,40.0,-0.23318813656008563,2.183946132659912,12.818801469814193,0.5616807782536836,1.0,9.159371376037598,1
418.38789025543997,94.9629174501967,414.34048499566165,21.0,40.0,-0.26254151263442443,2.183946132659912,12.862104388043887,0.40929312365878423,1.0,9.159371376037598,1
415.2132132813208,94.87141455274985,413.7639692303576,21.0,40.0,-0.256606487555434,2.183946132659912,13.311903203677902,0.5263333516605122,4.0,9.159371376037598,1
414.4370860927152,94.52012455747567,413.8860753947136,21.0,40.0,-0.2655788828446213,2.183946132659912,13.025526821047164,0.39794796071916183,4.0,9.159371376037598,1
419.8686901413927,94.07918716675033,418.19898287266545,21.0,40.0,-0.2566476869546592,2.183946132659912,12.983606436226069,0.5497533153289739,4.0,9.159371376037598,1
478.7338681458254,90.8770125152003,483.22642343601524,11.0,20.0,-0.25538037832363364,2.3892188072204594,8.257719363312836,0.18437694536716698,4.0,9.159371376037598,1
0.0,0.0,0.0,11.0,20.0,-0.38250105816623897,0.0,0.0,0.0,4.0,0.0,1
310.39668031777705,95.88246543252411,308.84917341355316,24.0,40.0,-0.24916694309816464,2.3820427175495817,12.312278488591181,0.03069622147795246,1.0,8.554107666015625,1
0.0,0.0,0.0,11.0,20.0,-0.38250105816623897,0.0,0.0,0.0,4.0,0.0,1
0.0,0.0,0.0,11.0,20.0,-0.38250105816623897,0.0,0.0,0.0,4.0,0.0,1
0.0,0.0,0.0,22.0,10.0,-0.38250105816623897,0.0,0.0,0.0,4.0,0.0,1
0.0,0.0,0.0,22.0,10.0,-0.38250105816623897,0.0,0.0,0.0,4.0,0.0,1
0.0,0.0,0.0,11.0,20.0,-0.38250105816623897,0.0,0.0,0.0,4.0,0.0,1
0.0,0.0,0.0,21.0,20.0,-0.38250105816623897,0.0,0.0,0.0,1.0,0.0,1
0.0,0.0,0.0,21.0,20.0,-0.38250105816623897,0.0,0.0,0.0,1.0,0.0,1
0.0,0.0,0.0,24.0,10.0,-0.38250105816623897,0.0,0.0,0.0,4.0,0.0,1
0.0,0.0,0.0,24.0,10.0,-0.38250105816623897,0.0,0.0,0.0,4.0,0.0,1
0.0,0.0,0.0,24.0,10.0,-0.38250105816623897,0.0,0.0,0.0,4.0,0.0,1
0.0,0.0,0.0,21.0,10.0,-0.38250105816623897,0.0,0.0,0.0,1.0,0.0,1
0.0,0.0,0.0,21.0,10.0,-0.38250105816623897,0.0,0.0,0.0,1.0,0.0,1
0.0,0.0,0.0,31.0,10.0,-0.38250105816623897,0.0,0.0,0.0,1.0,0.0,1
0.0,0.0,0.0,21.0,10.0,-0.38250105816623897,0.0,0.0,0.0,1.0,0.0,1
0.0,0.0,0.0,21.0,10.0,-0.38250105816623897,0.0,0.0,0.0,4.0,0.0,1
0.0,0.0,0.0,21.0,10.0,-0.38250105816623897,0.0,0.0,0.0,4.0,0.0,1
0.0,0.0,0.0,21.0,10.0,-0.38250105816623897,0.0,0.0,0.0,4.0,0.0,1
0.0,0.0,0.0,21.0,10.0,-0.38250105816623897,0.0,0.0,0.0,4.0,0.0,1
0.0,0.0,0.0,21.0,10.0,-0.38250105816623897,0.0,0.0,0.0,4.0,0.0,1
0.0,0.0,0.0,21.0,10.0,-0.38250105816623897,0.0,0.0,0.0,4.0,0.0,1
0.0,0.0,0.0,21.0,10.0,-0.38250105816623897,0.0,0.0,0.0,4.0,0.0,1
0.0,0.0,0.0,21.0,10.0,-0.38250105816623897,0.0,0.0,0.0,4.0,0.0,1
0.0,0.0,0.0,21.0,10.0,-0.38250105816623897,0.0,0.0,0.0,4.0,0.0,1
0.0,0.0,0.0,21.0,10.0,-0.38250105816623897,0.0,0.0,0.0,4.0,0.0,1
0.0,0.0,0.0,21.0,10.0,-0.38250105816623897,0.0,0.0,0.0,4.0,0.0,1
0.0,0.0,0.0,21.0,10.0,-0.38250105816623897,0.0,0.0,0.0,4.0,0.0,1
0.0,0.0,0.0,21.0,10.0,-0.38250105816623897,0.0,0.0,0.0,4.0,0.0,1
0.0,0.0,0.0,21.0,10.0,-0.38250105816623897,0.0,0.0,0.0,4.0,0.0,1
0.0,0.0,0.0,21.0,10.0,-0.38250105816623897,0.0,0.0,0.0,4.0,0.0,1
0.0,0.0,0.0,21.0,10.0,-0.38250105816623897,0.0,0.0,0.0,4.0,0.0,1
0.0,0.0,0.0,21.0,10.0,-0.38250105816623897,0.0,0.0,0.0,4.0,0.0,1
0.0,0.0,0.0,31.0,10.0,-0.38250105816623897,0.0,0.0,0.0,1.0,0.0,1
0.0,0.0,0.0,21.0,10.0,-0.38250105816623897,0.0,0.0,0.0,4.0,0.0,1
0.0,0.0,0.0,21.0,10.0,-0.38250105816623897,0.0,0.0,0.0,4.0,0.0,1
0.0,0.0,0.0,31.0,10.0,-0.38250105816623897,0.0,0.0,0.0,1.0,0.0,1
0.0,0.0,0.0,11.0,10.0,-0.38250105816623897,0.0,0.0,0.0,4.0,0.0,1
0.0,0.0,0.0,21.0,10.0,-0.38250105816623897,0.0,0.0,0.0,4.0,0.0,1
0.0,0.0,0.0,21.0,10.0,-0.38250105816623897,0.0,0.0,0.0,4.0,0.0,1
0.0,0.0,0.0,21.0,10.0,-0.38250105816623897,0.0,0.0,0.0,4.0,0.0,1
0.0,0.0,0.0,21.0,10.0,-0.38250105816623897,0.0,0.0,0.0,4.0,0.0,1
0.0,0.0,0.0,21.0,10.0,-0.38250105816623897,0.0,0.0,0.0,4.0,0.0,1
0.0,0.0,0.0,21.0,10.0,-0.38250105816623897,0.0,0.0,0.0,4.0,0.0,1
0.0,0.0,0.0,21.0,10.0,-0.38250105816623897,0.0,0.0,0.0,4.0,0.0,1
0.0,0.0,0.0,21.0,10.0,-0.38250105816623897,0.0,0.0,0.0,4.0,0.0,1
0.0,0.0,0.0,21.0,10.0,-0.38250105816623897,0.0,0.0,0.0,4.0,0.0,1
0.0,0.0,0.0,21.0,10.0,-0.38250105816623897,0.0,0.0,0.0,4.0,0.0,1
0.0,0.0,0.0,21.0,10.0,-0.38250105816623897,0.0,0.0,0.0,4.0,0.0,1
0.0,0.0,0.0,21.0,10.0,-0.38250105816623897,0.0,0.0,0.0,4.0,0.0,1
0.0,0.0,0.0,21.0,10.0,-0.38250105816623897,0.0,0.0,0.0,4.0,0.0,1
0.0,0.0,0.0,21.0,10.0,-0.38250105816623897,0.0,0.0,0.0,4.0,0.0,1
0.0,0.0,0.0,21.0,10.0,-0.38250105816623897,0.0,0.0,0.0,4.0,0.0,1
0.0,0.0,0.0,21.0,10.0,-0.38250105816623897,0.0,0.0,0.0,4.0,0.0,1
0.0,0.0,0.0,21.0,10.0,-0.38250105816623897,0.0,0.0,0.0,4.0,0.0,1
0.0,0.0,0.0,21.0,10.0,-0.38250105816623897,0.0,0.0,0.0,4.0,0.0,1
0.0,0.0,0.0,21.0,10.0,-0.38250105816623897,0.0,0.0,0.0,4.0,0.0,1
0.0,0.0,0.0,21.0,10.0,-0.38250105816623897,0.0,0.0,0.0,4.0,0.0,1
0.0,0.0,0.0,21.0,10.0,-0.38250105816623897,0.0,0.0,0.0,4.0,0.0,1
0.0,0.0,0.0,21.0,10.0,-0.38250105816623897,0.0,0.0,0.0,4.0,0.0,1
0.0,0.0,0.0,21.0,10.0,-0.38250105816623897,0.0,0.0,0.0,4.0,0.0,1
0.0,0.0,0.0,21.0,10.0,-0.38250105816623897,0.0,0.0,0.0,4.0,0.0,1
0.0,0.0,0.0,21.0,10.0,-0.38250105816623897,0.0,0.0,0.0,4.0,0.0,1
0.0,0.0,0.0,21.0,10.0,-0.38250105816623897,0.0,0.0,0.0,4.0,0.0,1
0.0,0.0,0.0,21.0,10.0,-0.38250105816623897,0.0,0.0,0.0,4.0,0.0,1
0.0,0.0,0.0,21.0,10.0,-0.38250105816623897,0.0,0.0,0.0,4.0,0.0,1
0.0,0.0,0.0,21.0,10.0,-0.38250105816623897,0.0,0.0,0.0,1.0,0.0,1
0.0,0.0,0.0,31.0,10.0,-0.38250105816623897,0.0,0.0,0.0,1.0,0.0,1
0.0,0.0,0.0,31.0,10.0,-0.38250105816623897,0.0,0.0,0.0,1.0,0.0,1
0.0,0.0,0.0,31.0,10.0,-0.38250105816623897,0.0,0.0,0.0,1.0,0.0,1
0.0,0.0,0.0,21.0,10.0,-0.38250105816623897,0.0,0.0,0.0,4.0,0.0,1
0.0,0.0,0.0,21.0,10.0,-0.38250105816623897,0.0,0.0,0.0,1.0,0.0,1
0.0,0.0,0.0,21.0,10.0,-0.38250105816623897,0.0,0.0,0.0,4.0,0.0,1
0.0,0.0,0.0,21.0,10.0,-0.38250105816623897,0.0,0.0,0.0,4.0,0.0,1
0.0,0.0,0.0,21.0,10.0,-0.38250105816623897,0.0,0.0,0.0,1.0,0.0,1
0.0,0.0,0.0,21.0,10.0,-0.38250105816623897,0.0,0.0,0.0,4.0,0.0,1
0.0,0.0,0.0,21.0,10.0,-0.38250105816623897,0.0,0.0,0.0,4.0,0.0,1
0.0,0.0,0.0,21.0,10.0,-0.38250105816623897,0.0,0.0,0.0,4.0,0.0,1
0.0,0.0,0.0,21.0,10.0,-0.38250105816623897,0.0,0.0,0.0,4.0,0.0,1
0.0,0.0,0.0,21.0,10.0,-0.38250105816623897,0.0,0.0,0.0,4.0,0.0,1
0.0,0.0,0.0,21.0,10.0,-0.38250105816623897,0.0,0.0,0.0,4.0,0.0,1
0.0,0.0,0.0,21.0,10.0,-0.38250105816623897,0.0,0.0,0.0,4.0,0.0,1
0.0,0.0,0.0,21.0,10.0,-0.38250105816623897,0.0,0.0,0.0,4.0,0.0,1
0.0,0.0,0.0,21.0,10.0,-0.38250105816623897,0.0,0.0,0.0,4.0,0.0,1
0.0,0.0,0.0,21.0,10.0,-0.38250105816623897,0.0,0.0,0.0,4.0,0.0,1
0.0,0.0,0.0,21.0,10.0,-0.38250105816623897,0.0,0.0,0.0,4.0,0.0,1
0.0,0.0,0.0,21.0,10.0,-0.38250105816623897,0.0,0.0,0.0,4.0,0.0,1
0.0,0.0,0.0,21.0,10.0,-0.38250105816623897,0.0,0.0,0.0,4.0,0.0,1
0.0,0.0,0.0,21.0,10.0,-0.38250105816623897,0.0,0.0,0.0,4.0,0.0,1
0.0,0.0,0.0,21.0,10.0,-0.38250105816623897,0.0,0.0,0.0,4.0,0.0,1
0.0,0.0,0.0,21.0,10.0,-0.38250105816623897,0.0,0.0,0.0,4.0,0.0,1
0.0,0.0,0.0,21.0,10.0,-0.38250105816623897,0.0,0.0,0.0,4.0,0.0,1
0.0,0.0,0.0,21.0,10.0,-0.38250105816623897,0.0,0.0,0.0,4.0,0.0,1
0.0,0.0,0.0,21.0,10.0,-0.38250105816623897,0.0,0.0,0.0,4.0,0.0,1
0.0,0.0,0.0,21.0,10.0,-0.38250105816623897,0.0,0.0,0.0,4.0,0.0,1
0.0,0.0,0.0,21.0,10.0,-0.38250105816623897,0.0,0.0,0.0,4.0,0.0,1
0.0,0.0,0.0,21.0,10.0,-0.38250105816623897,0.0,0.0,0.0,4.0,0.0,1
0.0,0.0,0.0,21.0,10.0,-0.38250105816623897,0.0,0.0,0.0,4.0,0.0,1
0.0,0.0,0.0,21.0,10.0,-0.38250105816623897,0.0,0.0,0.0,4.0,0.0,1
0.0,0.0,0.0,21.0,10.0,-0.38250105816623897,0.0,0.0,0.0,4.0,0.0,1
0.0,0.0,0.0,21.0,10.0,-0.38250105816623897,0.0,0.0,0.0,4.0,0.0,1
0.0,0.0,0.0,21.0,10.0,-0.38250105816623897,0.0,0.0,0.0,4.0,0.0,1
0.0,0.0,0.0,21.0,10.0,-0.38250105816623897,0.0,0.0,0.0,4.0,0.0,1
0.0,0.0,0.0,21.0,10.0,-0.38250105816623897,0.0,0.0,0.0,4.0,0.0,1
0.0,0.0,0.0,31.0,10.0,-0.38250105816623897,0.0,0.0,0.0,1.0,0.0,1
0.0,0.0,0.0,21.0,10.0,-0.38250105816623897,0.0,0.0,0.0,4.0,0.0,1
0.0,0.0,0.0,21.0,10.0,-0.38250105816623897,0.0,0.0,0.0,4.0,0.0,1
0.0,0.0,0.0,24.0,10.0,-0.38250105816623897,0.0,0.0,0.0,1.0,0.0,1
0.0,0.0,0.0,21.0,10.0,-0.38250105816623897,0.0,0.0,0.0,4.0,0.0,1
0.0,0.0,0.0,21.0,10.0,-0.38250105816623897,0.0,0.0,0.0,4.0,0.0,1
0.0,0.0,0.0,21.0,10.0,-0.38250105816623897,0.0,0.0,0.0,4.0,0.0,1
0.0,0.0,0.0,21.0,10.0,-0.38250105816623897,0.0,0.0,0.0,4.0,0.0,1
0.0,0.0,0.0,24.0,10.0,-0.38250105816623897,0.0,0.0,0.0,4.0,0.0,1
0.0,0.0,0.0,21.0,10.0,-0.38250105816623897,0.0,0.0,0.0,1.0,0.0,1
0.0,0.0,0.0,21.0,10.0,-0.38250105816623897,0.0,0.0,0.0,1.0,0.0,1
0.0,0.0,0.0,21.0,10.0,-0.38250105816623897,0.0,0.0,0.0,1.0,0.0,1
0.0,0.0,0.0,21.0,10.0,-0.38250105816623897,0.0,0.0,0.0,1.0,0.0,1
0.0,0.0,0.0,21.0,10.0,-0.38250105816623897,0.0,0.0,0.0,1.0,0.0,1
0.0,0.0,0.0,21.0,10.0,-0.38250105816623897,0.0,0.0,0.0,1.0,0.0,1
0.0,0.0,0.0,31.0,10.0,-0.38250105816623897,0.0,0.0,0.0,1.0,0.0,1
0.0,0.0,0.0,31.0,10.0,-0.38250105816623897,0.0,0.0,0.0,1.0,0.0,1
0.0,0.0,0.0,21.0,10.0,-0.38250105816623897,0.0,0.0,0.0,4.0,0.0,1
0.0,0.0,0.0,21.0,10.0,-0.38250105816623897,0.0,0.0,0.0,4.0,0.0,1
0.0,0.0,0.0,21.0,10.0,-0.38250105816623897,0.0,0.0,0.0,4.0,0.0,1
0.0,0.0,0.0,21.0,10.0,-0.38250105816623897,0.0,0.0,0.0,4.0,0.0,1
0.0,0.0,0.0,21.0,20.0,-0.38250105816623897,0.0,0.0,0.0,1.0,0.0,1
0.0,0.0,0.0,21.0,20.0,-0.38250105816623897,0.0,0.0,0.0,1.0,0.0,1
0.0,0.0,0.0,21.0,20.0,-0.38250105816623897,0.0,0.0,0.0,1.0,0.0,1
0.0,0.0,0.0,21.0,20.0,-0.38250105816623897,0.0,0.0,0.0,1.0,0.0,1
0.0,0.0,0.0,21.0,10.0,-0.38250105816623897,0.0,0.0,0.0,1.0,0.0,1
0.0,0.0,0.0,21.0,10.0,-0.38250105816623897,0.0,0.0,0.0,1.0,0.0,1
0.0,0.0,0.0,11.0,20.0,-0.38250105816623897,0.0,0.0,0.0,4.0,0.0,1
0.0,0.0,0.0,11.0,20.0,-0.38250105816623897,0.0,0.0,0.0,4.0,0.0,1
0.0,0.0,0.0,31.0,10.0,-0.38250105816623897,0.0,0.0,0.0,1.0,0.0,1
0.0,0.0,0.0,21.0,20.0,-0.38250105816623897,0.0,0.0,0.0,1.0,0.0,1
0.0,0.0,0.0,21.0,20.0,-0.38250105816623897,0.0,0.0,0.0,1.0,0.0,1
0.0,0.0,0.0,21.0,20.0,-0.38250105816623897,0.0,0.0,0.0,1.0,0.0,1
0.0,0.0,0.0,21.0,20.0,-0.38250105816623897,0.0,0.0,0.0,1.0,0.0,1
0.0,0.0,0.0,21.0,20.0,-0.38250105816623897,0.0,0.0,0.0,1.0,0.0,1
0.0,0.0,0.0,21.0,20.0,-0.38250105816623897,0.0,0.0,0.0,1.0,0.0,1
0.0,0.0,0.0,21.0,20.0,-0.38250105816623897,0.0,0.0,0.0,1.0,0.0,1
0.0,0.0,0.0,21.0,20.0,-0.38250105816623897,0.0,0.0,0.0,1.0,0.0,1
0.0,0.0,0.0,21.0,20.0,-0.38250105816623897,0.0,0.0,0.0,1.0,0.0,1
0.0,0.0,0.0,21.0,20.0,-0.38250105816623897,0.0,0.0,0.0,1.0,0.0,1
0.0,0.0,0.0,21.0,20.0,-0.38250105816623897,0.0,0.0,0.0,1.0,0.0,1
0.0,0.0,0.0,21.0,20.0,-0.38250105816623897,0.0,0.0,0.0,1.0,0.0,1
0.0,0.0,0.0,21.0,20.0,-0.38250105816623897,0.0,0.0,0.0,1.0,0.0,1
0.0,0.0,0.0,21.0,20.0,-0.38250105816623897,0.0,0.0,0.0,1.0,0.0,1
0.0,0.0,0.0,21.0,20.0,-0.38250105816623897,0.0,0.0,0.0,1.0,0.0,1
0.0,0.0,0.0,21.0,20.0,-0.38250105816623897,0.0,0.0,0.0,1.0,0.0,1
0.0,0.0,0.0,21.0,20.0,-0.38250105816623897,0.0,0.0,0.0,1.0,0.0,1
0.0,0.0,0.0,21.0,20.0,-0.38250105816623897,0.0,0.0,0.0,1.0,0.0,1
0.0,0.0,0.0,21.0,20.0,-0.38250105816623897,0.0,0.0,0.0,1.0,0.0,1
306.90343567346196,68.44915374554043,307.0041178405455,34.0,10.0,-0.21958872110302002,3.779762268066406,3.912327008852677,0.11525460822412915,1.0,10.022149025999157,2
561.4434494109719,76.16103817941296,561.0936662952756,34.0,40.0,-0.20657217911829912,2.1775153685570245,12.499743255444997,0.49935813861249423,1.0,9.466930389404297,2
499.8853047524008,24.603377643185894,498.23672051917396,24.0,40.0,-0.25634013883944984,2.2638071544482985,12.41087175934622,0.2771793983655492,1.0,10.12371200218126,2
573.6304804240483,72.25063693164721,587.423138578857,21.0,40.0,-0.2129652630954647,2.176826238632202,12.524124045179496,0.5603101129487392,1.0,9.466930389404297,2
533.8253262658596,48.191486884649,533.325606667194,24.0,40.0,-0.24847341423569125,2.104412317276001,12.383903707267056,0.20975926816763735,1.0,8.180964469909668,2
0.0,0.0,0.0,24.0,40.0,-0.38250105816623897,0.0,0.0,0.0,1.0,0.0,2
0.0,0.0,0.0,24.0,40.0,-0.38250105816623897,0.0,0.0,0.0,1.0,0.0,2
625.5758867821827,60.418106923285116,627.0531992591501,24.0,40.0,-0.2690494288809578,2.3508615557456936,12.558722748036512,0.6468068700912787,1.0,10.61104098218956,2
0.0,0.0,0.0,34.0,40.0,-0.38250105816623897,0.0,0.0,0.0,1.0,0.0,2
0.0,0.0,0.0,34.0,40.0,-0.38250105816623897,0.0,0.0,0.0,1.0,0.0,2
488.13705110094486,43.99258937851634,487.27757739312557,34.0,40.0,-0.21916277438923165,2.3529374599456787,12.428810946064406,0.32202736516101244,1.0,10.001567840576172,2
553.8997420976921,49.82985707801676,554.0184799031981,24.0,40.0,-0.21993806647843686,2.338942766189575,12.486410920948591,0.4660273023714769,1.0,10.625311851501465,2
365.8572983761226,66.13244434521158,368.5572344871589,24.0,40.0,-0.24191509268871728,3.1549673080444336,12.441710027390204,0.3542750684755138,1.0,10.231543787267825,2
482.40273583805293,38.68061479233421,480.44653771593846,34.0,40.0,-0.24321569168873067,2.365690231323242,12.455668882181627,0.3891722054540615,1.0,10.001567840576172,2
589.5976335195242,64.2240691066283,590.7140034975823,34.0,40.0,-0.20443099277083576,1.9825650453567505,12.472111178281509,0.43027794570376987,1.0,10.074369430541992,2
626.8889270486386,65.90272941694347,632.6814150533451,24.0,40.0,-0.20127811046497002,2.097642660140991,12.585302438605385,0.7132560965134591,1.0,10.074369430541992,2
512.139215406747,43.21599627639856,511.8620163839714,24.0,40.0,-0.23411396279516045,2.341405317508078,12.451308117498098,0.3782702937452421,1.0,10.001567840576172,2
354.5978343982063,110.46269335157604,353.1727138592505,34.0,40.0,-0.2634885133970138,3.11937512950188,12.336589904135007,0.09147476033752129,1.0,10.145989418029785,2
498.8336854110238,40.88383246489796,494.5553781624568,24.0,40.0,-0.23130648775953644,2.4074730873107915,12.519086931723905,0.5477173293097658,1.0,10.001567840576172,2
551.8260034214177,59.72584117168616,549.2878418338548,24.0,40.0,-0.25892944528619743,2.5497389688883745,12.42820127844649,0.3205031961162226,1.0,10.040663719177246,2
0.0,0.0,0.0,31.0,40.0,-0.38250105816623897,0.0,0.0,0.0,4.0,0.0,2
488.84460737937565,40.34439313805876,489.0997831909411,34.0,40.0,-0.2485385674317151,2.336956194468907,12.413328601063258,0.2833215026581419,1.0,10.049234718676436,2
0.0,0.0,0.0,34.0,40.0,-0.38250105816623897,0.0,0.0,0.0,1.0,0.0,2
518.1679313383704,44.447021565787175,516.9094293883352,34.0,40.0,-0.23256582238879053,2.242384910583496,12.345300076136153,0.11325019034038103,1.0,8.457848212956913,2
597.8093078109408,63.67500584275642,600.0486254538881,24.0,40.0,-0.20787934874638886,2.1059700420924603,12.416245988487939,0.2906149712198409,1.0,8.514775920387926,2
0.0,0.0,0.0,31.0,40.0,-0.38250105816623897,0.0,0.0,0.0,4.0,0.0,2
561.323395238527,57.47743004797156,561.1766576373562,24.0,40.0,-0.2584640597976857,2.4763195514678955,12.420055136453762,0.30013784113440223,1.0,10.040663719177248,2
496.78304778320654,37.02059605702424,495.6150265989044,24.0,40.0,-0.24601620948273462,2.4085447788238525,12.406708299219043,0.2667707480475995,1.0,10.001567840576174,2
569.5097523360246,59.41541041390431,572.8578225720149,24.0,40.0,-0.24263850045453134,2.4083759784698486,12.504674133323737,0.5116853333093399,1.0,10.040663719177246,2
481.13973380334625,44.86709721157837,484.60613293535977,34.0,40.0,-0.24919564860313517,2.1068939990026845,12.461614186682523,0.404035466706307,1.0,7.515944480895996,2
0.0,0.0,0.0,22.0,30.0,-0.38250105816623897,0.0,0.0,0.0,4.0,0.0,2
558.3231619600575,47.62119233972937,558.9616228490418,24.0,40.0,-0.27336175263662243,2.271711826324463,12.444128614907175,0.36032153726793614,1.0,8.033785820007324,2
616.6508210106141,68.11838192609208,625.8293689184902,21.0,40.0,-0.21431561494174553,1.9934498071670532,12.567520751927917,0.6688018798197861,1.0,9.50704860687256,2
589.5894266533611,68.8147534602927,586.5112545522492,34.0,40.0,-0.23910662984544925,2.20068359375,12.416632918551716,0.29158229637929284,1.0,8.351279258728027,2
596.5740853540001,73.96396235949094,599.3656363435641,24.0,40.0,-0.20751304102762236,2.176826238632202,12.50762276174158,0.5190569043539516,1.0,9.466930389404297,2
496.375782454867,38.71719257138181,492.799298989881,24.0,40.0,-0.2061117702877315,2.3418710231781006,12.429759868339502,0.3243996708487549,1.0,10.020782216495226,2
371.7401148248466,110.43483603540457,369.4797763856843,24.0,40.0,-0.25191965577956554,3.0737111568450928,12.499037950427107,0.14957255909413192,1.0,10.023952844127127,2
437.8786887158018,89.42680837166515,435.3423161338006,21.0,40.0,-0.24380757820767673,3.104556189686183,12.642236996355594,0.8555924908889803,1.0,10.219121932983398,2
0.0,0.0,0.0,34.0,40.0,-0.38250105816623897,0.0,0.0,0.0,1.0,0.0,2
532.0605066030766,56.456485423552756,532.9995770332727,41.0,40.0,0.012676584662771983,2.2779922026472805,13.483534472088685,0.1292266624602065,1.0,10.713237762451172,2
548.5404673345344,73.98858931954095,545.9014344269466,24.0,40.0,-0.1811123123867459,2.1903316974639893,12.507852416721011,0.5196310418025211,1.0,10.002765043374362,2
575.0341104962354,75.89473065150372,576.9460129033547,24.0,40.0,-0.21790140038217243,2.0755257606506348,11.305659174727193,0.4942803871492417,1.0,9.144586563110352,2
358.0942121019686,107.76524707716594,356.7937360966667,34.0,40.0,-0.25144987775347016,3.178684711456299,12.367227777377629,0.16806944344407093,1.0,10.145989418029785,2
523.1980275009397,36.64806080881203,522.7014993515409,24.0,40.0,-0.2003125936568579,2.5154860019683842,12.52066095372282,0.5516523843070459,1.0,10.309370040893555,2
519.597584919843,46.19198669138029,520.784534518566,34.0,40.0,-0.2478857486724127,2.132699966430664,12.382770657169047,0.20692664292261373,1.0,8.180964469909668,2
547.4335123961587,49.02447569294213,543.9498444111741,24.0,40.0,-0.20800526063081126,2.085512399673462,12.359930272499046,0.14982568124760948,1.0,8.180964469909666,2
546.6907829084641,71.19995733202715,546.3602787264568,34.0,40.0,-0.21129659909809426,2.2445456764555933,12.53205461238145,0.5801365309536242,1.0,10.301721572875975,2
543.2203315146253,61.568946012737165,542.4737104517563,24.0,40.0,-0.19878346120895954,2.3806827068328857,12.37692469304997,0.1923117326249266,1.0,10.379090309143065,2
0.0,0.0,0.0,21.0,40.0,-0.38250105816623897,0.0,0.0,0.0,1.0,0.0,2
0.0,0.0,0.0,34.0,40.0,-0.38250105816623897,0.0,0.0,0.0,1.0,0.0,2
508.4567722035743,47.79387402474406,508.70293120105885,34.0,40.0,-0.2531508376650702,2.0303930840182516,12.409238494566441,0.27309623641610503,1.0,7.860779762268067,2
497.66939904874215,23.081092103166817,497.35595160274295,24.0,40.0,-0.23766391716999968,2.34651984757935,12.42610421584882,0.31526053962205003,1.0,10.238770484924316,2
0.0,0.0,0.0,34.0,40.0,-0.38250105816623897,0.0,0.0,0.0,1.0,0.0,2
0.0,0.0,0.0,24.0,40.0,-0.38250105816623897,0.0,0.0,0.0,1.0,0.0,2
485.3512072160807,24.734494481091023,487.2267196278951,24.0,40.0,-0.2198045685271482,2.3821768760681152,12.456575788331639,0.3914394708291005,1.0,10.238770484924318,2
572.2343671025519,67.22423784147358,568.7271392783111,34.0,40.0,-0.2231178850257941,1.9454765319824219,12.515458250881359,0.5386456272033961,1.0,9.58281421661377,2
531.5411930897734,58.116847371073035,528.1246921905496,24.0,40.0,-0.23517203691042438,2.320967674255371,12.371933687642327,0.17983421910581807,1.0,10.976969718933105,2
495.08486152330835,45.71072045876654,493.2054779823573,24.0,40.0,-0.20919939052148512,2.380017057159878,12.434384105818467,0.3359602645461639,1.0,10.394415855407715,2
532.1813999300166,59.66363773093368,530.7952779689142,31.0,40.0,-0.3001091216653229,2.529105333302984,12.462003099276135,0.4050077481903369,1.0,10.03148365020752,2
445.18511618563787,36.91164345540223,445.50465336222413,24.0,40.0,-0.31805443313160164,2.571059226989746,12.445816066647952,0.3645401666198761,1.0,8.91949462890625,2
527.9137388058734,28.359043077142097,528.0240485150225,24.0,40.0,-0.24082117740592213,2.195441722869873,12.362140770058922,0.1553519251473021,1.0,9.523818016052246,2
590.54022109615,70.27606405392258,594.7863732037357,34.0,40.0,-0.15591522264712748,2.069125175476074,12.485076522638671,0.4626913065966763,1.0,8.740708795312354,2
509.27957776596986,44.619384787203465,506.6825368099633,24.0,40.0,-0.24570067320548875,2.032309912422165,12.413498476230036,0.2837461905750895,1.0,7.860779762268066,2
624.1683978953097,86.63740349834853,623.2985324441124,34.0,40.0,-0.25815754644105915,2.5399736438945313,12.475862238065503,0.4396555951637566,1.0,10.401717185974121,2
521.3455145734245,54.58855922325449,521.1561113732458,34.0,40.0,-0.24245003499444562,2.3094446659088135,12.389963487451931,0.2249087186298259,1.0,10.976969718933105,2
580.5215426186805,62.83935790048837,580.4695949806826,34.0,40.0,-0.2581808752171749,2.366393566131592,12.433379536605816,0.3334488415145396,1.0,10.09542465209961,2
595.0361970425474,60.362385313098294,592.3694236089835,34.0,40.0,-0.2630890516991261,2.3807475566864014,12.49347022113551,0.48367555283877206,1.0,8.787369728088379,2
594.2576171900313,62.76970115957163,595.0982513991329,34.0,40.0,-0.20724513112484438,2.0703282356262207,12.394976146124355,0.23744036531088702,1.0,8.514775920387924,2
536.2231178963466,63.50943484951075,535.5371300195812,24.0,40.0,-0.2517960889736163,2.508450260225512,12.3737621521448,0.18440538036199738,1.0,10.53896427154541,2
547.6952735190057,53.946608761317094,551.5751365392381,24.0,40.0,-0.25255324908569465,2.0812041759490967,12.434793341141166,0.33698335285291364,1.0,8.192859649658203,2
390.8505171006075,96.38007177817742,381.2343455199307,21.0,40.0,-0.2573429261832135,3.248027318144497,12.471102951215471,0.427757378038671,1.0,9.896744362295495,2
0.0,0.0,0.0,34.0,40.0,-0.38250105816623897,0.0,0.0,0.0,1.0,0.0,2
547.2154067469318,53.7287904564766,548.9667915657379,24.0,40.0,-0.2589991393470555,2.1800545761916816,12.424273202076645,0.31068300519160924,1.0,8.171853065490723,2
332.34911094983215,90.5783075210416,334.4566253790846,34.0,40.0,-0.233469729094205,2.460280656814575,13.332845782287901,0.45504491929592394,4.0,8.226289749145508,2
614.0574707429919,68.2798703589139,611.4845462092651,21.0,40.0,-0.23460281771171942,1.9934498071670532,12.457999750884929,0.3949993772123205,1.0,9.507048606872559,2
394.21177473075767,100.04027493811218,393.59829348059134,34.0,40.0,-0.28442808782337803,3.070853007155537,12.395818352588604,0.23954588147150674,1.0,10.072651863098145,2
0.0,0.0,0.0,34.0,40.0,-0.38250105816623897,0.0,0.0,0.0,1.0,0.0,2
585.2565803968325,89.45846690981654,585.8051462486776,34.0,40.0,-0.28091342803553504,2.5897090435028076,17.14377708829374,0.26482562142233335,1.0,9.942748825610733,2
580.7824321872448,79.77252044897216,578.5589450205301,34.0,40.0,-0.2914223308880046,2.5162221061159236,12.460702097468916,0.40175524367228815,1.0,9.674468994140625,2
366.419810526043,113.30747298813633,364.26109778287974,34.0,40.0,-0.2764497059420634,3.0737111568450928,12.381304762991205,0.20326190747800826,1.0,10.076772450934186,2
0.0,0.0,0.0,34.0,40.0,-0.38250105816623897,0.0,0.0,0.0,1.0,0.0,2
676.4518279960083,94.13611417078955,680.1246494079593,21.0,40.0,-0.2439918238823889,2.4112014770507812,12.732157337357815,0.2918100565008753,1.0,9.49405765533447,2
427.87866927592904,109.54265794923623,431.9741769371088,24.0,40.0,-0.2738705812444845,3.120208978652954,12.448813757703498,0.37203439425874274,1.0,10.022557258605957,2
301.6498846567567,95.73389335914591,300.49382724416637,34.0,40.0,-0.2996779495070468,2.4868340492248535,12.411211534684938,0.2780288367123471,1.0,8.95991039276123,2
582.5687944687083,62.36760289158255,583.6902587196907,34.0,40.0,-0.26183045215962536,2.366393566131592,12.445729469852079,0.3643236746301966,1.0,10.09542465209961,2
0.0,0.0,0.0,24.0,40.0,-0.38250105816623897,0.0,0.0,0.0,1.0,0.0,2
599.1912365054886,81.11145681011135,598.5124571685251,34.0,40.0,-0.2890494951775041,2.4795178583223523,12.444778961327684,0.36194740331920255,1.0,9.227770805358887,2
603.7720091756198,60.05342637412304,600.4300345289344,34.0,40.0,-0.18463021175348437,2.0854194164276123,12.172325982761304,0.40864378234623755,1.0,10.162633895874023,2
512.8680551055586,66.30342506980521,511.0410464874587,31.0,40.0,-0.3200906852257794,2.381601095199585,12.636896669352273,0.8422416733806843,1.0,10.379090309143068,2
514.9066788921865,42.51575507432888,513.6654444551507,34.0,40.0,-0.2189371802119518,2.152566909790039,12.400108672586065,0.25027168146516054,1.0,8.704670906066895,2
538.4822449164734,51.95593459724691,538.2298415064097,34.0,40.0,-0.257765043978349,2.21517205198869,12.432050755762488,0.3301268894062125,1.0,8.087013309949066,2
543.9209121188165,42.48815420266109,543.5035456977535,34.0,40.0,-0.2520211631964769,2.303622007369995,12.43925788801956,0.3481447200488963,1.0,8.033785820007324,2
0.0,0.0,0.0,34.0,40.0,-0.38250105816623897,0.0,0.0,0.0,1.0,0.0,2
607.9512253599617,70.63416792014115,606.6814859915563,24.0,40.0,-0.23559089267537053,2.5219833850860596,12.487212735240853,0.46803183810213334,1.0,9.848243713378906,2
0.0,0.0,0.0,21.0,40.0,-0.38250105816623897,0.0,0.0,0.0,1.0,0.0,2
612.388006894675,60.5735921137453,610.9565358259258,34.0,40.0,-0.2368460930750149,1.9899729490280151,12.474207605595796,0.43551901398948595,1.0,8.751410484313965,2
580.6546960251941,59.38981512191348,582.2763709823726,34.0,40.0,-0.29411665925361435,2.239810876787853,12.44078147748982,0.35195369372454943,1.0,9.407186957954663,2
598.4738404116071,81.34054304479254,601.9390788188617,24.0,40.0,-0.2732948019039028,2.495979070663452,12.464040838751304,0.41010209687825766,1.0,9.227770805358887,2
519.5270084628245,43.810568632335546,519.4931901211523,34.0,40.0,-0.24044867152669797,2.0922735499230445,12.407118897080258,0.26779724270064104,1.0,8.180964469909668,2
594.3115401562966,70.3715698895082,595.1004496339435,34.0,40.0,-0.20244131134462173,2.2672343254089355,12.494184218045403,0.4854605451135079,1.0,10.490188598632812,2
551.4755122406398,78.41584142137343,555.255887760014,24.0,40.0,-0.19377029508503285,2.096010684967041,12.451020709439842,0.3775517735995977,1.0,9.631265640258789,2
596.9076476458315,60.86075043643287,596.5933863638015,24.0,40.0,-0.26878848757754004,2.2391812888202285,13.053211544085187,0.40357680541844143,4.0,9.449698448181152,2
551.7649719417841,52.97653981075966,553.1109689746215,24.0,40.0,-0.24721327632037254,2.0967346488146403,12.41945690714419,0.2986422678604725,1.0,8.188999624441792,2
0.0,0.0,0.0,24.0,40.0,-0.38250105816623897,0.0,0.0,0.0,1.0,0.0,2
470.3045904018868,104.57028542708906,464.42609513441073,21.0,40.0,-0.22643049975218732,3.0732011795043945,12.513228401849737,0.533071004624343,1.0,9.845919609069822,2
505.1084550485349,40.37700137859302,503.2345669287947,34.0,40.0,-0.25108036316392557,2.1067372939444535,12.362479719963353,0.1561992999083787,1.0,8.275474406236055,2
490.40874275864746,22.74352214099797,492.83979187790857,24.0,40.0,-0.1951721114015844,1.9342404603958128,12.424442063922903,0.31110515980725706,1.0,9.08659839630127,2
526.8392452145515,43.545532797571525,526.1554321964586,34.0,40.0,-0.2605125651207102,2.0678932666778564,12.437490961955238,0.34372740488809,1.0,8.0162353515625,2
522.4041614287011,22.478264707578344,522.980097175023,24.0,40.0,-0.268030395810098,2.3287506103515625,12.423005998539717,0.3075149963492912,1.0,10.122344970703125,2
515.0526399346822,55.86144356825912,513.2266935362181,34.0,40.0,-0.2526410843341923,2.2412474155426025,12.385348063921075,0.21337015980268928,1.0,10.920196533203125,2
498.38072990241193,36.88922625674654,496.25195046858926,24.0,40.0,-0.21760217759135625,2.444603681564331,12.505096254554227,0.5127406363855638,1.0,10.004252006396388,2
568.637903215355,63.2772372520684,565.6456815257087,24.0,40.0,-0.18637487486788226,2.29697847366333,12.625816081849308,0.8145402046232703,1.0,10.143844673544937,2
657.0535633286245,92.93461477864255,657.7192286245946,34.0,40.0,-0.3038262470857,2.3712309078694322,12.447624481532495,0.3690612038312362,1.0,9.494057655334473,2
503.24374360104196,39.517202913747155,501.76152122589417,34.0,40.0,-0.25824430939689036,2.1067372939444535,12.357183566042876,0.14295891510718747,1.0,8.206113848465169,2
0.0,0.0,0.0,24.0,40.0,-0.38250105816623897,0.0,0.0,0.0,1.0,0.0,2
0.0,0.0,0.0,24.0,40.0,-0.38250105816623897,0.0,0.0,0.0,1.0,0.0,2
507.3176086364875,59.240550964071666,503.90880400816775,34.0,40.0,-0.030771853023920347,2.281555414199829,12.482592306041486,0.45648076510371227,1.0,10.920196533203125,2
601.1881261258925,59.60256520574443,601.6497014474677,24.0,40.0,-0.25741810112443486,2.365065015704427,12.448612439143094,0.37153109785773386,1.0,10.21573543548584,2
586.0301318023354,60.30058402729459,588.6772485039589,24.0,40.0,-0.2375043725304935,2.045818955693024,12.440444542655131,0.3511113566378267,1.0,8.985056744506032,2
389.9506486437447,73.33968994741643,386.27599879080265,24.0,40.0,-0.2503968775610321,3.1007581274240996,12.466189099270096,0.41547274817524293,1.0,9.103490829467773,2
555.3933463796478,71.99835674746167,555.7752510512087,34.0,40.0,-0.2525636311320412,1.9129207678978022,12.393633368874093,0.23408342218522887,1.0,9.664197530178047,2
383.9905554619562,80.44999972731036,374.89953332996583,24.0,40.0,-0.22840111293015006,2.7128719195799444,13.507811925830053,0.8108055238064846,4.0,8.207998275756836,2
501.8062233511748,27.601758938783256,501.94153006033775,24.0,40.0,-0.20508236401063545,1.8654042482376099,12.40459728916798,0.26149322291994764,1.0,9.08659839630127,2
573.8787664752917,72.04139762036971,570.3292004099326,41.0,40.0,-0.17767684860643232,2.2116310020156256,12.405696152134432,0.264240380336078,1.0,10.301721572875977,2
606.3587628465157,66.27366819301166,607.1880114309614,24.0,40.0,-0.21205539780113183,2.1732468605041504,12.440328199541433,0.350820498853583,1.0,8.391595840454102,2
0.0,0.0,0.0,34.0,40.0,-0.38250105816623897,0.0,0.0,0.0,1.0,0.0,2
567.6035140809475,72.29526091959644,564.4048348866805,24.0,40.0,-0.2077631715177864,2.2126548321831305,12.498205250153639,0.49551312538409253,1.0,9.708338737487793,2
478.77897836990195,36.27923839289543,479.572368039692,24.0,40.0,-0.2182217765741383,2.3793732981808136,12.470004894271577,0.4250122356789395,1.0,9.417469024658203,2
528.5072575523905,39.56961791672505,531.7709820766497,34.0,40.0,-0.2509789263624621,2.1783463954925537,12.41753504280169,0.2938376070042214,1.0,8.704670906066895,2
531.2727187309652,50.33254082985456,529.3708535946832,24.0,40.0,-0.23195985444690048,2.3699529705702225,12.428526174396618,0.3213154359915439,1.0,10.436075210571289,2
550.3529082049221,95.37649841326073,545.2723940269159,34.0,40.0,-0.24987192079806209,3.1110143661499023,12.490230328545058,0.4755758213626446,1.0,10.771405220031738,2
426.72146550718696,82.21097876962997,420.90653947264224,21.0,40.0,-0.2816539720859327,3.83533746575656,8.486402457199649,0.0,1.0,10.911263465881348,2
574.6163022770571,76.26976432736429,573.9005794668765,24.0,20.0,-0.2142011822750236,2.0826347726859797,9.904059759015148,0.3636829183580306,1.0,9.144586563110352,2
346.67090887883774,88.8943400618353,346.65848017689956,34.0,40.0,-0.2838071626735553,2.6477885246276855,13.419192672367299,0.5479816809182472,4.0,8.226289749145508,2
0.0,0.0,0.0,21.0,30.0,-0.38250105816623897,0.0,0.0,0.0,4.0,0.0,2
638.4228820258938,89.06236132498857,635.3611324954629,34.0,40.0,-0.24601018506513087,2.3490185737609868,12.64852162933209,0.49837927971687873,1.0,10.401717185974123,2
308.8735695493838,94.23128757801672,307.46371653046583,34.0,40.0,-0.25830794109969357,2.4555992014360744,12.418541455627441,0.29635363906860235,1.0,8.95991039276123,2
692.6763131633858,91.2916198779015,701.3606827298956,21.0,40.0,-0.2993932666777455,2.3823787076583747,13.360152005691006,0.7682528709815514,4.0,10.401717185974121,2
0.0,0.0,0.0,34.0,40.0,-0.38250105816623897,0.0,0.0,0.0,1.0,0.0,2
548.6287502753983,52.723762341587054,549.595167773883,24.0,40.0,-0.25059355361949903,2.081489488778525,12.441914471024539,0.3547861775613479,1.0,8.192859649658203,2
0.0,0.0,0.0,24.0,40.0,-0.38250105816623897,0.0,0.0,0.0,1.0,0.0,2
481.4806152071642,51.6867340174723,481.29973513326024,34.0,40.0,-0.258462522898928,2.050151824951172,12.309034456072304,0.022586140180755047,1.0,7.515944480895997,2
551.7280199841889,60.02515723907082,549.094900018037,24.0,40.0,-0.21403759178544068,2.3806827068328857,12.390339943435745,0.2258498585893616,1.0,10.713237762451172,2
483.2981687640131,40.68959574589929,481.35365662399477,24.0,40.0,-0.2743020257858319,2.5219263627829136,12.431083107606657,0.3277077690166426,1.0,10.230169296264648,2
589.6822747242778,58.79146745990729,587.1689043381595,21.0,40.0,-0.2022782610552032,2.154329776763916,12.847002696946474,0.7331059440354177,1.0,8.97796192548133,2
538.1492399009863,63.751073604251744,538.3141772547712,34.0,40.0,-0.2252061298286429,2.5515615940094,13.255141751406065,0.18624022110401284,1.0,10.53896427154541,2
0.0,0.0,0.0,24.0,40.0,-0.38250105816623897,0.0,0.0,0.0,4.0,0.0,2
427.11781858711015,112.94747020745609,431.34413330140967,34.0,40.0,-0.2750939687760837,3.1187970638275146,12.431564808258301,0.3289120206457527,1.0,10.088031768798828,2
544.4954186700535,74.01802144793325,541.8819144891869,24.0,40.0,-0.19868837416869536,2.1903316974639893,12.48047377626806,0.4511844406701483,1.0,10.301721572875977,2
540.0845375254339,53.16071553485465,541.8066666045513,34.0,40.0,-0.25498706861826204,2.11314003120195,12.3792599001446,0.19814975036149834,1.0,8.886907577514648,2
477.16829745596874,66.78970706132999,478.56661799182643,34.0,40.0,-0.2802549358420875,2.234169960021972,12.3,0.0,1.0,10.794836044311523,2
552.6317116159719,62.59230781467652,550.4949074344717,24.0,40.0,-0.18982769996472498,2.3417985439300537,12.530018162576106,0.5750454064402621,1.0,10.713237762451172,2
529.9827471131789,55.77698602540945,532.7684974828118,34.0,40.0,-0.25177583312656426,1.987851797744928,12.398876749606629,0.24719187401656975,1.0,8.192859649658203,2
0.0,0.0,0.0,21.0,40.0,-0.38250105816623897,0.0,0.0,0.0,4.0,0.0,2
427.5243646401679,93.63877145365404,423.73126279850925,21.0,40.0,-0.2448230231602823,2.1839461326599117,12.905639075762789,0.73523919871866,1.0,9.159371376037598,2
399.28132087453525,96.65853723355075,389.4959858601318,21.0,40.0,-0.20069393319301915,2.422490358352661,12.87264727023014,1.0154202258339242,4.0,9.166791442214256,2
351.06066536203525,106.79100828719115,349.1860140399297,24.0,40.0,-0.2474114427570666,3.119192838668823,12.341833004607148,0.1045825115178652,1.0,10.145989418029785,2
608.8802601054937,87.52626388534222,609.5639195894496,34.0,40.0,-0.2723011734725139,2.4109160900115967,12.421640743315743,0.3041018582893533,1.0,10.401717185974121,2
0.0,0.0,0.0,31.0,60.0,-0.38250105816623897,0.0,0.0,0.0,4.0,0.0,2
505.5103808919015,68.57254529946644,505.1819552721426,34.0,40.0,-0.24173431309312082,2.316471099853516,12.495451928795221,0.4886298219880489,1.0,10.210425616889603,2
559.222094063063,49.31440209964492,549.6720327334135,21.0,40.0,-0.23939653480466105,2.3387291798528453,12.621753866589614,0.8043846664740363,1.0,9.89350700378418,2
0.0,0.0,0.0,31.0,10.0,-0.38250105816623897,0.0,0.0,0.0,4.0,0.0,2
570.0510231852879,75.04879787712859,568.1731718331334,34.0,40.0,-0.20631617610008174,2.1886720657348633,12.453797113981166,0.3844927849529103,1.0,10.490188598632812,2
547.2784048936641,57.86280325235075,546.1141543641554,34.0,40.0,-0.2318302790137213,2.3079795837402344,12.4919766045561,0.4799415113902449,1.0,10.713237762451172,2
394.9988109278003,75.29720686951822,396.2502553898811,24.0,40.0,-0.24361789630254363,3.14615797996521,12.435214561070456,0.33803640267613877,1.0,9.103490829467773,2
0.0,0.0,0.0,32.0,20.0,-0.38250105816623897,0.0,0.0,0.0,4.0,0.0,2
0.0,0.0,0.0,24.0,40.0,-0.38250105816623897,0.0,0.0,0.0,1.0,0.0,2
581.4772877489925,62.407382675482665,583.944201851739,34.0,40.0,-0.23650431701726213,2.0458189556930244,12.465465699187105,0.413664247967762,1.0,8.98505674450603,2
568.4834955482692,59.884790831833186,573.8921830852914,24.0,40.0,-0.2337334453659849,2.4083759784698486,12.519345426140925,0.548363565352307,1.0,10.040663719177246,2
537.6833374373064,50.18386311370281,538.3238078809862,24.0,40.0,-0.2377788684698782,2.085512399673462,12.40457563465187,0.26143908662967547,1.0,8.180964469909668,2
561.8676922279388,48.99251569430818,558.1386124796084,24.0,40.0,-0.2526209732834243,2.338942766189575,12.464713367726976,0.4117834193174343,1.0,10.625311851501465,2
491.9930988452715,25.070697298067046,489.62826045128224,24.0,40.0,-0.22498583895451846,2.35756778717041,12.423407005630615,0.30851751407653827,1.0,10.238770484924316,2
564.5398063788704,62.6993086214077,564.4031853512884,34.0,40.0,-0.23775656868261236,1.9548665226788906,12.090510826606067,0.4897019184481867,1.0,9.021703720092773,2
526.9574914788559,45.89426550204406,524.3697361166404,24.0,40.0,-0.2332752744724347,2.4876766204833984,12.390638211478706,0.2265955286967626,1.0,11.36608600616455,2
528.5960588898535,99.98093936547258,524.6034939687163,21.0,40.0,-0.25377482089281367,3.066546678543091,12.518783034591868,0.5469575864796743,1.0,10.438478833336468,2
0.0,0.0,0.0,21.0,40.0,-0.38250105816623897,0.0,0.0,0.0,1.0,0.0,2
539.3293438395045,64.18251448985747,541.4254258541526,34.0,40.0,-0.28400248997522215,2.471193552017212,12.3593197988677,0.1482994971692537,1.0,10.53896427154541,2
342.5709036948718,84.72713559907,341.90117389085054,34.0,40.0,-0.25254613060569236,2.6138884783257708,12.476037092671561,0.3748768194952772,1.0,8.937417984008789,2
633.1265114500849,69.14731399206177,634.9252609729712,24.0,40.0,-0.20932346314365233,2.2764470586571433,12.657574748992843,0.8939368724821052,1.0,9.957888205690622,2
647.715581705784,60.1795028118142,645.3775582199025,34.0,40.0,-0.2304387129512518,2.382310152053833,12.439970424326713,0.34992606081678435,1.0,8.982027053833008,2
578.7435880820622,64.0637407299057,578.4075267610457,24.0,40.0,-0.23857483438814062,2.390946470827972,12.44390083653991,0.35975209134977576,1.0,10.503394126892092,2
554.9921722113503,53.196547634994644,555.6407124814037,24.0,40.0,-0.31704375360558046,2.2712545096291024,12.373959084017892,0.18489771004473052,1.0,8.171853065490723,2
446.12913907284764,37.087304018956516,445.5127004609891,24.0,40.0,-0.2949967067945791,2.5289565087943675,12.393391363822708,0.23347840955676963,1.0,9.471940994262695,2
493.6990448542658,41.02913795151036,492.95098968947644,24.0,40.0,-0.25294041024145547,2.007698873717725,12.42126550615862,0.3031637653965505,1.0,7.595056533813477,2
0.0,0.0,0.0,24.0,40.0,-0.38250105816623897,0.0,0.0,0.0,1.0,0.0,2
552.010870128692,56.96204364336865,554.9366482454997,24.0,40.0,-0.2602493361527349,2.167465360197302,12.41154027982305,0.27885069955762715,1.0,8.171853065490723,2
563.5949119373777,57.21745026678411,565.7752216196877,34.0,40.0,-0.24771658634920396,2.1741576194763184,12.422963116365601,0.30740779091400194,1.0,8.171853065490723,2
0.0,0.0,0.0,24.0,40.0,-0.38250105816623897,0.0,0.0,0.0,1.0,0.0,2
536.6694444084446,29.598150722335987,538.0253340693359,24.0,40.0,-0.2523508570595186,2.379699688084078,12.40845279102107,0.2711319775526732,1.0,9.523818016052246,2
526.8575186946774,28.5668146851145,523.4710810927256,24.0,40.0,-0.24562829291910437,2.195441722869873,12.387301831004041,0.21825457751010122,1.0,9.523818016052246,2
0.0,0.0,0.0,34.0,40.0,-0.38250105816623897,0.0,0.0,0.0,1.0,0.0,2
515.5451037441195,42.0385697792953,514.4557604776943,34.0,40.0,-0.2225282616545719,2.152566909790039,12.412801179119972,0.28200294779992746,1.0,8.704670906066895,2
301.66925000972,97.23611596332071,299.1233328166704,34.0,40.0,-0.2768278295119855,2.3952388763427734,12.441205181436366,0.3530129535909141,1.0,8.72811910016647,2
541.7794416868625,53.30523541357049,542.9380662693419,34.0,40.0,-0.26363198168023344,2.2340180873870845,12.373207460204853,0.18301865051212768,1.0,8.171853065490723,2
506.0309223571494,48.02447775603235,505.0819770780458,24.0,40.0,-0.2150314821625611,2.3709805011749268,11.604006009258178,0.5749150374012921,1.0,10.394415855407715,2
624.7887890255441,70.67455203193867,625.5019922608345,34.0,40.0,-0.27729025470091145,2.381056547164917,12.322127391148427,0.05531847787106243,1.0,8.351279258728027,2
555.1322688923163,63.93359418884003,555.2012946728446,24.0,40.0,-0.20552491342790624,2.290005897122587,12.528433141256741,0.5710828531418548,1.0,9.93760871887207,2
523.93725457161,49.17027709178863,526.8445908872035,24.0,40.0,-0.23564876027870682,2.3863258361816406,12.947632352481154,0.4932206668459583,1.0,10.006969451904295,2
0.0,0.0,0.0,31.0,20.0,-0.38250105816623897,0.0,0.0,0.0,4.0,0.0,2
637.7957906196136,62.279189797766925,641.3814951166133,24.0,40.0,-0.2162962722021647,2.1392908096313477,12.519398536388406,0.5484963409710121,1.0,10.074369430541992,2
543.865459882583,95.2045116768736,542.625580879107,21.0,40.0,-0.24204080546030673,3.1342697001250057,12.503915564339696,0.5097889108492364,1.0,10.771405220031738,2
504.6147114474929,43.285313221984694,499.27777955660633,24.0,40.0,-0.21308770203784946,2.3372619537779373,12.534672241998399,0.5334639540973045,1.0,10.006969451904297,2
719.662977410868,87.61980237231896,719.1518074765647,24.0,40.0,-0.25134995980941033,2.5519216060638428,12.498332105788979,0.49583026447244216,1.0,9.287488978436315,2
591.1541905885099,70.10275946597511,590.8979720688662,24.0,40.0,-0.22492473525516693,2.184461724268247,12.365531350103774,0.1638283752594347,1.0,8.282273529560365,2
595.5884838195461,61.60834627442659,598.9369509011217,24.0,40.0,-0.22332928742060915,2.0275516162644953,12.466489806590637,0.4162245164765892,1.0,8.751410484313965,2
0.0,0.0,0.0,24.0,40.0,-0.38250105816623897,0.0,0.0,0.0,1.0,0.0,2
609.2612589261415,65.36485802060409,610.0396630604354,24.0,40.0,-0.22449632945360107,2.10415327983573,12.459735535080434,0.39933883770108275,1.0,10.074369430541992,2
610.0762820595897,72.97837449090251,612.3207497717556,24.0,40.0,-0.2227126760924511,2.29689884185791,13.340403540440468,0.35100885110116903,4.0,8.351279258728027,2
519.0496623942147,65.94448628062908,515.6989755649157,24.0,40.0,-0.2161669676585325,2.310666084289551,13.305452284475226,0.3237776766238939,1.0,10.909076690673828,2
308.3090000129599,94.16834895667881,307.8008403574638,34.0,40.0,-0.26964585155536747,2.4586112321607327,12.419873400215732,0.2996835005393277,1.0,8.95991039276123,2
622.269294073431,69.1864723395095,622.4737249731259,24.0,40.0,-0.24578622664345523,2.5219833850860596,12.423644132293932,0.3091103307348281,1.0,9.848243713378906,2
588.0769138554452,73.33839879681364,580.8653505953951,21.0,40.0,-0.18580519110880744,2.1879530452235567,12.690120577906434,0.9753014447660829,1.0,9.466930389404297,2
404.4409416674222,74.81475139986127,402.94018812764506,24.0,40.0,-0.24073629772857308,3.128328800201416,12.379330222326908,0.1983255558172714,1.0,9.103490829467773,2
0.0,0.0,0.0,34.0,40.0,-0.38250105816623897,0.0,0.0,0.0,1.0,0.0,2
614.2784632132813,62.63775928312234,604.2722160264308,21.0,40.0,-0.21277109344157766,2.3429807487702523,12.587709257904917,0.7192731447622859,1.0,10.5134916305542,2
0.0,0.0,0.0,34.0,40.0,-0.38250105816623897,0.0,0.0,0.0,1.0,0.0,2
496.32207332719895,46.86725068341964,497.9970109629869,34.0,40.0,-0.2405592582040244,2.0592817229067513,12.45134749228426,0.3783687307106455,1.0,7.860779762268066,2
554.4493461722891,48.22287453737664,550.5110594443836,34.0,40.0,-0.2738691421431316,2.338942766189575,12.443303910636402,0.3582597765910036,1.0,10.625311851501465,2
0.0,0.0,0.0,34.0,40.0,-0.38250105816623897,0.0,0.0,0.0,1.0,0.0,2
371.75451329039305,86.27637138172648,359.83845567361516,31.0,30.0,-0.24261644168516194,2.5985782146453857,11.638046870821661,1.166955605794087,4.0,8.520630905959777,2
565.045032464587,70.93331526850851,566.5021446942803,34.0,40.0,-0.2590351642341472,1.8961830139160156,12.479056200822564,0.44764050205640876,1.0,9.58281421661377,2
547.8031194515364,52.664866794887715,549.5082715419446,24.0,40.0,-0.24759034828981286,2.458715432132317,12.347909770891818,0.11977442722953904,1.0,10.040663719177246,2
551.9599376628089,74.52600768832221,548.414099851315,24.0,40.0,-0.17641718662085923,2.1903316974639893,12.504191186482577,0.5104779662064405,1.0,9.532276078912842,2
643.3595242415213,68.327441727987,641.7534034003156,21.0,40.0,-0.2102871880833158,2.290353596542644,12.522170191600946,0.5554254790023654,1.0,10.490188598632812,2
0.0,0.0,0.0,34.0,40.0,-0.38250105816623897,0.0,0.0,0.0,1.0,0.0,2
508.94503376057855,42.50046530192584,507.20231397640674,24.0,40.0,-0.165090453145735,2.3421094117575127,12.411604649189947,0.27901162297486365,1.0,10.006969451904299,2
533.1000246238384,53.576048018458174,531.8939031736734,34.0,40.0,-0.24298426062226902,2.309444665908813,12.461355259045547,0.40338814761386543,1.0,10.976969718933105,2
0.0,0.0,0.0,24.0,40.0,-0.38250105816623897,0.0,0.0,0.0,1.0,0.0,2
0.0,0.0,0.0,31.0,40.0,-0.38250105816623897,0.0,0.0,0.0,1.0,0.0,2
587.3328235766775,66.01073650337878,582.2405113488863,21.0,40.0,-0.2020406141900158,2.314740180969238,12.661950426826822,0.9048760670670511,1.0,9.473861258550984,2
0.0,0.0,0.0,21.0,40.0,-0.38250105816623897,0.0,0.0,0.0,4.0,0.0,2
509.44301525381974,64.71240021611608,504.66454243925386,24.0,40.0,-0.21021713408876444,2.3106660842895503,12.441111624021339,0.35277906005334536,1.0,10.909076690673828,2
641.2945399878179,69.0768393958938,642.1559223357922,24.0,40.0,-0.20640903958316592,2.2764470586571437,12.584672941221124,0.7116823530528036,1.0,9.957888205690624,2
632.9230699446612,62.83381035694792,631.1671426853433,34.0,40.0,-0.21265785630264047,2.1392908096313477,12.495089841793078,0.4877246044826926,1.0,10.074369430541992,2
504.4200664843638,29.02735583124711,504.4067650336185,24.0,40.0,-0.22577865656627374,1.8654042482376096,12.401774221405974,0.2544355535149337,1.0,9.08659839630127,2
586.841059602649,61.15445633205065,589.6068555447504,34.0,40.0,-0.23735289321743414,2.072612124563053,12.470734412946822,0.42683603236704887,1.0,9.781790491760972,2
0.0,0.0,0.0,34.0,40.0,-0.38250105816623897,0.0,0.0,0.0,1.0,0.0,2
495.32793768872875,37.768037244180164,496.1599754847356,34.0,40.0,-0.26344190701191356,1.912497565004457,12.366740719354075,0.16685179838518727,1.0,7.595056533813477,2
0.0,0.0,0.0,34.0,40.0,-0.38250105816623897,0.0,0.0,0.0,1.0,0.0,2
581.7085639118208,54.23311687423394,579.4374624764424,24.0,40.0,-0.27007652956569617,2.140292167663574,12.482372585437828,0.45593146359456527,1.0,8.886907577514648,2
0.0,0.0,0.0,24.0,40.0,-0.38250105816623897,0.0,0.0,0.0,1.0,0.0,2
536.9455003175178,46.91659190581001,535.4436999742062,24.0,40.0,-0.23850979061482458,2.2610762119293213,12.429459295154516,0.32364823788628855,1.0,8.033785820007324,2
536.9569601223417,66.36624069953056,537.7850056756265,31.0,40.0,-0.2331300011818045,2.3095529079437256,12.627334518954562,0.8183362973864016,1.0,10.299310229471978,2
573.1653296354376,67.13862217821367,574.229889165184,21.0,40.0,-0.2027399826163515,2.2910892837094945,12.660904156948167,0.9022603923704118,1.0,9.466930389404297,2
0.0,0.0,0.0,34.0,40.0,-0.38250105816623897,0.0,0.0,0.0,1.0,0.0,2
586.7696180713054,63.86481676644288,586.0702247982999,24.0,40.0,-0.2611900605521553,2.2205504826362557,12.45070922390731,0.3767730597682736,1.0,9.169637926366946,2
547.4637122380477,54.076471010808746,545.6893139063723,24.0,40.0,-0.2116414626240248,2.318909168243408,12.453960946680692,0.38490236670172223,1.0,10.976969718933105,2
0.0,0.0,0.0,34.0,40.0,-0.38250105816623897,0.0,0.0,0.0,1.0,0.0,2
494.8861860266198,42.067391683443304,491.80328121633465,24.0,40.0,-0.20363268304003423,2.5003037452697754,12.473580508948444,0.43395127237111103,1.0,10.230169296264648,2
498.28003784295174,30.068518199025988,496.76393128884996,24.0,40.0,-0.25736004857094436,2.056936025619507,12.398463208447568,0.24615802111891866,1.0,9.068406105041504,2
533.8636487344643,63.6037519717596,532.4972078170081,34.0,40.0,-0.2797954815629775,2.558907865311535,12.413978178114494,0.2849454452862299,1.0,10.53896427154541,2
513.5590064929173,48.14052253441763,509.74732172646577,24.0,40.0,-0.20201423403929017,2.431308333447438,12.50484840839082,0.5121210209770466,1.0,10.435712814331055,2
465.9120734567981,25.565584833511984,464.75764448780126,24.0,40.0,-0.27615565407317616,2.346129894256592,12.422120393662741,0.3053009841568478,1.0,9.98001192507212,2
391.7104916991743,89.964965876153,392.3244524075611,21.0,40.0,-0.2201586111965691,3.2753784656524654,12.51592606485896,0.5398151621473956,1.0,10.232575416564941,2
490.4438900480813,43.205496942962824,490.6302689292151,24.0,40.0,-0.18119992293464016,2.4398272690707694,12.42928734728682,0.3232183682170511,1.0,10.309370040893555,2
594.1627376524409,89.72086900481534,595.4447117971827,24.0,40.0,-0.3285571766498944,2.5897090435028076,12.444961705058555,0.3624042626463807,1.0,9.754992485046387,2
0.0,0.0,0.0,34.0,40.0,-0.38250105816623897,0.0,0.0,0.0,1.0,0.0,2
0.0,0.0,0.0,21.0,40.0,-0.38250105816623897,0.0,0.0,0.0,4.0,0.0,2
0.0,0.0,0.0,31.0,10.0,-0.38250105816623897,0.0,0.0,0.0,4.0,0.0,2
531.8940397350993,49.82664751622639,532.0064137819539,34.0,40.0,-0.2743018337521167,2.104412317276001,12.388706936208289,0.2217673405207232,1.0,8.180964469909668,2
0.0,0.0,0.0,21.0,40.0,-0.38250105816623897,0.0,0.0,0.0,1.0,0.0,2
520.7957484998899,42.4251509320506,524.2663951145112,24.0,40.0,-0.21718806252768946,2.5131625975204623,13.37703207390699,0.5026931304265553,4.0,10.753582000732422,2
501.14823874755393,61.48744338548943,498.55367635887444,34.0,40.0,-0.21347593922904348,2.253084897994995,12.413617759954674,0.28404439988668406,1.0,10.920196533203125,2
0.0,0.0,0.0,21.0,40.0,-0.38250105816623897,0.0,0.0,0.0,1.0,0.0,2
650.0541854045439,59.297861620431355,645.998063163487,41.0,40.0,-0.21961855552245213,2.209860067493869,12.64382295095291,0.5562953667810574,1.0,10.162633895874023,2
507.8599033190342,38.880993375662406,506.94291443202525,34.0,40.0,-0.2716138886206674,2.3747975476334005,12.420766118340513,0.3019152958512811,1.0,9.834239959716797,2
547.8980670286802,95.90392604318683,542.6717037917235,34.0,40.0,-0.24250523942926175,3.1110143661499023,12.429134040346323,0.3228351008658054,1.0,10.771405220031738,2
564.5922551548061,68.89961836548935,566.7566709414242,24.0,40.0,-0.2650047700346047,2.4463334083557124,12.478013769950204,0.44503442487550626,1.0,10.50339412689209,2
368.99468643485704,107.66485899235752,371.18984793294226,24.0,40.0,-0.25162435955055196,2.4339215419530404,13.209235201004194,0.5558668674811296,4.0,8.90954875946045,2
778.2890838636099,63.296307378074054,777.7063560114559,24.0,40.0,-0.18426898270032382,2.3479443259586565,12.514498667794784,0.5362466694869593,1.0,9.952329635620117,2
540.8328883762522,71.70568291179082,540.2943172638003,34.0,40.0,-0.21628481440219166,2.2114741794320927,12.400122014479367,0.25030503619842087,1.0,9.53227607891284,2
577.4563704462098,69.93297657187709,574.3319668174538,24.0,40.0,-0.25191400855270984,1.8858114950704261,12.49299657546101,0.4824914386525234,1.0,9.58281421661377,2
521.3852950324646,41.44674492194068,522.3558833035403,34.0,40.0,-0.23066317727856028,2.1705357234999045,12.455882197616862,0.3897054940421559,1.0,8.704670906066895,2
380.2244398076748,106.77525927931299,386.48783529205986,21.0,40.0,-0.28404873829079097,2.4966282844543457,13.517760224068414,0.7944005601710369,4.0,8.90954875946045,2
556.5805588315341,39.77316698029246,554.8710357052587,24.0,40.0,-0.2486426802631488,2.2207768159369907,12.39439911239147,0.2162711703852325,1.0,8.704670906066895,2
0.0,0.0,0.0,34.0,40.0,-0.38250105816623897,0.0,0.0,0.0,1.0,0.0,2
0.0,0.0,0.0,34.0,40.0,-0.38250105816623897,0.0,0.0,0.0,1.0,0.0,2
0.0,0.0,0.0,21.0,40.0,-0.38250105816623897,0.0,0.0,0.0,1.0,0.0,2
506.39250398517385,47.01045146029058,506.8054459902171,34.0,40.0,-0.26081649376045474,2.011932134628296,12.402271286459925,0.2556782161498047,1.0,7.8607797622680655,2
516.2330581511386,36.71859030986002,512.8814019195659,34.0,40.0,-0.2180797542157003,2.127166986465454,12.4130387323268,0.2825968308169998,1.0,8.704670906066895,2
535.8703036508081,45.566788564064225,533.8221133448125,24.0,40.0,-0.2402253275025843,2.034497015128862,12.38004598524838,0.20011496312094765,1.0,8.0162353515625,2
569.5011728723059,73.02474756778162,570.130591662264,34.0,40.0,-0.2161637072501464,2.0873329639434814,12.408335868693166,0.2708396717329138,1.0,10.107003913020467,2
473.80340456966627,93.6700162953696,468.04073269727775,21.0,40.0,-0.23912401203945657,3.0938267707824707,12.451901839934337,0.37975459983584137,1.0,10.042254447937012,2
477.8741333056855,37.474592319665994,477.64793577355005,34.0,40.0,-0.24209479313340967,2.318007707595825,12.397525965898744,0.24381491474686237,1.0,9.417469024658203,2
603.883289485621,82.09252819073652,603.3116048213998,24.0,40.0,-0.24379334181471496,2.5177998183524775,12.484685545634155,0.46171386408538817,1.0,9.227770805358887,2
589.788584906883,63.935266020758654,590.2797785876993,24.0,40.0,-0.2474859686489756,2.1780972480773926,12.424045952677215,0.3101148816930382,1.0,8.771191596984863,2
0.0,0.0,0.0,34.0,40.0,-0.38250105816623897,0.0,0.0,0.0,1.0,0.0,2
580.5883607003537,57.60776834917215,578.7610764750362,24.0,40.0,-0.21844431299426692,2.4250054359436035,12.448538231265914,0.3713455781647833,1.0,10.468412733357948,2
480.1900441933101,40.12999396599768,480.8150134947883,24.0,40.0,-0.24927950798029339,2.365690231323242,12.455954093129334,0.38988523282333626,1.0,10.001567840576172,2
630.8954880055987,67.94065724998535,628.5799691791327,24.0,40.0,-0.26232027394213525,2.4465904235839844,12.424124184328388,0.31031046082096947,1.0,9.848243713378906,2
525.3487480722127,50.05022455694069,525.0037102645084,34.0,40.0,-0.2281972955831671,2.3580729961395264,12.41288790341566,0.2822197585391504,1.0,9.770356178283691,2
0.0,0.0,0.0,24.0,40.0,-0.38250105816623897,0.0,0.0,0.0,1.0,0.0,2
354.1076158940397,113.07149503341185,352.22976678479534,34.0,40.0,-0.25246301860665993,3.150243043899536,12.353304057931116,0.07023850824970168,1.0,10.145989418029787,2
515.7398685864621,42.485819690638195,520.6667944119517,24.0,40.0,-0.19333333826266016,2.020548790168389,12.444362880376554,0.3609072009413858,1.0,8.0162353515625,2
559.9103919078291,56.17767975408098,558.5154644885579,24.0,40.0,-0.2337603706247705,2.0703344345092773,12.392532114875054,0.2313302871876344,1.0,8.964933578282189,2
527.2439639195967,53.067057128747734,523.7375266424576,34.0,40.0,-0.23036119899917237,2.3094446659088135,12.446435753427409,0.36608938356851894,1.0,10.976969718933105,2
391.47179274503964,100.80121416820572,387.89746641959783,34.0,40.0,-0.27614102551443626,3.0480217933654785,12.39152048358263,0.2288012089565738,1.0,10.072651863098145,2
550.4895251487151,75.93239145898944,550.5535499124944,34.0,40.0,-0.2797700918125492,1.9087053537368772,12.31412363559907,0.03530908899767151,1.0,8.569977760314941,2
511.0682209924703,53.51219401634965,509.49001750999685,34.0,40.0,-0.2708698410182924,1.9706199985660922,12.421087029736357,0.30271757434089386,1.0,7.860779762268066,2
488.6911393061262,68.5201046596474,487.5478114766619,34.0,40.0,-0.2797577963661271,2.223206996917724,12.476312276812541,0.4407806920313491,1.0,10.663985252380371,2
640.832752297145,86.8190031224103,645.4880568090945,21.0,40.0,-0.2244841142614253,2.484386920928955,12.531527376241321,0.5788184406033019,1.0,10.401717185974121,2
520.60456707404,40.43439299222018,518.633971465947,41.0,40.0,-0.2589822562203801,2.372928142547607,12.487693862047724,0.46923465511930834,1.0,10.117481231689453,2
0.0,0.0,0.0,24.0,40.0,-0.38250105816623897,0.0,0.0,0.0,1.0,0.0,2
393.0068169152812,74.46064217603276,393.07263784999014,24.0,40.0,-0.26966106755406744,3.141622855938577,12.461588034171779,0.40397008542944607,1.0,9.33827877044678,2
563.3256373038192,59.003150275793196,563.7609644345382,24.0,40.0,-0.22701662491321345,2.4967756271362305,12.482176244813669,0.45544061203417274,1.0,10.040663719177246,2
369.7585632638248,110.74621914585585,367.13372986960695,24.0,40.0,-0.2776401551159529,3.071320013099948,12.381868619698153,0.20467154924538197,1.0,10.145989418029785,2
375.2074428791749,76.03440847646394,377.0455388558232,24.0,40.0,-0.18738219927930225,3.068995102351865,12.453732718277752,0.384331795694379,1.0,9.371383666992188,2
602.559725768199,66.89993355338417,601.135335618419,24.0,40.0,-0.2699202477705644,2.381056547164917,12.395103931786355,0.2377598294658903,1.0,8.351279258728027,2
603.3107431215252,71.17028905118538,599.3319832528709,24.0,40.0,-0.2183410967829632,2.0873329639434814,12.385374394175592,0.2134359854389794,1.0,9.144586563110352,2
533.3671414315519,37.5748633844424,531.9911543126221,31.0,20.0,-0.23260738751929988,2.4844815809995127,7.029950863732239,0.27289494033419354,1.0,8.681131637259705,2
0.0,0.0,0.0,34.0,40.0,-0.38250105816623897,0.0,0.0,0.0,1.0,0.0,2
0.0,0.0,0.0,34.0,40.0,-0.38250105816623897,0.0,0.0,0.0,1.0,0.0,2
507.1427016238773,47.329661088543645,508.0529544515055,34.0,40.0,-0.25706781646665816,2.0135424692336827,12.393169098476594,0.23292274619148046,1.0,7.860779762268067,2
472.59321418851493,40.75350535745587,475.24290534098185,34.0,40.0,-0.24481460407353686,2.0455024242401123,12.368012182193663,0.17003045548415696,1.0,7.360466532294963,2
520.8538575186947,69.14752154962319,520.2953275073269,21.0,40.0,-0.2209112065330794,2.29191191622753,12.440897044656909,0.352242611642268,1.0,9.708338737487793,2
361.0418734853099,87.72295120246294,378.5895828340211,21.0,40.0,-0.2516891618570209,2.6477885246276855,13.609575933527687,1.023939833819214,4.0,8.226289749145508,2
506.7634718316248,63.68225458964849,510.28085265894566,34.0,40.0,-0.2554570653350854,2.310666084289551,12.479212188156993,0.44803047039248,1.0,10.909076690673828,2
515.9248357330775,44.54795792166783,514.9730054872379,34.0,40.0,-0.23209517552313705,2.224808002404738,12.347102323470692,0.11775580867672585,1.0,8.704670906066895,2
490.8157683285599,70.87912681603464,490.04959658214653,34.0,40.0,-0.31148223663554064,2.224736098816853,12.41758796537986,0.2939699134496488,1.0,10.663985252380371,2
577.3487059524889,66.73757416168468,578.6440186625814,34.0,40.0,-0.2177684811504656,2.1780972480773926,12.35106746488175,0.1276686622043706,1.0,8.771191596984863,2
546.4633040007258,53.57045883843973,543.7023918416943,24.0,40.0,-0.209912548686052,2.318909168243408,12.452081152382274,0.3802028809556871,1.0,10.976969718933105,2
496.95214551392553,70.09954934031575,493.98791171405014,24.0,40.0,-0.28002799188313116,2.2234160386963397,12.438061297250226,0.34515324312556905,1.0,10.73449100860178,2
496.13177641554694,106.14567665041928,494.5223504017019,24.0,40.0,-0.2797899090613099,3.1028604289269546,12.486833606903563,0.4670840172589027,1.0,10.015671730041504,2
588.6622062959267,66.57515978110655,585.3803527223348,21.0,40.0,-0.21526340022702486,2.3147401809692383,12.54108538292272,0.6027134573067958,1.0,9.466930389404297,2
490.75798330762956,69.26199776076723,491.84039077643104,34.0,40.0,-0.26108771961866606,2.2819721698760986,12.338033877642115,0.09508469410528346,1.0,10.909076690673828,2
555.6306586228794,56.99695965749503,554.7865231567705,24.0,40.0,-0.20176895456034574,2.0703344345092773,12.46170100099912,0.4042525024977991,1.0,8.964933578282189,2
615.5875733855186,79.93274945307373,618.3794574820357,34.0,40.0,-0.31993532489224263,2.4405290737057364,12.438103332941505,0.3452583323537534,1.0,9.031515121459961,2
521.9844837417869,37.508445554602055,525.0020463046455,24.0,40.0,-0.2050495470410712,2.545983644380963,14.235675985367163,0.524218669630404,1.0,10.664044169297208,2
0.0,0.0,0.0,42.0,40.0,-0.38250105816623897,0.0,0.0,0.0,1.0,0.0,2
0.0,0.0,0.0,24.0,40.0,-0.38250105816623897,0.0,0.0,0.0,1.0,0.0,2
435.0664066043722,102.1909879680041,433.30932219941985,21.0,40.0,-0.30878046877970433,3.0658857168104245,12.865057901952426,0.8917047722474102,1.0,10.042254447937012,2
491.40793924391824,106.88912548813184,488.07747356651896,31.0,30.0,-0.283037115927162,3.1195794178160607,11.00074461363105,0.5385542933732262,1.0,10.015671730041504,2
550.3688651002451,79.2739085715381,551.6776857626628,24.0,40.0,-0.20297034840930292,2.0963092102229948,12.469035548170174,0.42258887042543364,1.0,9.510310174900948,2
621.164697839582,67.65591986237817,622.0742339461013,21.0,40.0,-0.21358299774968992,2.097642660140991,12.480653765640147,0.4516344141003676,1.0,10.074369430541992,2
550.9461645131609,66.20161013398459,551.6710574448358,24.0,40.0,-0.2605142239136251,2.567009925842285,12.475992738994343,0.43998184748585506,1.0,10.53896427154541,2
556.158749238605,76.83895926549336,558.4598654370303,34.0,40.0,-0.2151868267607168,2.1196617362513486,12.484353686822779,0.46088421705694027,1.0,9.721243095024713,2
0.0,0.0,0.0,24.0,40.0,-0.38250105816623897,0.0,0.0,0.0,1.0,0.0,2
562.7171239356668,65.02602639795658,563.1214281441245,24.0,40.0,-0.23294981403405043,2.514632225036621,12.413372024016896,0.2834300600422321,1.0,10.417975514140341,2
561.8184866707276,55.866787610120504,563.4790606404849,34.0,40.0,-0.23290688265055928,2.325418710708618,12.5061679568803,0.5154198922007504,1.0,10.713237762451172,2
577.2072290405774,66.009087315742,578.5875389532298,24.0,40.0,-0.22202195623501086,2.2030230540033835,12.414081525547275,0.28520381386818006,1.0,8.601911867668015,2
643.1461586811993,58.04848344756335,646.8234911188797,24.0,40.0,-0.23028330762508564,2.187784433364868,12.545799119100003,0.6144977977500071,1.0,10.162633895874023,2
464.21512810875765,77.33934566060337,446.0977507816787,21.0,10.0,-0.3223831846730125,3.9324508571811387,4.273260189220945,0.18315047305236515,4.0,9.879376411437988,2
405.93937351770944,65.5849959424193,405.49207723077205,24.0,40.0,-0.2693973639505739,3.100649284523294,12.429143733324052,0.3228593333101243,1.0,9.358202934265137,2
579.5159342154718,71.39484173534524,576.5719584202772,24.0,40.0,-0.2522461012503471,1.8494337797164917,12.44470020355913,0.36175050889782256,1.0,9.58281421661377,2
0.0,0.0,0.0,21.0,40.0,-0.38250105816623897,0.0,0.0,0.0,1.0,0.0,2
407.8297650367415,77.97392131006389,406.4522021734099,21.0,40.0,-0.28040285896505485,3.14615797996521,12.487592408839413,0.4689810220985286,1.0,9.103490829467773,2
513.0424178017392,45.129847566820125,515.8229724640155,34.0,40.0,-0.22786352249326033,2.011932134628296,12.441960778022077,0.3549019450551867,1.0,7.9112256157477185,2
323.4089047575848,111.2211168700756,323.73804726100525,34.0,40.0,-0.23772283292762925,2.2145731449127197,12.44329419828475,0.3582354957118763,1.0,8.97106647491455,2
572.8093596506008,71.89288226716192,573.8507215878797,34.0,40.0,-0.2052219041698286,2.0861809253692627,12.421377807985458,0.30344451996364596,1.0,9.144586563110352,2
362.3092073715996,114.50870351381494,360.0972814056779,34.0,40.0,-0.2946807886254209,3.0595714145443913,12.369284326789137,0.17321081697283963,1.0,10.01150321960449,2
504.3113619574656,43.083886907204885,504.5219026431253,34.0,40.0,-0.23717758791070426,2.0327999591827393,12.43377389488586,0.33443473721464856,1.0,7.541616604028159,2
571.4098249115484,48.81603431706947,560.60628552503,21.0,40.0,-0.2784833527022011,2.3384308815002437,12.42712757547649,0.3178189386912246,1.0,9.89350700378418,2
0.0,0.0,0.0,21.0,30.0,-0.38250105816623897,0.0,0.0,0.0,1.0,0.0,2
355.21917160223427,113.33184610681938,353.50335367136773,34.0,40.0,-0.28031797551056264,3.150243043899536,12.339065347115227,0.09766336778806217,1.0,10.145989418029785,2
541.5394694210806,67.59927551399717,541.5857455217672,34.0,40.0,-0.269384461656529,2.482901096343994,12.362061192247438,0.15515298061859553,1.0,10.53896427154541,2
0.0,0.0,0.0,41.0,40.0,-0.38250105816623897,0.0,0.0,0.0,1.0,0.0,2
506.79906947810423,23.70685100806066,506.9340199681757,24.0,40.0,-0.2557298745440755,2.3402385129952834,12.369108948094386,0.17277237023596329,1.0,9.523818016052246,2
0.0,0.0,0.0,34.0,40.0,-0.38250105816623897,0.0,0.0,0.0,1.0,0.0,2
334.2817582716659,93.61060805004365,339.28258497545903,34.0,40.0,-0.20262706980559764,2.5499803096253353,12.720947204629596,0.2870396721279088,4.0,8.95991039276123,2
0.0,0.0,0.0,31.0,10.0,-0.38250105816623897,0.0,0.0,0.0,4.0,0.0,2
510.20037972550915,38.633149946382936,510.80455469211654,24.0,40.0,-0.20539252611383066,2.4889167171635025,12.468762714385925,0.42190678596480913,1.0,10.885308265686035,2
604.4160229908892,61.190651853103006,607.7456177070658,24.0,40.0,-0.24424893026597022,2.3918612003326416,13.104600044024169,0.35380143456369917,4.0,10.50339412689209,2
0.0,0.0,0.0,31.0,30.0,-0.38250105816623897,0.0,0.0,0.0,4.0,0.0,2
538.2891486631847,51.289833247964964,542.1315846849002,24.0,40.0,-0.2702118617528192,2.1054537296295166,12.40672210884879,0.26680527212197275,1.0,8.886907577514648,2
586.2197223986211,79.40148789047146,584.761354305389,34.0,40.0,-0.25551345519120633,2.494575558908728,12.47565623337416,0.4391405834353996,1.0,9.405266774411242,2
356.5380794701986,108.44812690450661,355.19502535896,34.0,40.0,-0.24973253172451937,3.0789260864257812,12.327210471697864,0.06802617924465852,1.0,10.145989418029785,2
0.0,0.0,0.0,24.0,40.0,-0.38250105816623897,0.0,0.0,0.0,1.0,0.0,2
476.72668835292365,108.61572163199402,470.9782821191141,21.0,40.0,-0.23721940486472431,3.1073567867279053,13.029310974693834,0.0037053731272617767,4.0,10.015671730041506,2
591.3370614688769,68.29973261943269,592.8520344646822,24.0,40.0,-0.20226537150471152,2.0690159477934937,12.487062344376307,0.467655860940766,1.0,10.074369430541992,2
497.7708427832714,37.821565214327535,496.91002774560866,34.0,40.0,-0.21437151432523985,2.030319821344663,12.343866799349883,0.10966699837470321,1.0,8.0162353515625,2
645.1453843262791,91.57640444423606,641.0445902130256,21.0,40.0,-0.24849808110266386,2.409613609313965,12.371884633649955,0.38992464512725505,4.0,9.526677763225218,2
589.5505371884761,80.83068525627137,591.4821528064723,34.0,40.0,-0.2501666107310958,2.4959790706634517,12.376915498811314,0.1922887470282821,1.0,9.227770805358887,2
331.325105947305,85.88779325289148,333.07142868820154,34.0,40.0,-0.2606518333686175,2.611765623092652,12.394499313271904,0.23624828317976582,1.0,8.937417984008789,2
545.2615213644199,41.96446464855857,544.4693010508943,34.0,40.0,-0.2653015103280017,2.303622007369995,12.444807370273484,0.36201842568370685,1.0,8.079736853299075,2
587.4587421106518,84.93182887470918,588.7862279775813,24.0,40.0,-0.2760821091160901,2.4687108993530273,12.42081234185555,0.30203085463887275,1.0,9.754992485046387,2
596.2213747877814,81.10080283735329,597.8638325668717,34.0,40.0,-0.2796875053888747,2.495979070663452,12.45967718083112,0.3991929520777975,1.0,9.227770805358887,2
619.069879861588,87.60152177384418,619.6326500652159,24.0,40.0,-0.2504279009472661,2.4406933784484863,12.491617417706877,0.47904354426718904,1.0,9.754992485046387,2
525.1238838273223,56.67125648158724,526.1187938149778,24.0,40.0,-0.23788128943538295,2.2829082012176514,12.436869738179393,0.34217434544848124,1.0,10.976969718933105,2
524.7823641476912,27.307369006482354,525.8533716237255,24.0,40.0,-0.24436671057045012,2.195441722869873,12.415246867623654,0.2881171690591384,1.0,9.523818016052246,2
529.7708816630163,37.97250404411163,531.0744875108247,24.0,40.0,-0.24092798151397476,2.4679985042439387,12.393210285781848,0.23302571445461506,1.0,10.036569595336914,2
521.4626430450616,21.449361324933534,520.4137823343867,24.0,40.0,-0.24735698775916012,2.3287506103515625,12.383881989470249,0.2097049736756174,1.0,10.122344970703125,2
588.1928824146913,63.85776709735317,586.6556725299503,24.0,40.0,-0.23567346077989304,2.38302970259157,12.47966280908323,0.4491570227080728,1.0,10.09542465209961,2
503.8687031013077,63.915384867126406,502.6008846697103,34.0,40.0,-0.22090539937013265,2.1365485191345215,12.407290331211732,0.26822582802932476,1.0,10.794836044311523,2
0.0,0.0,0.0,34.0,40.0,-0.38250105816623897,0.0,0.0,0.0,1.0,0.0,2
609.0754040253495,95.54567411916345,612.0255768517958,34.0,40.0,-0.3023533056359545,2.3830924034118657,12.521819931123158,0.5545498278078919,1.0,10.166767120361328,2
496.27401148248464,61.73605633485188,495.34981947607287,34.0,40.0,-0.1657930294134107,1.9425011873245241,12.339980659905041,0.09995164976260307,1.0,7.880090236663818,2
589.88605642747,63.00465884384227,589.954835919582,24.0,40.0,-0.2563755442246837,2.1986427307128906,12.442929230577812,0.35242422858097167,1.0,9.449698448181152,2
518.8706470885551,28.29338576447025,525.6211997738748,24.0,40.0,-0.24581405428920647,2.3606920517587384,12.918939916398603,0.4177571211244231,4.0,10.122344970703125,2
507.83761226526354,71.11798651022096,508.1499113691791,34.0,40.0,-0.23466920034536964,2.3371139356534774,12.390238127580929,0.22559531895232224,1.0,9.708338737487793,2
0.0,0.0,0.0,21.0,40.0,-0.38250105816623897,0.0,0.0,0.0,1.0,0.0,2
587.2431733647829,71.44731261869188,584.7131940842887,34.0,40.0,-0.20784125124790132,2.296909009384004,12.462044399557666,0.405110998894161,1.0,10.490188598632812,2
552.9929886859942,54.91831000204538,548.1710897576122,34.0,40.0,-0.21675696712364265,2.297710136823367,12.467314916385423,0.41828729096355577,1.0,10.713237762451172,2
0.0,0.0,0.0,24.0,40.0,-0.38250105816623897,0.0,0.0,0.0,4.0,0.0,2
546.7880665102836,40.96069505415683,543.7045754054363,24.0,40.0,-0.19253471901122352,2.527124166488648,12.533758522594452,0.4424755174864893,1.0,10.753582000732422,2
527.3756074960148,54.08335829280771,531.7892729971713,34.0,40.0,-0.24798277896610482,1.9090965248101597,12.414841697144052,0.287104242860127,1.0,8.192859649658203,2
438.8855931105088,107.08253399561832,438.7270558910784,34.0,40.0,-0.287892208386061,3.1258132457733154,12.39882177598331,0.2470544399582714,1.0,9.845919609069824,2
542.2515616697555,44.07919603375184,543.1511206398302,24.0,40.0,-0.26171200343549245,2.337947368621826,12.397097816806793,0.2427445420169846,1.0,10.088233759258593,2
0.0,0.0,0.0,34.0,40.0,-0.38250105816623897,0.0,0.0,0.0,1.0,0.0,2
372.8887326499138,110.89089278452776,371.3451768075188,24.0,40.0,-0.2563764591969412,3.0737111568450928,12.394930385251197,0.14639109966070352,1.0,9.896968841552734,2
504.75643135781036,64.59691643352939,502.7839048699084,24.0,40.0,-0.23803605113802553,2.1365485191345215,12.416726404372323,0.291816010930804,1.0,10.794836044311523,2
509.7978674459897,44.0626336245568,499.59535145748146,21.0,40.0,-0.18836593520512818,2.389866590499878,12.45625112556123,0.39062781390307433,1.0,10.394415855407717,2
0.0,0.0,0.0,34.0,40.0,-0.38250105816623897,0.0,0.0,0.0,1.0,0.0,2
405.65825028187817,87.52696906814728,403.35964558093985,21.0,30.0,-0.21810066419014626,2.6629135608673096,11.062756648040608,1.1556166884650747,4.0,8.226289749145508,2
509.5052811653554,61.94896859846598,509.4395912492647,34.0,40.0,-0.2211490855428362,2.253084897994995,12.486116754329078,0.465291885822693,1.0,10.920196533203125,2
544.6747450136727,48.61268648371683,543.273306306173,24.0,40.0,-0.21089681878749122,2.085512399673462,12.382157569303384,0.20539392325846462,1.0,8.180964469909668,2
0.0,0.0,0.0,24.0,40.0,-0.38250105816623897,0.0,0.0,0.0,4.0,0.0,2
555.4624130065706,60.599846374045875,554.9056779558864,34.0,40.0,-0.24732543849007946,2.219350855082076,12.393886491902684,0.2347162297567077,1.0,8.771191596984863,2
584.0432731561281,68.69265934567896,583.0382127479425,24.0,40.0,-0.20718240104247312,2.41235162722354,12.439629439629442,0.34907359907360486,1.0,10.09542465209961,2
519.35890864556,79.55483715408704,509.7847579025828,21.0,10.0,-0.33352165495560937,3.901102542877197,4.424360311832679,0.6959252738209941,4.0,10.659957187032779,2
0.0,0.0,0.0,34.0,40.0,-0.38250105816623897,0.0,0.0,0.0,4.0,0.0,2
521.7064546856574,65.68615672055148,517.3254122148785,24.0,40.0,-0.21366452437310257,2.310666084289551,13.597878212024467,0.31559274497547235,1.0,10.909076690673828,2
545.6854985031298,77.86322477548713,547.8434366313284,34.0,40.0,-0.22670913382143562,2.1262030601501465,12.423058507751184,0.30764626937796036,1.0,9.606506521338657,2
502.87584401446327,27.330066730100647,504.0021763920462,24.0,40.0,-0.21079977342573553,1.8745216273314118,12.396052623491952,0.24013155872987785,1.0,9.086598396301268,2
771.0373472350022,65.18619358786124,770.5904009664251,24.0,40.0,-0.20565693792933404,2.3076539039611816,12.609539000715252,0.4224426470039976,1.0,9.952329635620117,2
550.5160184549188,59.969050941002784,547.6559995439475,24.0,40.0,-0.27040378082979044,2.5497389688883745,12.439924186526756,0.34981046631689106,1.0,10.040663719177246,2
545.8037382874769,49.48486411894532,542.5368855135096,24.0,40.0,-0.22431043876019663,2.070287765122207,12.42165848796278,0.30414621990695156,1.0,8.182283968325482,2
710.162024857117,87.74332003961683,713.0942419697317,24.0,40.0,-0.24643408919463428,2.5200776864361285,12.506012678786627,0.5468401883028575,1.0,9.544290542602539,2
510.1794883425566,40.77885451956944,509.2924651751566,24.0,40.0,-0.21644454665282242,2.3652234077453613,12.922695656822665,0.47114376356231275,1.0,9.995196083523581,2
430.646084161687,94.73116188583998,418.9283047113223,21.0,40.0,-0.25913272114472735,3.064199209213257,12.408112025586142,0.27028006396535426,1.0,10.042254447937012,2
471.8093596506007,40.92644308130128,474.76884891905866,34.0,40.0,-0.2341620866518015,2.045016356876918,12.330556230912718,0.07639057728179285,1.0,7.515944480895996,2
358.19495600108854,111.83049569799267,356.04200101834044,34.0,40.0,-0.26520168244992404,3.087106842078912,12.327166913389611,0.06791728347402137,1.0,10.145989418029783,2
510.1088373660269,39.50668210977729,512.6209590836373,34.0,40.0,-0.23508552024817747,2.3652234077453613,12.432821212104628,0.33205303026156757,1.0,9.834239959716799,2
528.7391817109678,64.78170911841826,534.4852172839303,34.0,40.0,-0.21051844397973465,2.289744203571237,12.495893562079448,0.48973390519861626,1.0,10.713237762451172,2
611.354797112531,59.02512584467751,614.9703626337669,24.0,40.0,-0.23472337690736236,2.3477320671081543,12.49380811624339,0.48452029060846935,1.0,10.21573543548584,2
588.0328922642267,68.19269645643439,587.2073834363224,24.0,40.0,-0.2208050564434535,2.173568078224233,12.383308840991752,0.20827210247937633,1.0,8.391595840454102,2
0.0,0.0,0.0,24.0,40.0,-0.38250105816623897,0.0,0.0,0.0,1.0,0.0,2
545.693459130908,71.79887751269061,546.1720267510015,34.0,40.0,-0.2000528766058055,2.2114741794320927,12.588889255618508,0.7222231390462657,1.0,10.301721572875977,2
354.2592112595741,109.91688636685409,353.0634324595154,34.0,40.0,-0.25820462078096007,3.119192838668823,12.331118603553143,0.07779650888285668,1.0,10.145989418029785,2
568.8841448400099,58.01784650393182,567.5696898292412,24.0,40.0,-0.22180488947592322,2.4967756271362305,12.47121119840716,0.42802799601789976,1.0,10.040663719177246,2
493.28395173727665,56.21482775391024,492.2944179238333,24.0,40.0,-0.2568596716594057,1.9654390811920166,12.377655484277195,0.19413871069298544,1.0,7.880090236663818,2
488.5030941797021,39.69370987758565,486.8358808188617,24.0,40.0,-0.24041150047721632,2.365690231323242,12.422452264647298,0.30613066161824115,1.0,10.001567840576172,2
498.00747787094514,31.215447211494453,498.7106978910738,24.0,40.0,-0.2606589899338604,2.3532185468698303,12.46340856790725,0.4085214197681213,1.0,10.068169593811035,2
511.2100283822138,25.53145052398517,510.55127674922016,24.0,40.0,-0.21822726110466897,2.195441722869873,12.442827318018072,0.35706829504517984,1.0,9.523818016052246,2
540.6195098560154,51.06707351375484,540.0013629960148,24.0,40.0,-0.2573404861467458,2.3417074680328365,12.370346152947402,0.1758653823685034,1.0,10.976969718933105,2
564.5548722800378,69.04264126229425,563.6196131710749,24.0,40.0,-0.2509036966464716,2.482901096343994,12.417820503769217,0.2945512594230466,1.0,10.53896427154541,2
572.3276590505567,72.40241906265413,573.0257798418829,34.0,40.0,-0.2057250764088812,2.1376696031614655,12.413413083281695,0.28353270820423615,1.0,10.490188598632812,2
539.1735008618343,36.97796681141148,538.3965530388588,24.0,40.0,-0.2181265321756636,2.6780136756549613,12.30419334102259,0.010483352556471533,1.0,10.934926986694336,2
533.9872798434443,49.91662838777306,534.7167359632414,21.0,40.0,-0.2673331598682847,2.1858675479888916,12.503105153434918,0.5077628835872925,1.0,8.033785820007324,2
572.3362320343178,75.30943301326344,570.8226121302857,24.0,40.0,-0.20696784521826658,2.1886720657348633,12.479109912652891,0.44777478163222406,1.0,10.490188598632812,2
523.7247573255919,57.646814259117505,522.3946225895571,34.0,40.0,-0.23583482896785243,2.2829082012176514,12.394310260708533,0.23577565177132917,1.0,10.711685477503096,2
536.8042307642462,38.29999533696777,535.2015213776218,24.0,40.0,-0.2495765693374598,2.1817994180894056,12.45013683540976,0.3753420885244003,1.0,8.704670906066895,2
615.8718037609672,80.77672569985323,615.635221396314,34.0,40.0,-0.28252965162333593,2.4290646792247594,12.491626134268891,0.4790653356722263,1.0,9.227770805358887,2
618.7177168517775,39.02065723780678,571.6871161797859,21.0,20.0,-0.28089033941914815,2.422778367996216,8.760885949093016,0.2634887027762255,4.0,8.613750457763672,2
558.0291209289667,56.48780939825335,563.4661666374351,34.0,40.0,-0.2354465364927829,2.154329776763916,12.461602607434425,0.40400651858606573,1.0,8.886907577514648,2
480.95309806767654,27.944168573556993,479.44357591054705,24.0,40.0,-0.2372154749008638,2.3493263721466064,12.396534465362448,0.2413361634061186,1.0,9.417469024658203,2
559.0913317608637,50.36886872247048,557.6974998916396,24.0,40.0,-0.24509876943900955,2.3191836010919857,12.401675038768722,0.25418759692180687,1.0,10.625311851501465,2
555.9013426471922,56.58521606158122,554.55271171176,34.0,40.0,-0.2185985994364133,2.0703344345092773,12.447242821405473,0.36810705351367723,1.0,8.964933578282189,2
618.2162718212569,83.05293922165654,617.7914547285379,24.0,40.0,-0.2789642231865043,2.553244169910827,12.438156893850339,0.345392234625845,1.0,9.754992485046387,2
590.410738585555,71.3449092233071,589.3185106161955,24.0,40.0,-0.20920611132195632,2.201066255569458,13.588539028775497,0.29736719325004585,4.0,8.120412826538086,2
468.3571298972279,38.20938536526894,466.7596655411192,34.0,40.0,-0.2427622712111063,2.3568943951227896,12.414921561559037,0.28730390389759375,1.0,10.394415855407715,2
0.0,0.0,0.0,34.0,40.0,-0.38250105816623897,0.0,0.0,0.0,1.0,0.0,2
571.7823252679462,64.2782865890303,572.6397896581751,34.0,40.0,-0.2461002766271072,2.282807136468458,12.446701585776133,0.36675396444033187,1.0,8.365248945127961,2
359.8104418035017,89.32005112762465,354.91488671962475,31.0,30.0,-0.22042964035741586,2.6305422041047573,11.75007042768926,0.9763508855163305,4.0,8.226289749145508,2
512.4406565492931,41.39864005218421,511.0258088146175,34.0,40.0,-0.23951860865058885,2.152566909790039,12.39217190517499,0.23042976293747183,1.0,8.704670906066895,2
400.65127460763836,66.43007893825339,402.6570621120234,24.0,40.0,-0.27375783595741987,3.1645752467856507,12.478196371995733,0.4454909299893292,1.0,9.299655039245177,2
0.0,0.0,0.0,34.0,40.0,-0.38250105816623897,0.0,0.0,0.0,1.0,0.0,2
546.0720960070502,67.05712754617193,547.3415841730848,34.0,40.0,-0.2460092643714693,2.482901096343994,12.46240965890652,0.40602414726630187,1.0,10.53896427154541,2
601.9503408457641,65.71820200542501,601.4203878137648,34.0,50.0,-0.19183198905954768,2.0964518661834957,13.815745895457512,0.3726856520585342,1.0,10.074369430541992,2
416.62938855121115,91.85056510417859,417.54853807027314,34.0,40.0,-0.2427138049176759,3.1370061956137185,12.435754872927468,0.33938718231866793,1.0,10.052884101867676,2
490.5681173131504,57.47650991319774,490.35272811557627,34.0,40.0,-0.2592725205740052,1.9573120790601568,12.36375181331117,0.15937953327792098,1.0,7.880090236663818,2
320.07663845725176,93.40252281458174,322.7703934847954,34.0,40.0,-0.2765912639548771,2.4549455642700195,12.436872513528805,0.34218128382200913,1.0,8.645700908220444,2
486.8129787068598,21.103337600933838,486.0512373041995,24.0,40.0,-0.2508112557467117,2.3494369983673096,12.392839098216518,0.23209774554129228,1.0,9.904950141906738,2
619.4014074467673,57.26957612825826,618.323070134029,21.0,40.0,-0.23960418323727042,2.4153158664703374,12.462903259283797,0.40725814820948714,1.0,9.885859116182868,2
568.7686071979367,63.5180207020271,570.9525682817136,34.0,40.0,-0.24457545088848942,2.2529990621742204,12.436077237202868,0.3401930930071665,1.0,8.601911867668015,2
612.3235410375707,79.390909920581,612.5891432364972,34.0,40.0,-0.31033891514975964,2.4405290737057364,12.432979516181533,0.3324487904538289,1.0,9.031515121459961,2
496.1006207799277,48.96333416642558,498.3521771127358,34.0,40.0,-0.2816011667169706,2.06270432472229,12.396591331826185,0.2414783295654594,1.0,7.860779762268068,2
430.5511592643951,0.7749510763209315,428.18703805504686,24.0,20.0,-0.008644705522968293,2.722966194152832,11.546003609129366,0.35117755355768576,1.0,10.009664897097657,2
483.3527688858362,48.78453276392656,478.0268133557499,34.0,40.0,-0.2558425925757521,2.372385025024414,12.39284885287559,0.23212213218897315,1.0,10.435712814331055,2
0.0,0.0,0.0,24.0,40.0,-0.38250105816623897,0.0,0.0,0.0,1.0,0.0,2
537.6391441272145,56.042453573282536,537.2475958752584,34.0,40.0,-0.27788671188049613,2.0473530331984264,12.410275907164566,0.2756897679114122,1.0,8.192859649658203,2
493.9744560075686,56.44983664959917,492.86604221022793,24.0,40.0,-0.24236175540549168,1.9654390811920166,12.368472301796462,0.17118075449114795,1.0,7.880090236663818,2
372.8585619678335,93.07366703402104,369.03817371671903,34.0,40.0,-0.27503795910138207,3.1769282817840576,12.421190015839125,0.30297503959781047,1.0,9.374706268310547,2
581.5998950246886,68.00002710721415,581.8829357884687,34.0,40.0,-0.2378786300472416,2.1780972480773926,12.393391146983562,0.23347786745890625,1.0,8.3915958404541,2
0.0,0.0,0.0,34.0,40.0,-0.38250105816623897,0.0,0.0,0.0,4.0,0.0,2
593.0684866707275,62.266958110688606,595.69676848997,24.0,40.0,-0.26513253049670404,2.509551763534546,12.502143061927951,0.5053576548198757,1.0,9.999863624572754,2
498.5682663521727,24.286012914993897,497.84040358615295,24.0,40.0,-0.20827954141979885,2.3703779978294897,12.423400654718868,0.30850163679716996,1.0,10.238770484924318,2
0.0,0.0,0.0,21.0,20.0,-0.38250105816623897,0.0,0.0,0.0,4.0,0.0,2
0.0,0.0,0.0,24.0,40.0,-0.38250105816623897,0.0,0.0,0.0,1.0,0.0,2
604.5037518953876,65.34456007085566,610.4476501280539,21.0,40.0,-0.2363950206386307,1.9862759113311768,13.275240622957098,0.1881015573927428,4.0,9.021703720092773,2
318.8346865644561,92.48791247776713,321.6561321443888,24.0,40.0,-0.23903428064581458,2.4586112321607327,12.454138932178063,0.38534733044515607,1.0,8.226289749145508,2
380.1829259600056,110.1218574128807,377.4311381296877,34.0,40.0,-0.3102346237455963,3.072370574963804,12.4138203576304,0.28455089407599854,1.0,10.088031768798828,2
398.97586863830185,73.41157791384974,396.71180729982154,24.0,40.0,-0.2358849848180056,3.124985694885254,12.420527903465214,0.30131975866303345,1.0,9.33827877044678,2
351.62426614481404,107.19026473578184,350.8809732288893,24.0,40.0,-0.23311397848841509,3.119192838668823,12.325722138432788,0.06430534608196821,1.0,10.145989418029785,2
552.905217661772,95.01319245478327,548.4303048247149,34.0,40.0,-0.2597535823394435,3.1110143661499023,12.434110665389868,0.3352766634746679,1.0,10.771405220031738,2
0.0,0.0,0.0,34.0,40.0,-0.38250105816623897,0.0,0.0,0.0,1.0,0.0,2
507.91492463809436,41.25036738118639,506.7435849037822,24.0,40.0,-0.24150379018369267,2.111710135751437,12.353509503877817,0.13377375969454247,1.0,8.275474406236057,2
659.0364562408472,57.40848418515858,660.0642560273476,34.0,40.0,-0.21529273441814845,2.298898458480835,13.357940722526223,0.5533159267909937,1.0,10.162633895874025,2
0.0,0.0,0.0,34.0,40.0,-0.38250105816623897,0.0,0.0,0.0,1.0,0.0,2
522.472298181724,54.21401881353032,523.2705482960187,24.0,40.0,-0.24602928788778808,1.894021987915039,12.444758153056515,0.3618953826412832,1.0,7.860779762268066,2
533.917173183344,55.36112207116029,534.4961440471898,24.0,40.0,-0.22056135602078242,2.2829082012176514,12.487101150525072,0.4677528763126817,1.0,10.976969718933105,2
547.2332331099908,53.83067469775062,546.1391287301965,24.0,40.0,-0.2222538191973225,2.318909168243408,12.456634489027437,0.3915862225685894,1.0,10.976969718933105,2
557.3597316001607,66.98835917486464,556.7798068758145,24.0,40.0,-0.24718292268958847,2.4239888191223145,12.439695670439328,0.3492391760983206,1.0,9.965984499217669,2
399.85956636124456,96.2394949867747,398.85150050712775,34.0,40.0,-0.2689598621798977,3.064199209213257,12.432152360619474,0.3303809015486836,1.0,10.072651863098145,2
634.0593790904732,84.49217349804647,633.7756475973963,34.0,40.0,-0.29876398928223513,2.4976324407470143,12.420680640154945,0.3017016003873616,1.0,9.897766095913017,2
621.7630473944092,57.034451297120754,621.2861881672125,34.0,40.0,-0.20276470658038354,2.1258434810680895,12.508199395866235,0.5204984896655859,1.0,10.162633895874023,2
0.0,0.0,0.0,21.0,20.0,-0.38250105816623897,0.0,0.0,0.0,4.0,0.0,2
514.9590661085265,41.061901408669684,516.0783043912794,34.0,40.0,-0.23791381469392592,1.981128025837599,12.434335525146926,0.3358388128673103,1.0,8.0162353515625,2
0.0,0.0,0.0,34.0,40.0,-0.38250105816623897,0.0,0.0,0.0,1.0,0.0,2
559.9376368891021,48.06595531096272,557.3648684496172,24.0,40.0,-0.24080685304206417,2.338942766189575,12.492473303794274,0.4811832594856813,1.0,10.625311851501465,2
637.1844843897824,62.15974325149746,639.9588819731619,21.0,40.0,-0.19704306190682952,1.9699925192144532,12.439438805997307,0.3485970149932633,1.0,8.751410484313965,2
494.1910680265937,24.90602369801215,491.51847955594445,24.0,40.0,-0.2050615371272395,2.35756778717041,12.466923959386989,0.417309898467468,1.0,10.238770484924316,2
539.4767175127333,62.00385313866981,534.8954880146956,34.0,40.0,-0.1981053585155585,2.37491145276076,12.513629677368113,0.5340741934202795,1.0,10.48698527938933,2
515.1171317116159,26.05575432225413,514.8484267020748,24.0,40.0,-0.2132583785152236,2.195441722869873,12.458467917082984,0.39616979270745867,1.0,9.523818016052246,2
538.805290237296,62.69214325108431,534.1315031768119,24.0,40.0,-0.22412345276443368,2.3420565128326416,12.397272557108483,0.24318139277120285,1.0,10.379090309143068,2
536.0161610139837,65.46301176016931,529.5827858840413,34.0,40.0,-0.18995476401764427,2.296088218688965,12.650787713138246,0.8769692828456164,1.0,10.713237762451172,2
518.9361983385389,54.131882877701784,516.9143287382926,34.0,40.0,-0.23362577951554936,2.261793375015259,12.473810058028876,0.43452514507219075,1.0,10.920196533203125,2
469.062006713236,38.68903680944082,469.74017987823714,24.0,40.0,-0.26548963454051766,2.409321308135986,12.360177276130187,0.15044319032546571,1.0,10.394415855407715,2
377.02782817744713,110.06769814269691,378.472185466593,24.0,40.0,-0.27966558697229493,3.1182789802551265,12.434252906535072,0.3356322663376825,1.0,9.896968841552734,2
562.5693614649888,49.90699931058316,564.296513524051,24.0,40.0,-0.24298155294647433,2.324756145477295,12.447548617258102,0.36887154314525583,1.0,8.269965171813965,2
508.78057891940233,70.42034288887226,508.52126585549973,34.0,40.0,-0.27090571268747426,2.2974813792208706,12.33688977696595,0.09222444241487304,1.0,9.708338737487793,2
590.4036948717617,62.63850814073628,592.5696950253887,24.0,40.0,-0.25397775392812355,2.0275516162644953,12.423722296518918,0.30930574129729393,1.0,8.751410484313965,2
500.2318561190236,42.70906137968482,510.52002950628696,24.0,40.0,-0.2057144859050206,2.5003037452697754,12.858440604598849,0.44062205944232286,1.0,10.133091965766802,2
533.9002216145462,66.68706538291381,531.0884670311407,24.0,40.0,-0.18560747377813597,2.296088218688965,12.55905181868859,0.6476295467214719,1.0,10.713237762451174,2
631.5188534363215,55.9458984894931,628.954597179383,24.0,40.0,-0.22228337913082263,2.347728967666626,12.440518571201245,0.3512964280031149,1.0,10.21573543548584,2
528.3486476328715,52.509374085823936,530.135337696799,34.0,40.0,-0.24580458690690077,2.0259788036346436,12.413242951017116,0.2831073775427869,1.0,8.019346283839873,2
476.67390261919877,40.26007878811292,475.93059093457396,24.0,40.0,-0.2588104274195313,2.365690231323242,12.448072618490567,0.3701815462264148,1.0,10.175312755159203,2
632.5682663521727,60.916731393655915,631.8054458583161,21.0,40.0,-0.18306326446871882,2.1854905554926325,12.39736761028635,0.24341902571587956,1.0,10.162633895874023,2
354.4533929057426,114.16108397100867,352.5807322419834,34.0,40.0,-0.30608710061868566,3.150243043899536,12.407200280579453,0.025864939859123248,1.0,10.145989418029785,2
581.1272015655578,58.95040748472414,583.8262219463561,34.0,40.0,-0.23351060624599496,2.3807475566864014,12.442194170537359,0.35548542634339636,1.0,8.787369728088379,2
541.3947849302109,68.864782805833,539.0504203152997,34.0,40.0,-0.2452970046748321,2.567009925842285,12.393779345222022,0.234448363055053,1.0,10.53896427154541,2
547.447525304234,80.11302678199033,546.4519604518923,34.0,40.0,-0.2118176921437461,2.0922763967356146,12.470062637856199,0.4251565946404941,1.0,9.631265640258789,2
514.3708155674497,47.95856153980574,510.06648585649907,24.0,40.0,-0.2006763012828493,2.431308333447438,12.466816713996412,0.4170417849910291,1.0,10.435712814331055,2
426.42889542644576,78.1859835184585,425.14665086964504,24.0,40.0,-0.31075476574062855,3.181867837905884,12.489198194670996,0.472995486677491,1.0,9.222132682800293,2
564.8077396612279,61.432562840061166,564.4130703882124,24.0,40.0,-0.23092779041881956,1.9548665226788908,12.53799050791472,0.35258535987115786,1.0,9.021703720092773,2
612.505073806716,57.12011577796709,617.656850744741,24.0,40.0,-0.21822713737816207,2.4168349968710525,12.524673712064313,0.5616842801607806,1.0,10.5134916305542,2
528.9481279402808,52.311795666796556,528.4052314210031,41.0,40.0,-0.23347470015472788,2.31422322090358,12.426272824542501,0.31568206135625354,1.0,10.976969718933105,2
0.0,0.0,0.0,24.0,40.0,-0.38250105816623897,0.0,0.0,0.0,1.0,0.0,2
580.1212140848356,58.94578616247992,583.3357775434516,34.0,40.0,-0.2994308424064567,2.2619839740904757,12.458955390025608,0.3973884750640146,1.0,9.340041375318108,2
396.2766812249709,108.6955108274299,393.95699582884924,24.0,40.0,-0.21918847919206022,3.1464247703552246,12.466802403732602,0.41700600933150594,1.0,9.896968841552734,2
0.0,0.0,0.0,31.0,40.0,-0.38250105816623897,0.0,0.0,0.0,1.0,0.0,2
359.1005754202252,71.23661420394217,358.766034379541,24.0,40.0,-0.2528521868909591,3.095318078994751,12.414853199869777,0.2871329996744435,1.0,9.609860113914449,2
0.0,0.0,0.0,21.0,40.0,-0.38250105816623897,0.0,0.0,0.0,4.0,0.0,2
0.0,0.0,0.0,34.0,40.0,-0.38250105816623897,0.0,0.0,0.0,1.0,0.0,2
0.0,0.0,0.0,34.0,30.0,-0.38250105816623897,0.0,0.0,0.0,4.0,0.0,2
547.2161325021707,51.380875144658916,547.4332098682848,24.0,40.0,-0.2549097320725292,2.085512399673462,12.463461080564887,0.408652701412213,1.0,8.180964469909668,2
501.70420290042887,41.19922687631337,501.39456399545895,24.0,40.0,-0.23909188311412494,2.386704309579211,12.416801582643533,0.29200395660883194,1.0,10.001567840576172,2
579.4244534155854,67.7356256236834,578.2199252275393,24.0,40.0,-0.1936018630315038,2.2639512597330365,12.457737549223802,0.3943438730595037,1.0,9.466930389404297,2
547.5536994077319,47.054795581201404,547.6978641699408,34.0,40.0,-0.24473238518679744,2.271711826324463,12.405306679388055,0.26326669847013123,1.0,8.033785820007324,2
633.8621259444539,92.62251830934231,629.8858689235876,34.0,40.0,-0.25113357277190557,2.4879262447357178,12.521854205786266,0.5546355144656578,1.0,10.401717185974121,2
489.6281832791177,31.438277715234193,488.6199831186468,24.0,40.0,-0.2006050191985847,1.9624585305174738,12.344969039918844,0.11242259979710413,1.0,9.068406105041504,2
0.0,0.0,0.0,34.0,40.0,-0.38250105816623897,0.0,0.0,0.0,1.0,0.0,2
0.0,0.0,0.0,34.0,40.0,-0.38250105816623897,0.0,0.0,0.0,1.0,0.0,2
0.0,0.0,0.0,34.0,40.0,-0.38250105816623897,0.0,0.0,0.0,1.0,0.0,2
508.58749886600765,43.37686688615007,510.155116291412,24.0,40.0,-0.21323733156614816,2.4564706931840505,12.423269173953585,0.3081729348839606,1.0,10.309370040893555,2
0.0,0.0,0.0,31.0,40.0,-0.38250105816623897,0.0,0.0,0.0,1.0,0.0,2
534.8956273246847,57.17992786721143,536.2637156400253,24.0,40.0,-0.1635519034245011,2.3382926172389533,13.560538262331338,0.3075644710329047,1.0,10.713237762451172,2
542.6654916343748,55.720777879272745,544.1496780954554,34.0,40.0,-0.25640811877340225,2.130622625350952,12.443603017101179,0.3590075427529447,1.0,8.771191596984863,2
590.91253353378,66.11755940508307,589.933122067313,24.0,40.0,-0.23921095266442088,1.9516170143291651,12.364097536727966,0.1602438418199119,1.0,9.664197530178045,2
601.1525122795194,71.08540957437174,597.6547691438257,24.0,40.0,-0.20679637018780747,2.0873329639434814,12.47922008410702,0.44805021026754493,1.0,9.144586563110352,2
354.5336536592321,107.68331487297854,357.02663816839447,34.0,40.0,-0.23650090739791813,2.284669130049106,12.417506316196372,0.26774066121577433,1.0,8.90954875946045,2
398.9406662692294,67.18419562370059,399.5213590911088,24.0,40.0,-0.2642056246376335,3.0885448455810547,12.458035805279838,0.3950895131995985,1.0,9.358202934265137,2
366.0421197236944,62.14113491325795,365.564193878844,24.0,40.0,-0.23570891302283628,3.1644160915494215,12.461786132688008,0.4044653317200172,1.0,9.358202934265137,2
359.29533054263163,112.79632476070572,357.43008720261594,34.0,40.0,-0.26952094049516145,3.06196928024292,12.347082092412235,0.11770523103058725,1.0,10.145989418029785,2
457.0378170319203,39.996670898437074,454.3646183155063,24.0,40.0,-0.28187096892344427,2.5388258114719577,12.410894427952154,0.27723606988038163,1.0,9.755026106382616,2
0.0,0.0,0.0,41.0,40.0,-0.38250105816623897,0.0,0.0,0.0,1.0,0.0,2
576.5066840761524,63.54364413101039,575.8378683236474,34.0,40.0,-0.1558572700213203,2.035608869242808,13.650880382537926,0.27321221851092137,1.0,8.751410484313963,2
541.1994077318852,47.429869769314024,542.3417272372099,34.0,40.0,-0.23096539067860664,2.2693522694884547,12.39040036733478,0.22600091833694755,1.0,8.033785820007324,2
604.9576405178782,62.15480774471846,602.9249412827417,21.0,40.0,-0.2136024626446768,2.05767068247132,13.025806931484148,0.8414253521937483,1.0,9.021703720092773,2
577.1834346366688,70.98550694881196,575.2416806189307,24.0,40.0,-0.24442087255026357,1.8858114950704261,12.467531782554616,0.4188294563865368,1.0,9.58281421661377,2
497.15433638755337,24.231436242714604,496.9641031704343,24.0,40.0,-0.21187445791304366,2.3821768760681152,12.418621672505894,0.29655418126473193,1.0,10.238770484924316,2
608.2849626106454,81.02459939561751,608.7190298658204,24.0,40.0,-0.2613801994952879,2.553528070449829,12.419670913992878,0.29917728498219803,1.0,9.674468994140625,2
372.20904342867516,87.49580665035556,371.00892349591044,21.0,40.0,-0.26802784833467597,3.2599198818206787,12.48965674892358,0.4741418723089478,1.0,10.076268196105957,2
445.7988685994221,97.04029598308011,437.739973849385,41.0,20.0,-0.299358884465572,3.0708088804831006,8.350822000361369,1.124676856503989,1.0,10.042254447937012,2
532.9888415131996,61.69977237446868,527.6845425369596,34.0,40.0,-0.25398963899201804,2.5404105186462402,12.459838027486509,0.39959506871627176,1.0,10.41797551414034,2
389.5890410958906,101.82899478864383,388.7908216203963,34.0,40.0,-0.2876541140523907,3.0480217933654785,12.433439790246071,0.33359947561517683,1.0,10.072651863098145,2
536.3860629074273,66.44052904528783,534.4064053516812,24.0,40.0,-0.2943652660350611,2.3163367565104505,12.502224719346946,0.5055617983673663,1.0,10.379090309143065,2
581.8286148442866,74.3518570099023,580.1153447571445,24.0,40.0,-0.20993273221788186,2.094041318576163,12.427729459478137,0.31932364869534,1.0,9.144586563110352,2
0.0,0.0,0.0,24.0,40.0,-0.38250105816623897,0.0,0.0,0.0,1.0,0.0,2
448.68495094672176,39.97799560696859,446.5813542140825,34.0,40.0,-0.257875613318913,2.512328635923083,12.433376261019896,0.33344065254973854,1.0,9.780574040870146,2
0.0,0.0,0.0,21.0,40.0,-0.38250105816623897,0.0,0.0,0.0,1.0,0.0,2
552.6607353455765,63.91466834256407,547.1918467083416,34.0,40.0,-0.24171285709817947,2.29697847366333,12.623196535162322,0.807991337905806,1.0,9.93760871887207,2
641.6450149687018,57.64629925243525,641.270643492938,24.0,40.0,-0.22031221694579928,2.187784433364868,12.528483795338875,0.5712094883471859,1.0,10.162633895874023,2
0.0,0.0,0.0,34.0,40.0,-0.38250105816623897,0.0,0.0,0.0,4.0,0.0,2
0.0,0.0,0.0,21.0,40.0,-0.38250105816623897,0.0,0.0,0.0,4.0,0.0,2
777.3598838791615,51.76570237238665,776.1468905952455,21.0,20.0,-0.22736654890026042,1.9142953260055442,7.91764279489366,1.0213623364389817,1.0,9.459515571594238,2
0.0,0.0,0.0,21.0,40.0,-0.38250105816623897,0.0,0.0,0.0,1.0,0.0,2
594.1610139837483,80.80857425833184,593.9231440571974,34.0,40.0,-0.2828005328503123,2.495979070663452,12.466852975682905,0.4171324392072629,1.0,9.227770805358887,2
568.7241482095876,70.35989397780735,565.6366850086588,24.0,40.0,-0.24690098458659743,2.4539777322757965,12.452441022117759,0.3811025552943974,1.0,9.799622828713133,2
491.59131556097,57.7112979463573,491.5542564301618,34.0,40.0,-0.2469333441562624,1.9573120790601566,12.356621110127088,0.14155277531771754,1.0,7.880090236663818,2
600.1364355049831,85.96081938361867,602.7252527621246,34.0,40.0,-0.2832336751095881,2.4084548950195312,12.707674742708102,0.4581812969667527,1.0,9.754992485046387,2
605.7319889581523,80.92488294698056,604.7484048546829,34.0,40.0,-0.3160518246247732,2.4259419441223145,12.423571321994885,0.3089283049872108,1.0,9.227770805358887,2
0.0,0.0,0.0,21.0,30.0,-0.38250105816623897,0.0,0.0,0.0,1.0,0.0,2
414.847915397675,93.81662534006162,414.48734864355447,34.0,40.0,-0.2908052483140272,2.263823321654139,12.583071173473197,0.7076779336829893,1.0,9.1593713760376,2
510.481752439704,40.45286715408798,510.8355153879595,34.0,40.0,-0.24152970722286532,2.007951931448172,12.418543829897715,0.29635957474428853,1.0,7.788749336496492,2
500.2360000518397,36.7050722061219,501.6243475156622,34.0,40.0,-0.2589991335403904,2.087237091213757,12.359915941763052,0.1497898544076301,1.0,9.068406105041504,2
455.4467574292712,23.566143928229895,454.3961352944811,24.0,40.0,-0.2726068163363507,2.3461298942565922,12.371753244229247,0.17938311057311643,1.0,9.904950141906738,2
0.0,0.0,0.0,34.0,40.0,-0.38250105816623897,0.0,0.0,0.0,4.0,0.0,2
0.0,0.0,0.0,34.0,40.0,-0.38250105816623897,0.0,0.0,0.0,1.0,0.0,2
778.9776959863145,60.945680595403516,779.5775260334507,34.0,40.0,-0.18546986659903722,2.315113067626953,12.512681168254991,0.5317029206374776,1.0,9.924619228639246,2
519.300896826117,52.01521779188226,521.8400560544325,34.0,40.0,-0.25384790214161174,1.9835953230889427,12.44001665837231,0.35004164593076736,1.0,7.860779762268067,2
398.9172250230039,89.17027929858718,400.66568658364287,24.0,40.0,-0.22921867410758515,3.1777062028821432,12.399523545447364,0.24880886361841223,1.0,9.374706268310547,2
315.3278728891538,96.06720675180955,308.1844674663118,34.0,40.0,-0.23355518693389696,2.4868340492248535,12.880224169687985,1.1247287216759327,1.0,8.95991039276123,2
401.7301227303949,97.1944761983668,400.8289047565327,24.0,40.0,-0.25392663180754715,2.1472766399383545,12.733389211686815,0.32152722758150043,4.0,8.899715720324133,2
551.2420458521792,70.24273764587443,563.7474047165124,24.0,40.0,-0.2040875223520237,2.2110495567321777,12.610251268280871,0.7756281707021744,1.0,10.301721572875977,2
511.3337566905561,48.2594265105093,511.6456404918444,24.0,40.0,-0.2409640114744638,2.056160167612593,12.441982512828563,0.35495628207140634,1.0,7.860779762268067,2
597.6822099247028,81.31217813019313,598.1197115968989,24.0,40.0,-0.2771751709802172,2.5326202470962316,12.479726105324426,0.44931526331106475,1.0,9.674468994140625,2
514.4033708738871,47.529157194586844,518.1651493954041,34.0,40.0,-0.24912896938363718,2.0287256240844727,12.418292600350549,0.29573150087637046,1.0,7.860779762268066,2
501.10996487863025,40.90193134025559,500.68632070192064,24.0,40.0,-0.26303016967115767,2.4578237533569336,12.45722996030016,0.39307490075039675,1.0,9.874423980712892,2
519.9007302912095,69.43588617377944,520.4694634605642,34.0,40.0,-0.20508323852230387,2.2726670629930816,12.449393619481805,0.3734840487045111,1.0,9.708338737487793,2
555.1878539676778,65.36298499964217,553.4028940288681,24.0,40.0,-0.24643202411579748,2.4234602483984538,12.48546848663989,0.463671216599721,1.0,10.503394126892088,2
410.78494965073037,29.061083705020327,412.75070051864435,34.0,40.0,-0.2705140315874256,3.004153251647949,12.422196439869321,0.30549109967329985,1.0,9.007669448852539,3
385.3128231878798,70.76085063714629,385.7405746918153,24.0,40.0,-0.2013289981529188,3.157864100312533,12.43029491822316,0.3257372955578976,1.0,8.840418815612793,3
544.2747631575537,70.06737783067757,541.9078058981477,34.0,40.0,-0.28112765732248535,3.271784152416207,12.498600361999973,0.4965009049999288,1.0,10.389555931091309,3
479.02939308718123,21.237972876727603,479.6249534403345,24.0,40.0,-0.24542898167058916,2.669232606887817,12.48704106115343,0.4676026528835723,1.0,9.968267440795898,3
725.521409779552,28.880609218579817,724.6083705662473,24.0,40.0,-0.2302444529135613,2.7148325877473845,12.504397917737396,0.5109947943434863,1.0,10.44787432184283,3
410.5580604191232,47.40446310796396,408.2677783472422,24.0,40.0,-0.24784445950248155,3.1087541580200195,12.415050483297506,0.2876262082437619,1.0,9.387925424323182,3
404.17130091626603,52.09584779354171,400.7552764139534,24.0,40.0,-0.24346675722202746,3.3550484180450435,12.35409410082478,0.13523525206194434,1.0,9.506557464599608,3
637.3293859592281,59.95845801513774,633.602304899483,34.0,40.0,-0.2841642607374765,3.202437616840967,12.489494846658967,0.4737371166474229,1.0,10.349865913391113,3
440.445600756859,17.325122360423048,438.6658252576599,31.0,40.0,-0.2181703789442015,2.4942984580993652,12.437886132755484,0.34471533188870784,1.0,8.779918731537387,3
377.94223765892093,64.42754690022932,373.1577437468759,24.0,40.0,-0.25355074701113334,3.188605546951294,12.447597328168563,0.36899332042141275,1.0,8.840418815612793,3
512.5116995632508,77.40670173163528,513.6231166394506,24.0,40.0,-0.27225578519250404,3.3132508578679403,12.416646781664953,0.29161695416238065,1.0,10.221318244934082,3
527.1149868456864,12.75928553055215,534.3384132885074,21.0,40.0,-0.2726352381575265,2.6144585609436035,12.496522475797965,0.4913061894949066,1.0,11.280733108520508,3
353.46550394629423,90.28990277396164,361.7745451554731,31.0,40.0,-0.22969208365206695,2.5590269565582275,11.837991817311108,0.9438977143745384,4.0,8.226289749145508,3
405.8172392789103,32.91759670258686,405.2332155748714,24.0,40.0,-0.28811313146779255,3.051306809464547,12.40605887916055,0.26514719790137437,1.0,9.451915740966797,3
390.5813947460502,52.587682850233165,389.90548070754625,24.0,40.0,-0.261976322014646,3.355048418045044,12.500759640247782,0.5018991006194514,1.0,9.259231628970397,3
395.6334385246433,22.781944227272536,394.9723081530037,24.0,40.0,-0.2668771910787987,2.939857006072998,12.383890306097328,0.20972576524332076,1.0,9.589454650878906,3
446.8509674576535,9.259534393948154,448.9458625637134,24.0,40.0,-0.2536357356171493,2.575924158096313,12.404444759179706,0.2611118979492625,1.0,10.323919296264648,3
394.5885745389514,55.56705816276619,394.24803488881923,24.0,40.0,-0.22717749087057099,3.2461981773376465,12.426856250808884,0.31714062702220536,1.0,10.181324005126953,3
398.0138930288615,72.4261463695689,398.5216520925473,34.0,40.0,-0.28881172844111713,3.1503703594207764,12.642823215762316,0.8570580394057925,1.0,9.054262161254883,3
657.9561792874639,88.92508583802135,655.3500936837955,31.0,40.0,-0.24515616935563828,2.5661537647247314,13.351481639385197,0.43458158190672175,4.0,9.544290542602539,3
444.6145462085767,3.696817691396945,443.2622183549597,24.0,40.0,-0.25000199841641235,2.761404191895654,12.424636362772539,0.3115909069313434,1.0,9.79923756855108,3
433.30862093544664,36.80034583365353,433.6568623835695,34.0,40.0,-0.2747033020414771,2.405236005783081,12.35338660269909,0.13346650674772204,1.0,8.69481086730957,3
393.60644626171256,39.4810720281154,388.6296107889549,24.0,40.0,-0.29357093742038765,3.4655587673187256,12.391561055184567,0.22890263796142024,1.0,10.481391906738281,3
465.75496688741725,32.10125306091175,465.0612624881999,34.0,40.0,-0.3012133895316908,2.497953402319533,12.43222593303684,0.3305648325920926,1.0,9.109663065632263,3
506.1064624616062,11.54662687647002,504.0468831243693,34.0,40.0,-0.30886879916181925,2.3026010990142822,12.468623430625483,0.421558576563705,1.0,9.264931678771973,3
676.2522485452492,61.92767503872608,663.4077316058542,34.0,40.0,-0.23718885156010097,2.254277467727661,13.857263144301548,2.1213787236249844,4.0,9.848666191101074,3
412.80907453247073,59.06899340011944,412.3035275464763,34.0,40.0,-0.27663946406590956,3.580675628087294,10.936690158540456,0.6601019078012653,1.0,10.329880714416504,3
434.14287658272957,35.82859989387035,434.1812688592906,24.0,40.0,-0.25611581096858704,2.405236005783081,12.343032973731889,0.10758243432972399,1.0,8.694810867309569,3
598.9044983864907,16.927347957781965,593.8311483457064,34.0,40.0,-0.2864318257519395,2.707014396932494,12.457284547920768,0.39321136980192006,1.0,9.759601593017578,3
372.54759528777504,77.10228882943832,368.2271612709721,34.0,40.0,-0.3147037800347039,3.331523180007935,12.463340771780487,0.4083519294512138,1.0,9.900646209716797,3
378.01267479685265,97.31222548747353,376.88922705279293,24.0,40.0,-0.23886152198342314,3.325220584869385,12.50071099121334,0.5017774780333488,1.0,9.6616792678833,3
526.6863700574124,15.238901359067173,527.9080731627764,24.0,40.0,-0.23657126940644982,2.36460712098128,12.443230154722386,0.3580753868059643,1.0,9.264931678771973,3
493.36530112362425,77.18168225221011,489.8621654795504,31.0,40.0,-0.25466719150222206,3.1729156970977783,12.510475581563309,0.5261889539082696,1.0,8.923816680908203,3
486.07045009784747,15.130472690107284,484.5975170396781,34.0,40.0,-0.2619509064754623,2.614104691783509,12.5012422276803,0.5031055692007496,1.0,11.280733108520508,3
580.750612355983,57.07857938149992,581.3899238372755,34.0,40.0,-0.1852633256194214,2.4250054359436035,12.433923472149669,0.3348086803741722,1.0,10.143844673544935,3
413.2473918171096,37.285150463688126,415.40908996872315,34.0,40.0,-0.24584693646267475,3.125688076019287,12.415324248513615,0.2883106212840374,1.0,10.691255569458006,3
438.4664403001517,25.996404794083187,439.67423188797153,34.0,40.0,-0.2731900526779229,2.717236843594366,12.429544837933115,0.3238620948327874,1.0,9.832369287419926,3
410.50490208784237,30.446694721742713,408.90799960285983,24.0,40.0,-0.29157260854487865,3.0362544059753414,12.376314892138724,0.1907872303468112,1.0,9.024868011474611,3
403.86123819027745,42.08558101873268,401.4583959008086,34.0,40.0,-0.28541903571815175,3.3938865661621094,12.403904833497059,0.2597620837426441,1.0,10.208433151245119,3
373.85987739920427,92.36487045027674,372.7210587644785,34.0,40.0,-0.2840531371508092,3.2612199783325195,12.400956336155668,0.25239084038916726,1.0,9.374706268310547,3
377.25809670688557,56.69786566186745,378.2163959438459,34.0,40.0,-0.26668090995454863,3.2211689949035645,12.340397100489216,0.10099275122304144,1.0,9.370738320003282,3
370.80943417011235,75.11444161100086,369.95501076096997,34.0,40.0,-0.26691363109279126,3.3694678188070166,12.523223789904522,0.558059474761307,1.0,9.900646209716797,3
581.2444239965786,55.787074876938696,572.1382517056811,34.0,40.0,-0.20139599459174135,2.429189443588257,12.636359480458326,0.8408987011458116,1.0,9.93760871887207,3
558.434484389782,66.79711547711054,561.8535220201212,34.0,40.0,-0.28312056943026803,3.2683858530861976,12.501218056199454,0.5030451404986324,1.0,10.389555931091309,3
530.746957659958,100.67149512806537,534.3321892416786,21.0,30.0,-0.2597510700236738,2.4360454082489014,11.363076616561784,2.9076915414044606,4.0,9.29942512512207,3
386.01906403493996,43.022823149218596,384.1806368703299,34.0,40.0,-0.2633151795951532,3.125844717025757,12.366203404047003,0.16550851011750148,1.0,9.558752223861076,3
387.0305691994658,94.04498054086635,396.2723702542833,34.0,40.0,-0.23805360426956343,3.315506935119629,12.540347491178721,0.6008687279468019,1.0,9.755783081054688,3
583.9487370562849,56.79284851461634,583.18352436296,21.0,40.0,-0.25674932245534676,2.4135115309937363,12.49045581213771,0.4761395303442708,1.0,8.478547047728897,3
414.0221679345784,45.83866256624738,412.06801826638326,34.0,50.0,-0.22254840744983442,3.128475730019113,14.80704546927365,0.3073973722030785,1.0,9.577766418457031,3
472.9895024688638,19.65372284668588,470.55431955160805,24.0,40.0,-0.265489804525107,2.4169011120693558,12.450075903597575,0.37518975899393786,1.0,9.904950141906738,3
575.4451147600471,70.07322006889848,569.9189524535444,34.0,40.0,-0.2216622608166278,2.4580698013305664,12.499357590463806,0.4983939761595124,1.0,9.361663818359375,3
632.3662147976311,35.70333135094694,627.2166243469231,24.0,40.0,-0.2012142336945892,3.032024945298287,13.5987403969765,0.4192729413530929,1.0,10.817900657653809,3
634.2796231256724,56.330710421953185,626.3543711498517,34.0,40.0,-0.2002040747031641,2.2063151724291172,12.635487864627539,0.8387196615688473,1.0,10.162633895874023,3
630.7281139435725,43.69567697171943,628.1430837151405,34.0,40.0,-0.2538063047202157,3.11257004737854,12.56590547981254,0.2624458187365966,1.0,10.741068473714853,3
600.452229753373,21.359990648910617,599.5109548461077,34.0,40.0,-0.27933084797483243,2.704014888714904,12.411125856506247,0.2778146412656211,1.0,9.755254745483398,3
405.0778469693238,44.257745229710736,403.1167065496369,34.0,40.0,-0.2598745336697729,3.1935181617736816,12.425537177723749,0.31384294430936865,1.0,9.577766418457031,3
685.2629696349194,53.59180097652262,684.0107984797578,24.0,40.0,-0.22871837715240967,2.4393157958984375,12.872903909238104,1.0099577033968217,1.0,8.943340027997099,3
472.5892225347002,40.0418722008566,472.4180551996294,34.0,40.0,-0.26656613477364566,2.517807748219738,12.408350993316393,0.2708774832909797,1.0,10.198049947915495,3
392.91670986638326,95.17487311739954,389.07205864080476,21.0,40.0,-0.208641047400913,3.3027801513671875,12.596406163906641,0.7410154097665967,1.0,9.755783081054688,3
422.06031868430944,41.685433776693,421.0619504635939,24.0,40.0,-0.2676431164195197,3.076371908187866,12.425599681178596,0.31399920294649253,1.0,9.159980773925781,3
427.1721627506127,104.88610864247048,418.1941409191178,24.0,40.0,-0.24683097343271848,3.0425937175750732,15.321889366894032,1.1132196135002739,1.0,10.072651863098145,3
631.586776350747,24.738558902635795,632.2437600188589,24.0,40.0,-0.2512618615548198,3.0340635776519775,12.517213882186226,0.5430347054655655,1.0,10.455626487731934,3
574.0696206632884,42.20532658548574,573.1254977114786,34.0,40.0,-0.24634272381535832,2.9719049930572514,12.365456923103295,0.16364230775823813,1.0,10.942817687988281,3
430.8344370860928,47.409216159503565,432.8708923002082,34.0,40.0,-0.27132614422361434,3.1596732139587402,12.545156194834316,0.6128904870857904,1.0,9.617621339709553,3
478.37913907284775,28.753517345184697,477.9398284811059,34.0,40.0,-0.28690878588744934,2.350760864613749,12.458023364206138,0.39505841051534013,1.0,10.068169593811035,3
355.15713572918946,55.737376639614126,355.02842661570025,21.0,40.0,-0.22302044580630814,3.22973178293037,12.376195842476104,0.19048960619025512,1.0,10.390067100524902,3
423.41001607029455,4.541458462028394,424.4133662118772,24.0,40.0,-0.25925520216940845,2.9225668907165527,12.400305730032123,0.25076432508030755,1.0,8.834316894708103,3
671.5258809502211,63.37692955819966,668.1563954197541,31.0,40.0,-0.2198849313275015,2.2363821931232684,13.426277095144385,0.565692737860964,4.0,9.848666191101072,3
478.88236285169984,76.54013385422634,465.6353538150209,21.0,40.0,-0.274086758849328,3.2550852298736572,12.271565919002901,1.0578853914600408,1.0,8.923816680908203,3
501.8343301667941,12.221458120601675,501.3219389026877,24.0,40.0,-0.21893825094369468,2.329037705399343,12.428349711356915,0.320874278392283,1.0,8.643584251403809,3
278.9559071292491,61.99419381059849,281.71509072491426,34.0,40.0,-0.26057906623699606,3.5444989426762565,12.420377738694336,0.30094434673583814,1.0,10.079187393188477,3
544.4536812638509,47.49055387076692,542.5843049861634,34.0,40.0,-0.03647454651311442,2.4093596935272217,13.086384512910403,0.3790407524746277,1.0,10.436075210571289,3
385.86230738326356,111.94027586667639,382.4429102479756,34.0,40.0,-0.2546365595968256,3.077588319778442,12.7562374337156,1.1405935842890045,1.0,10.088031768798828,3
392.68062881507655,76.49141396956927,397.7278555762308,21.0,10.0,-0.25712917407755737,3.913817882537842,5.484279273500043,2.480730972335662,4.0,9.879376411437988,3
620.3453234146783,63.96844822130794,614.066258983632,24.0,40.0,-0.24663482701540732,3.1128117268332764,13.036365659015733,0.5026757563831846,4.0,10.021720374656834,3
409.8562162232215,14.553779046005996,409.366864288983,24.0,40.0,-0.30399114108758,2.8090076912317854,12.362271865772744,0.1556796644318595,1.0,9.663472459805728,3
384.4013102474047,46.916195425762595,383.05090205667324,34.0,40.0,-0.26823165648736913,3.2736735343933105,12.37223032940128,0.1805758235031939,1.0,9.577766418457031,3
399.8179553142131,16.17231388536826,397.59244200798355,24.0,40.0,-0.2669862296165614,2.879400846184483,12.462233633257389,0.40558408314347183,1.0,9.373311893344328,3
488.69630059226824,35.993475327697766,487.5954361795441,34.0,40.0,-0.2673929214593026,2.6401119232177734,12.370425073901703,0.17606268475425818,1.0,10.320319175720215,3
657.2914684879668,70.16932397223253,659.0782495825617,34.0,40.0,-0.24907840033447676,2.6377477645874023,14.170470092152662,0.9215679806051668,1.0,9.712974548339844,3
368.6596143129303,100.16140370291748,367.773526829303,21.0,40.0,-0.268607955276843,3.2003350257873535,12.487770316983937,0.46942579245984317,1.0,9.6616792678833,3
527.0612906779331,18.789877648019374,524.7995957405113,24.0,40.0,-0.25123998352703797,2.419604778289795,12.457225115215012,0.39306278803752537,1.0,9.484565734863281,3
464.28291494407785,42.81149421984793,465.6039292870713,34.0,40.0,-0.255906681501174,2.5305469036102295,12.445245694836355,0.3631142370908895,1.0,10.230169296264648,3
472.5555397156595,29.685147710052107,470.7351948222001,24.0,40.0,-0.2764072840789362,2.0538277626037598,12.36703201491817,0.16758003729542098,1.0,7.703876972198486,3
633.0787088036703,41.31580788857849,643.8735365608866,24.0,40.0,-0.2595750842551887,3.0267128944396973,12.53776744378611,0.5944186094652731,1.0,9.833584559640308,3
573.8110638794208,23.887752253402937,572.5166689205981,21.0,40.0,-0.2301241086431875,2.6789021492004395,13.204864408791572,0.7871120982998479,4.0,10.111861279332704,3
621.5361452028872,81.39948841460941,632.2957877195714,34.0,40.0,-0.30268016289545224,2.4698054790496826,12.677826249630431,0.9445656240760762,1.0,9.227770805358887,3
497.3421741553375,81.09703883008756,501.3222916145377,31.0,40.0,-0.250389146114617,3.168232075155598,12.631012095255059,0.8275302381376493,1.0,10.219121932983398,3
596.2110360156037,53.574105882843085,592.3859569612692,24.0,40.0,-0.2419725802657078,2.403745174407959,13.120805459422165,0.36359511458096916,4.0,10.713662147521973,3
398.9655655058898,113.99391335106175,389.9289702775879,34.0,40.0,-0.1639616542064905,3.1367673873901367,12.738057125292174,1.095142813230436,1.0,10.088031768798828,3
679.7661512940474,63.30186783450557,675.9042047752819,34.0,40.0,-0.2937218952132763,2.5376200675964355,12.659643268387025,0.811045548658367,1.0,9.4887791516765,3
638.5245849587229,59.92687019255571,639.6505560298309,31.0,40.0,-0.22939980212657474,1.9829950508297673,12.726875457538569,1.0671886438464229,1.0,8.940997907560178,3
694.3000609116002,34.798623484355815,690.9199931553234,34.0,40.0,-0.2605005223819419,2.5740320682525635,12.495994852698193,0.4899871317454827,1.0,10.406839510699294,3
427.6325216106577,62.20137667381822,422.26608482168297,24.0,40.0,-0.2904845011026329,3.607027298567315,12.587774324145585,0.7194358103639602,1.0,10.220229148864748,3
459.19356281022795,29.40506973697587,458.2385819795116,34.0,40.0,-0.27227115904944543,2.4940259180321602,12.442524861370341,0.3563121534258563,1.0,8.914020538330078,3
533.0488912792732,81.56198322944024,525.8345536618493,24.0,40.0,-0.2795232320726155,3.3419642448425293,12.485111656654231,0.4627791416355788,1.0,9.923031935719834,3
466.85022226254216,12.438408726329172,465.4451740039604,31.0,40.0,-0.26338001979702685,2.5777515386114067,12.494900916674538,0.4872522916863444,1.0,10.560352325439455,3
588.5610735993571,64.09043913065435,588.3556813815153,34.0,40.0,-0.27032699471299526,1.9910385608673096,12.587647529864617,0.7191188246615396,1.0,8.751410484313965,3
658.491128938194,58.18334127920947,653.2388101911638,21.0,40.0,-0.22394287651601846,1.997315768626338,12.860220722612913,1.4005518065322833,1.0,9.380496025085451,3
483.73755524163795,58.70531599896954,485.8984304193699,31.0,10.0,-0.32974320635742527,3.4076392271660847,5.292970448000026,0.9467960737334722,4.0,10.205185890197754,3
384.5430236777647,42.22110172666284,381.5266078376926,24.0,40.0,-0.30580186213786886,3.4929506305037754,12.404953831446958,0.2623845786173922,1.0,9.880780220031738,3
569.6573301279144,58.16174792114745,573.9592098734865,21.0,40.0,-0.2385412043160424,2.154329776763916,12.540034509646551,0.6000862741163744,1.0,8.886907577514648,3
627.9833270693742,46.2720158042555,627.6744527940491,24.0,40.0,-0.25588431732679756,3.109071969985962,12.507552477306144,0.5188811932653573,1.0,10.246079444885256,3
562.6878442477416,70.99795481539235,567.2583650939579,24.0,40.0,-0.246799081798299,2.419991970062256,12.467843746681597,0.4196093667039894,1.0,9.611136436462402,3
510.74016342452745,13.643127390302354,510.68892242423266,31.0,40.0,-0.24687495270723211,2.6103616805925762,12.601537826290174,0.753844565725439,1.0,11.280733108520508,3
340.4671595754333,98.00329080810917,338.4904608578992,34.0,40.0,-0.19240737602332353,3.391887903213501,14.156971166853833,0.019820641439327685,1.0,10.22373104095459,3
529.1160074389907,32.108569968447384,518.8920628863119,34.0,40.0,-0.22489589585410621,2.6345333459101945,12.75133119728361,0.9816906051503096,1.0,10.320319175720215,3
585.5626935887301,50.33414318715892,587.8389918167312,34.0,40.0,-0.27216302646712615,2.324756145477295,12.493095341432142,0.4827383535803533,1.0,8.269965171813965,3
417.60682209924687,48.03416152160886,417.6178393687338,24.0,40.0,-0.29697156587811235,3.569483429347608,12.416732823105608,0.29183205776402077,1.0,10.804353713989258,3
670.4604657793445,23.729439798200225,673.4717368965387,24.0,40.0,-0.24380863600043184,2.8658461570739746,12.473707853060851,0.4342696326521249,1.0,10.752543171324628,3
599.58604735553,24.5344698014973,603.8061250681286,31.0,40.0,-0.2008979107924686,2.632939577102661,12.76653875780659,1.1663468945164719,1.0,11.115530014038086,3
476.6030378040722,26.095425165450777,476.35925480685427,34.0,40.0,-0.2451160211337725,2.741220235824585,12.507737409826575,0.5193435245664324,1.0,8.948896318499145,3
526.9443890048083,35.220856991787024,529.1040010103609,34.0,40.0,-0.23639856143578725,2.4904630184173584,12.472971074022897,0.43242768505724466,1.0,10.036569595336914,3
425.6853203042987,26.799365439379596,426.68902001198177,24.0,40.0,-0.2899547512854078,2.56293075191998,12.442575314852153,0.35643828713038517,1.0,9.05467414855957,3
419.9206853203069,81.61651524803662,425.43056190647025,21.0,10.0,-0.31280303457721914,3.975850105285645,7.057795971063095,1.5493058320656838,4.0,10.069175944423039,3
647.0426672801026,73.63120443416025,649.2236512274206,34.0,40.0,-0.27724576210508617,2.4394743442535396,12.470078777952242,0.4251969448806016,1.0,9.372742652893066,3
376.1605474268091,90.66594049706337,374.5058389301489,34.0,40.0,-0.2738841555177289,3.2612199783325195,12.417165175810712,0.29291293952678066,1.0,9.374706268310545,3
367.3940397350997,100.66687665976102,367.3269648550519,21.0,40.0,-0.28289116731349334,3.337561845779419,12.582964540553576,0.7074113513839363,1.0,9.70183277130127,3
370.84525861510326,93.84050347713973,372.53508329273404,34.0,40.0,-0.2532843638688638,3.244441032409668,12.453483056115173,0.38370764028793264,1.0,10.152869085602411,3
475.99422959785375,11.733443708609272,473.0068887489162,34.0,40.0,-0.2255347636165671,2.3473780155181885,12.443643112851234,0.3591077821280841,1.0,8.481527328491211,3
614.1618434183073,64.3947381403313,624.515420568495,21.0,40.0,-0.2525178632091231,2.6136132201103313,13.832405623570557,1.5810140589263941,4.0,10.206391334533691,3
626.0753554256685,12.812018223151021,627.4281317822025,24.0,40.0,-0.24208646993244326,2.75371445181785,12.453670765540394,0.38417691385098995,1.0,9.759601593017578,3
628.226759632457,67.14175470985575,629.1981950068916,34.0,40.0,-0.22280868383381117,2.049302339553833,12.613781207614906,0.7844530190372634,1.0,9.507048606872559,3
398.38423879939353,56.81819427705996,395.6728078825082,24.0,40.0,-0.26146447045187116,3.267317771911621,12.387949374537735,0.21987343634433548,1.0,9.557971000671387,3
619.185521182981,48.79105338197778,622.1145029648274,24.0,40.0,-0.26119370696059807,3.119382381439209,12.47210159795058,0.4302539948764475,1.0,11.012135076207048,3
362.0974780005446,76.01088103314419,360.3039219152105,34.0,40.0,-0.27966669194415894,3.256856918334961,12.590980618099852,0.7274515452496261,1.0,10.152543816345416,3
503.3180881533417,39.67878839766388,501.83062054389416,34.0,40.0,-0.23222416005631308,2.4653896701256963,12.430545013370038,0.32636253342509014,1.0,10.309370040893555,3
403.3757338551859,50.251562143257374,403.55978434212625,41.0,40.0,-0.30846665294325154,3.6567209366931044,12.404658251838706,0.261645629596761,1.0,10.80435371398926,3
431.89416933424945,96.88567570640289,428.56261425473474,21.0,40.0,-0.24772565359967172,3.349053382873535,12.803270926095436,1.2581773152385907,1.0,9.367818832397461,3
402.6249659802231,30.541420135356613,403.3148800651704,24.0,40.0,-0.2834721458219934,3.0376239806524516,12.347185231211947,0.11796307802986838,1.0,9.742760364583,3
457.9704837936259,18.75078195092228,442.5158537944291,31.0,40.0,-0.2723449770104294,3.091526746749878,12.739054994495934,1.0976374862398293,1.0,10.158910751342772,3
494.7820984694343,16.718804512964216,494.13952223841,31.0,40.0,-0.2375347354424695,2.603194236755371,12.57953508385555,0.6988377096388743,1.0,10.652761459350586,3
458.83913181529533,32.77884816729901,459.4441596232514,34.0,40.0,-0.21464822821675242,2.4504386506333256,13.772892017468026,0.34199825559052555,1.0,9.103961944580076,3
287.73978434701485,70.86551882522264,290.40883621227897,34.0,40.0,-0.2543274823097418,3.6519267727017652,12.777681312181116,0.9080799474218897,1.0,10.417023658752441,3
393.9153555552676,33.65814364850017,395.7649512336253,34.0,40.0,-0.2756811101714491,3.2302337901232994,12.360792609843655,0.1519815246091361,1.0,10.63396167755127,3
513.783128782675,40.04681201428207,508.70036022789276,34.0,40.0,-0.22767829763834616,2.4772706031799316,12.775865404045138,0.4880493527017338,1.0,10.309370040893555,3
494.2755990720701,29.223481277459882,495.9162531001756,24.0,40.0,-0.22693989302842965,1.8762980952168142,12.437685465000895,0.344213662502233,1.0,8.706304610170276,3
536.5562525109837,14.528273681478051,531.4839479955601,24.0,40.0,-0.2235778442004348,2.3874354362487793,12.839994230315172,1.15255180095348,1.0,9.264931678771973,3
535.8866655434745,62.82437948317292,531.2120342142172,24.0,40.0,-0.27155305765576565,3.325195074081421,13.27279785231708,0.9009515844350466,4.0,10.335772514343262,3
645.1832078381567,8.792984792682942,645.6106055527871,24.0,40.0,-0.22261360041817727,2.734401436830988,12.583795028534073,0.5055730290145759,1.0,10.023112297058105,3
287.6401064009018,78.12948768220834,287.11087842271286,34.0,40.0,-0.22438167738798703,3.6241068840026855,12.498178334686592,0.4954458367164781,1.0,10.417023658752441,3
558.1318055753554,48.107717332072085,560.8335528979892,34.0,40.0,-0.23605246888844733,2.953505516052246,12.357770936696657,0.1444273417416367,1.0,9.70950984954834,3
476.01790412254894,99.60891868747674,475.60311332391467,21.0,40.0,-0.25880816472167484,3.1046669240567084,12.767874519445446,0.7283963334757865,1.0,10.042254447937012,3
547.7840197768303,26.03125578300223,543.0891132273412,34.0,40.0,-0.28803588198718433,2.6709597110748295,12.572833813443697,0.6820845336092392,1.0,10.30778179429982,3
453.64651183888236,30.47006515089276,455.7828029531171,24.0,40.0,-0.26779096340536696,2.436398068519488,12.442263742668446,0.3556593566711185,1.0,8.664637565612793,3
615.2058876893764,28.645820503331798,614.5833646657838,24.0,40.0,-0.2617214821454119,2.9125072956085205,12.459614195900347,0.3990354897508659,1.0,9.698505401611328,3
401.36163346768456,62.99572165174952,404.3248837456508,34.0,40.0,-0.2891072637757258,3.1638673508937094,12.51459398880392,0.5364849720097977,1.0,9.392191886901855,3
363.6308497816255,45.040522625393706,361.8481426569508,34.0,40.0,-0.2572658692369795,3.4196271896362305,12.39276403305256,0.23191008263139953,1.0,10.090509073623751,3
499.5072737522838,62.58870123321114,504.1065489801522,21.0,30.0,-0.2696012426854023,3.20468844049024,10.778564933642452,0.9710151127116937,1.0,9.715479850769043,3
686.9732766553052,61.70873863512401,680.5964432774201,31.0,40.0,-0.22577706197917916,2.059979972460412,12.402723892769476,0.2568097319236864,1.0,9.62781047821045,3
380.61909189875695,45.85664296873246,378.14446074990946,41.0,40.0,-0.26758051187389426,3.351648569107055,12.365776395734331,0.1644409893358224,1.0,9.764145851135254,3
496.760967328054,83.05915113206188,499.4303715221216,31.0,40.0,-0.1912514870646369,3.1979525089263916,12.52005473580929,0.5501368395232232,1.0,10.221318244934082,3
435.74945892354935,18.261112699987198,435.6467162862081,24.0,40.0,-0.1764119037827324,3.0253851413726807,12.430753647992963,0.3016900452555431,1.0,9.79703426361084,3
386.5526302147464,73.11885888860125,385.8267566364859,24.0,40.0,-0.2383808804973166,3.3817555904388428,12.574990992496584,0.6874774812414622,1.0,9.900646209716797,3
408.7965617345548,68.64988911722416,409.0319287021808,21.0,40.0,-0.29124926854341143,3.2434332370758057,12.572378539405634,0.6809463485140882,1.0,9.715479850769043,3
421.70523645364887,4.548013245033132,421.50389238408144,24.0,40.0,-0.3067611521534915,2.714095115661621,12.41176440205928,0.27941100514820166,1.0,10.022890090942383,3
411.91203133707427,33.99549535586125,415.4674858381684,34.0,40.0,-0.30071011283788557,2.9515705742594194,12.425902035581062,0.3147550889526528,1.0,8.99413013458252,3
603.6659711512292,68.73040582200976,601.4500721458471,34.0,40.0,-0.18748859003636384,2.421586946146378,12.49047453791176,0.47618634477940497,1.0,9.361663818359375,3
412.2568007153873,52.971730852461704,413.26354381693625,24.0,40.0,-0.28846118274207333,3.2210006713867188,12.377872340240907,0.19468085060226645,1.0,9.506557464599608,3
472.56217519213084,99.63397601948952,469.76781711100557,21.0,40.0,-0.28261354988181386,3.2523822784423824,12.598745592789815,0.7414402575541706,1.0,10.488795280456543,3
479.16678438589446,24.967842632604093,476.7199709824506,24.0,40.0,-0.2378050083597779,2.5563143892278997,12.437847433662295,0.3446185841557353,1.0,9.757745642018179,3
522.7763831469266,42.32428796133746,529.672823979175,34.0,40.0,-0.23240044584413558,2.36578701340289,12.532287044285898,0.5807176107147421,1.0,9.966723442077637,3
343.1804538562227,96.47003263281857,341.4640632892702,24.0,40.0,-0.23343496910072828,3.391887903213501,12.348647037865831,0.12161759466457588,1.0,10.22373104095459,3
379.7695889114968,46.82420305527136,381.053788093449,24.0,40.0,-0.22897520874449834,3.3461329936981206,12.350615145848789,0.12653786462197186,1.0,9.577766418457031,3
423.4405107502493,9.29121693627149,423.6515256634744,34.0,40.0,-0.2835003843805751,2.724108934402466,12.43657758205411,0.34144395513527337,1.0,8.127460479736328,3
440.0025984629541,31.381270367456654,435.02302236032097,34.0,40.0,-0.25563440109106184,2.9534576002335706,12.424985545624212,0.31246386406052806,1.0,9.4556884765625,3
574.7557444823161,43.661852217870695,572.6699879959577,41.0,40.0,-0.2602968419407423,2.9230690002441406,12.411582983472966,0.2789574586824114,1.0,10.920249966959197,3
641.8528272054541,45.91915185760723,650.4191045516019,21.0,40.0,-0.24540556896751115,2.470592737197876,12.63524391703126,0.8381097925781432,1.0,10.134450912475584,3
386.062440870388,77.14136249138537,386.85064998976776,34.0,40.0,-0.2468794610213872,3.2218353748321533,12.588772849734363,0.7219321243359063,1.0,9.935107231140137,3
664.2717564572774,66.90536893668471,664.2262321716687,31.0,30.0,-0.20096096309620456,2.4723381996154785,10.691794668791555,1.0886447959015968,4.0,9.848243713378906,3
459.3451160560387,38.26821192052981,459.5295389065936,24.0,40.0,-0.27561215087069424,2.491870403289795,12.447186247269604,0.3679656181740088,1.0,9.386687278747557,3
583.4319377664882,62.006043592445934,581.7148654414837,34.0,40.0,-0.2124771297800584,3.120518922805786,12.521671523293968,0.554178808234917,1.0,10.129119873046875,3
388.47434584829136,44.43659708948341,387.2645084544596,34.0,40.0,-0.2515882031181432,3.396681547164917,12.366650380107561,0.16662595026890384,1.0,10.610541343688965,3
613.6426562641749,100.35602402098546,609.0042006450999,24.0,40.0,-0.27464723095802424,2.4536120575784843,13.432690840725567,0.5817271018139153,4.0,9.761359429517341,3
385.0818289032024,47.25656965062895,384.41183952930436,34.0,40.0,-0.29132890436220493,3.1058788299560547,12.328987901967784,0.07246975491945853,1.0,9.313179969787598,3
482.19443760448974,79.68239182716395,482.6874000281467,31.0,40.0,-0.2479322537629374,3.2056937217712402,12.664159702510652,0.9103992562766244,1.0,9.222132682800295,3
414.61658739518623,79.67786405252123,408.29885705205334,24.0,40.0,-0.2790229406708789,3.192935350385858,13.055983982349915,0.7811582296141677,4.0,9.338278770446777,3
440.63823693316573,5.521649636069215,438.49158605798357,24.0,40.0,-0.2832640875223345,2.6759555339813232,12.431504434319578,0.3287610857989396,1.0,10.323919296264648,3
382.0358989645026,54.75833910671823,384.53109139805673,24.0,40.0,-0.26858870998994133,3.3442330360412598,12.438769345072524,0.34692336268131163,1.0,9.052720069885254,3
570.5933891473676,37.11767197653431,572.0795663052572,24.0,40.0,-0.22960967067413565,2.793883279459367,12.600162790264903,0.750406975662252,1.0,10.419346809387207,3
378.4968701805314,53.598281661469784,375.5213423712244,34.0,40.0,-0.2288926620494967,3.2170789241790767,12.383519471516832,0.20879867879207892,1.0,10.181324005126953,3
387.20288746905817,84.10991427557408,384.65844574292987,24.0,40.0,-0.24533924975089275,3.1896758079528804,12.519008875405492,0.547522188513729,1.0,9.371383666992188,3
596.2745752387865,45.3257161234051,598.5873841366674,24.0,40.0,-0.27367771307491684,2.971904993057251,12.66868575763925,0.9217143940981256,1.0,10.699795043631775,3
418.0011728723059,39.088937783866136,417.3537617186298,24.0,40.0,-0.2784858063595075,3.275723934173584,12.395406900843502,0.2385172521087508,1.0,10.828483581542969,3
480.0911665219476,35.57634927532038,478.32837411519074,34.0,40.0,-0.28454551388679156,2.5023383908713894,12.406426042394703,0.2660651059867578,1.0,9.386687278747559,3
542.3730381928697,40.66248127968201,547.3350635283896,34.0,40.0,-0.23223255438033674,2.796662422075666,12.483213191558866,0.4580329788971645,1.0,10.419346809387207,3
653.4590985083139,82.09565300425484,652.0844100058505,24.0,40.0,-0.26358302145094836,2.4438602980335635,13.10642288007708,0.5806364565527695,4.0,8.701611518859863,3
632.7071577610452,54.48578606237836,633.0567235925026,34.0,40.0,-0.2474564219558247,3.103017568588257,12.464585385185874,0.41146346296468556,1.0,10.787158012390137,3
420.0415332875414,37.75839591956672,419.3740783247251,24.0,40.0,-0.2528524481869942,3.1010754108428955,12.402982025201464,0.2574550630036548,1.0,9.453293958988676,3
510.6539346301889,27.348230942218674,503.39212293942893,24.0,40.0,-0.22733764372709692,2.410885810852051,12.489996527264047,0.47499131816011386,1.0,8.637601852416992,3
593.8872681795208,73.92429192603555,599.93838743619,24.0,40.0,-0.20278660349184896,2.176826238632202,12.620509957165128,0.8012748929128164,1.0,9.466930389404297,3
672.1080889309367,8.664557174938636,671.1071284356383,24.0,40.0,-0.29174595664527464,2.703044891357422,12.46312070763833,0.407801769095824,1.0,10.341493606567383,3
668.0469019323233,19.61980491689026,667.8909129970119,21.0,40.0,-0.223706104654853,3.0295591354370117,12.515558075612173,0.53889518903043,1.0,9.880134582519531,3
421.28952450071876,73.49467150629103,418.40317499884014,21.0,40.0,-0.263018507883382,3.1503703594207764,12.19279218601772,0.6865997027420314,1.0,9.054262161254885,3
369.6749912520574,64.42943467694609,369.8592640155999,34.0,40.0,-0.22281437816503907,3.263591897934747,12.36651432027839,0.1662858006959753,1.0,9.374334335327148,3
372.0203081867783,52.815363232357065,369.94516870992527,34.0,40.0,-0.2747196905389563,3.348029304813867,12.385288202249567,0.21322050562391742,1.0,10.205185890197754,3
427.5937520249867,14.435833958385322,427.535941808001,21.0,40.0,-0.3202079850143031,2.6556034400738384,12.411366041372528,0.27841510343131926,1.0,8.96243190765381,3
418.4034680732496,41.345866941091025,418.4837577836535,24.0,50.0,-0.21037957444415237,3.0789641686622673,15.466010567034514,0.4150264175862847,1.0,9.159980773925781,3
396.4290444654684,39.226083192469815,395.29709485215517,24.0,40.0,-0.27214704570250325,3.4324216842651367,12.411711935665151,0.279279839162875,1.0,10.776034355163576,3
451.7071448011301,15.871805492375557,451.9181411926481,34.0,40.0,-0.23701968437259394,2.742940664291382,12.43245066402427,0.33112666006067293,1.0,9.596631050109863,3
581.0124803981299,24.297457802149587,579.3824979024944,21.0,40.0,-0.23628050721265884,2.670959711074829,12.581392851301032,1.119884196655282,1.0,10.406181335449219,3
628.2427327276732,78.14523438162864,627.5571381270587,34.0,40.0,-0.29383334243271025,2.3990575027287226,12.4015320443056,0.25383011076399736,1.0,8.701611518859863,3
407.551658221122,32.04696673189824,404.24137507552723,24.0,40.0,-0.31891972131486235,3.5098354816436768,12.417961315803444,0.2949032895086042,1.0,10.929823875427246,3
456.35361776026735,56.26117995714034,451.8346875807065,34.0,40.0,-0.2799676328368722,3.4302130037585616,12.493813729977784,0.4845343249444605,1.0,10.830222129821777,3
443.9654683065279,16.700693640695036,443.6716836715823,34.0,40.0,-0.23214744529692427,2.7598922196666322,12.438827275079884,0.3470681876997038,1.0,9.633099796201591,3
478.14047251850036,56.7219375713488,490.00630473276146,21.0,10.0,-0.3000381198781932,3.4644615650177,8.753342051941551,0.9479343862142533,4.0,10.796072798848948,3
645.2166508987704,58.66898355956384,648.109871047786,31.0,40.0,-0.2040241857745679,1.9931446995053974,12.842751571719331,1.3568789292983292,1.0,9.38049602508545,3
716.3855898705303,32.92902763299292,713.6128080612291,24.0,40.0,-0.22627912445970338,2.736586332321167,12.478761156721909,0.4469028918047684,1.0,10.137799263000488,3
706.8964632392011,56.549714893821765,687.0944778510212,31.0,40.0,-0.2010770372178247,1.973034381866455,12.607612869619208,0.769032174048018,1.0,9.38049602508545,3
623.1953188787082,63.727543434657804,626.1283412199737,34.0,40.0,-0.2591015053701171,2.430630974422227,13.406171726684168,0.7674575434052537,4.0,9.449698448181152,3
621.0687264291547,53.614228612467045,618.4337792963292,24.0,40.0,-0.23148508625330466,3.092051249860929,12.487793262866688,0.4694831571667133,1.0,10.94886316012028,3
393.3026010549371,42.473556829205926,391.4245169948293,34.0,40.0,-0.27856792398880026,3.2176698944656748,12.399846064426272,0.2496151610656796,1.0,9.577766418457031,3
463.09033384740997,41.100655009195876,466.04900715518306,34.0,40.0,-0.14865667481894393,2.5305469036102295,12.395531973361855,0.2388299334046397,1.0,10.230169296264647,3
270.28984849859427,49.23483569082259,269.4820134885729,24.0,40.0,-0.25761452590769995,3.4669997202639538,12.494642833720912,0.4866070843022782,1.0,10.34437370300293,3
477.29807804460813,9.100039516602383,474.38118927460346,24.0,40.0,-0.25601855687180686,2.274603843688965,12.40796718628342,0.2699179657085486,1.0,8.740571691500428,3
533.1363156257695,37.927246345846946,532.3909374439805,34.0,40.0,-0.2347254237499413,2.5675075054168697,12.427277514828242,0.318193787070603,1.0,8.865315437316896,3
511.5591717318336,40.810989476717474,506.27515494284745,34.0,40.0,-0.258585095259823,2.64824891090393,12.58945982696245,0.7236495674061229,1.0,8.865315437316895,3
384.1283225982037,43.135113993050894,387.0874202305724,34.0,40.0,-0.2008619677577193,3.1154120425655423,12.373396156085207,0.1834903902130139,1.0,9.502778808012692,3
493.12827723850137,30.342536719557494,492.24192990982453,34.0,40.0,-0.2197214954482078,2.056936025619507,12.380989840743785,0.20247460185946153,1.0,9.068406105041504,3
385.23914931118054,44.60021507058688,383.4907448195714,24.0,40.0,-0.2825352391207926,3.395280531474522,12.473948814535886,0.43487203633970994,1.0,9.764145851135252,3
479.32935679941875,83.61936474159958,479.95815493806754,21.0,40.0,-0.23557111885725412,3.166198253631592,12.560818586540472,0.6520464663511811,1.0,10.219121932983397,3
460.2472557380024,25.901818321828916,461.9304552050932,24.0,40.0,-0.28126721446793046,2.47136909901046,12.458646723250729,0.39661680812682554,1.0,9.417469024658203,3
561.3731256722963,27.37605180797018,557.4997541794671,34.0,40.0,-0.2345334479549537,2.5815157890319824,12.499048584524125,0.4976214613103127,1.0,10.565709114074707,3
538.9537881831498,55.932554859537426,538.0266419418112,34.0,40.0,-0.2363600597768814,2.5176494121551514,12.30565270748463,0.014131768711574814,1.0,10.03148365020752,3
507.73869247417736,41.49375387819089,507.4117144078668,24.0,40.0,-0.26413380900364763,2.6482489109039307,12.604668864735887,0.7616721618397155,1.0,8.782048510945243,3
596.2904673345344,43.62344341196937,591.7662756070725,34.0,40.0,-0.3164595143050681,2.9906513690948486,12.458787124568698,0.396967811421737,1.0,10.352128028869629,3
361.21521234820676,48.776081240749576,359.5362665692004,41.0,40.0,-0.2473737739959408,3.261298418045044,12.397447663698612,0.24361915924652489,1.0,10.236612319946289,3
370.94421080597726,63.759314537153756,365.99945835273667,34.0,40.0,-0.2370768206512961,3.2538223628365217,16.251200877326838,0.3552834623526486,1.0,8.840418815612793,3
422.5225048923679,20.812824667822284,422.00159673920314,24.0,40.0,-0.26596796851013726,2.7010506365863782,12.410334736926053,0.27583684231513667,1.0,9.421233177185059,3
406.4511735203016,12.824171109909715,408.75078551805495,24.0,40.0,-0.26416270902809763,2.831998030870957,12.359461446840841,0.14865361710210212,1.0,9.663472459805728,3
446.56334482445806,21.840301564962473,448.26210356678837,34.0,40.0,-0.3374355664764435,3.2084430472491547,12.460496797819353,0.40124199454837906,1.0,11.008800506591797,3
566.4465241508015,55.559098789399954,560.4352183444378,31.0,40.0,-0.26029551381423205,2.331352472305298,12.563166184092172,0.6579154602304235,1.0,10.626689910888672,3
708.8076359819079,48.384151967074814,711.717448079483,34.0,40.0,-0.2526090521486052,2.560051735133341,12.437839696157377,0.3445992403934444,1.0,11.28811264038086,3
437.11146174881094,33.23228505653023,436.61040398592576,24.0,40.0,-0.2521631291785231,2.9613142013549805,13.23905593756451,0.26650429616041915,4.0,9.4556884765625,3
488.55395536605266,8.773969304131992,489.68425893015416,41.0,40.0,-0.24092446939089862,2.6081626415252686,12.949928142894986,0.23712693050638578,1.0,10.313152313232422,3
418.38347092443075,22.662215980474897,422.2088750787151,24.0,40.0,-0.2885857369947767,2.8728914946725923,12.41037913946516,0.27594784866289496,1.0,9.627501487731935,3
461.3876440170552,18.64207895602598,463.49139820447465,34.0,40.0,-0.2576857654071749,2.50978422164917,12.450337396431726,0.37584349107931436,1.0,9.5737886428833,3
523.7243166884825,29.96787386631974,524.068027836423,34.0,40.0,-0.23808633703427273,2.2157626152038574,12.399818047435142,0.24954511858785078,1.0,9.523818016052246,3
370.9130195305919,39.51298697892352,372.13214341937334,34.0,40.0,-0.2803219001997497,3.4446451663970947,12.37235104301395,0.18087760753487156,1.0,10.481391906738281,3
525.792894078615,50.58885241840423,523.5495684913884,34.0,40.0,-0.22642712042413818,2.3863258361816406,12.441944006792903,0.3548600169822537,1.0,10.006969451904297,3
745.1754513290394,60.64720416063956,743.4241591076948,34.0,40.0,-0.27059934610234054,2.5335638523101807,12.508403241425787,0.5210081035644645,1.0,9.952329635620117,3
522.2620235611255,20.74478359337604,519.592356282722,34.0,40.0,-0.25084387131451574,2.492048978805542,13.068470557187192,0.5047727045761398,1.0,9.484565734863281,3
465.1789764259145,12.898623342962807,466.31896852521527,34.0,40.0,-0.2621372381322242,2.566099461340747,12.44889191624108,0.37222979060269734,1.0,10.560352325439453,3
383.19966369020625,66.60060297462756,381.2052327455898,34.0,40.0,-0.24498968194796525,3.3734967055386065,12.700953252041515,1.00238313010378,1.0,10.251556396484375,3
616.8727336348672,28.58082643173907,616.0858252833044,24.0,40.0,-0.2577003570515475,2.9125072956085205,12.496600337125589,0.4915008428139704,1.0,9.631296557223028,3
515.4585282720548,30.886674852226086,520.8622901546614,34.0,40.0,-0.2825875567622017,2.374619483947754,12.821443687838475,1.0958674523821599,1.0,9.834239959716797,3
381.780225761719,37.12557290890671,380.54658663081744,34.0,40.0,-0.29903419118738306,3.449202341749179,12.389955924478485,0.22488981119620888,1.0,10.929823875427246,3
483.44175166210914,26.014535270403467,481.8178951938605,34.0,40.0,-0.24939033435121122,2.002769640344658,12.371138469258756,0.17784617314688786,1.0,9.08659839630127,3
617.5231561280957,72.37643148011412,616.2072859862095,24.0,40.0,-0.20096995263926382,2.4408950232335993,12.547202281176002,0.38332027247645034,1.0,9.044301479063389,3
430.63756949754423,8.148055929072072,430.803854585984,24.0,40.0,-0.27473900703765297,2.76081447175007,12.453256192012256,0.38314048003064183,1.0,9.451825141906738,3
614.514197586864,40.63367811419703,616.0169287370727,24.0,40.0,-0.277742097844537,3.0680279652803937,12.58584656356889,0.4308914701578206,1.0,10.817900657653809,3
536.3813714182035,7.355921166535687,533.3354703660186,24.0,40.0,-0.2665195983448847,2.8169679641723633,12.440120840732634,0.35030210183158267,1.0,10.160559654235842,3
403.7542670520083,17.60109836411327,405.96889807122096,34.0,40.0,-0.28743181977386273,2.7578992985731743,12.3445119482366,0.11127987059149462,1.0,9.140545845031738,3
459.1855665426835,24.869230267041708,462.71029610345323,34.0,40.0,-0.26922106551102565,2.423822641372681,12.436774943611221,0.3419373590280509,1.0,9.596642547885317,3
430.3468721245188,39.22516520117113,428.10265889504393,24.0,40.0,-0.22187832263900825,3.096342297579279,12.46554122341631,0.4138530585407687,1.0,9.627983093261719,3
603.801087984863,49.72060241140097,601.7845293548497,24.0,40.0,-0.3164639398949043,2.9730480265933164,12.507664837102451,0.519162092756128,1.0,10.787158012390137,3
712.5726921631391,18.849161608542,716.862506909515,11.0,20.0,-0.2207772019114591,2.9885430335998535,10.556410845502885,0.8433022268324368,4.0,9.13681697845459,3
611.3831663664287,79.00885416356701,611.5775067755108,34.0,40.0,-0.3085017110583922,2.439169406890869,12.45507041971528,0.38767604928819904,1.0,9.031515121459961,3
576.9068182112724,29.49461524172197,579.7994855432653,34.0,40.0,-0.23991199953630235,2.543146133422852,12.476854696603464,0.4421367415086576,1.0,9.151579856872559,3
358.2181736887806,90.23391293916299,355.46107011388835,24.0,40.0,-0.28048373578768393,3.2292351722717285,12.38366459261138,0.209161481528448,1.0,10.076268196105957,3
657.9327769209833,85.43345647366911,653.5533044166707,31.0,40.0,-0.25725400052794073,2.506922960281372,13.494844331065195,0.7371108276629913,4.0,9.54429054260254,3
600.4238410596028,40.356930094460694,600.7420240897026,34.0,40.0,-0.25141875194910523,3.016378898889023,12.37832712570184,0.19581781425459654,1.0,10.844215762591874,3
402.23396534518736,59.104255509618824,402.3300378040341,24.0,40.0,-0.23559625428952352,3.33164644241333,12.371090972343795,0.177727430859487,1.0,9.50655746459961,3
397.1013983748268,54.15445824245685,396.08751039696216,34.0,40.0,-0.25586920486853443,3.326615333557129,12.43757130837679,0.3439282709419682,1.0,9.642560302027018,3
669.485258096707,52.01191366802727,668.7594380033088,21.0,40.0,-0.2545158801052681,2.4255592823028564,12.730462469467287,1.0761561736682168,1.0,10.227864265441895,3
528.8891473671931,40.15284676570808,527.3191866497049,34.0,40.0,-0.22955123520139586,2.527393948075356,12.541105464277539,0.6027636606938498,1.0,10.753582000732422,3
706.5892354946153,38.905183341368456,704.1322145324971,41.0,40.0,-0.2832064231531596,2.5541188716888428,12.446392186041567,0.365980465103911,1.0,10.695342063903809,3
509.91998548489534,36.41804257271727,514.724815644814,34.0,40.0,-0.2603513323744593,2.611177444458008,12.438391940299887,0.3459798507497199,1.0,9.674288749694824,3
637.0728476821193,58.10507710488283,635.2071765333048,34.0,40.0,-0.1865682863298193,1.9931446995053972,12.671074057053936,0.9276851426348391,1.0,9.38049602508545,3
639.87825455865,84.44490791063997,638.0361220373557,34.0,40.0,-0.26542686301632556,2.4730312824249268,13.359790640308603,0.3994766007715118,4.0,8.701611518859863,3
526.2983502028226,33.33594026320963,527.2160106659973,34.0,40.0,-0.2466358349826648,2.430511951446533,12.50195149580401,0.5048787395100155,1.0,9.834239959716797,3
458.19360168997275,51.59492052913406,455.1294909607613,21.0,40.0,-0.31043389667442484,3.165308952331543,13.467637819818956,0.9633826290175986,4.0,9.57003402709961,3
394.7530747398298,39.47266681777199,393.64170122823305,24.0,40.0,-0.2916900281536199,3.4324216842651367,12.43799454579403,0.3449863644850698,1.0,10.776034355163574,3
589.9232060237682,44.1225462637242,588.9344516087278,34.0,40.0,-0.24820616924318234,2.8757309913635254,12.513466270469792,0.5336656761744765,1.0,9.894444465637207,3
269.90911211622466,60.57915328084863,271.2521494791026,34.0,40.0,-0.25522466791187653,3.4976158142089844,12.406061272718928,0.2651531817973196,1.0,10.079187393188477,3
322.4204131620897,79.43125833962404,317.9759356404452,34.0,40.0,-0.2839274083310363,3.7860647055034296,12.55125405268286,0.6281351317071499,1.0,10.180872917175293,3
462.05433444356566,12.737128719404495,463.6109609786922,31.0,40.0,-0.2446624254207356,2.7866218232161177,12.49875885059099,0.49689712647747253,1.0,10.995191586728142,3
722.5061948393619,40.03400758664507,722.7967165701018,24.0,40.0,-0.2029090930907656,2.553799105795804,12.480375150104354,0.45093787526088214,1.0,10.227864265441895,3
651.4658311841473,10.377258344366776,651.9490325682915,24.0,40.0,-0.17842655036868882,2.6303778455215454,12.43924436394203,0.3481109098550749,1.0,10.023112297058105,3
347.30019699070783,77.23324316399332,347.33376549212943,34.0,40.0,-0.3317017644499728,3.828023562368181,12.445468529783748,0.36367132445936695,1.0,10.07460308074951,3
443.3468235248373,63.44264703643252,441.4635419039363,24.0,40.0,-0.27245168687000315,3.1333365440368652,12.702249542366555,1.005623855916383,1.0,9.715479850769043,3
557.5370588768936,24.17084140820797,553.6136454177575,34.0,40.0,-0.23888871612762924,2.499034739488008,12.46972275263037,0.4243068815759224,1.0,10.498456001281738,3
373.3992820207099,65.60693205542859,373.30558643955834,34.0,40.0,-0.247475520745169,3.228396558948226,12.38980236543001,0.22450591357502553,1.0,9.557971000671387,3
590.829428078952,43.54856010268975,591.4364868809528,24.0,40.0,-0.260086282500266,2.8757309913635254,12.458455450566323,0.3961386264158088,1.0,9.894444465637207,3
434.6677855393269,22.127319365828633,436.16875933329044,24.0,40.0,-0.2970795360097517,2.4518277645111084,12.643483605007868,0.20008613308566475,1.0,8.864558219909668,3
461.7167610580474,16.871468081987285,463.79355507432365,24.0,40.0,-0.2517163628645841,2.50978422164917,12.421668464159403,0.30417116039850595,1.0,9.5737886428833,3
689.2314057619783,95.91489206208061,698.0495898573712,21.0,40.0,-0.25487094757969175,2.5098929405212402,13.855995342994454,1.6399883574861374,4.0,9.494057655334473,3
692.6393806456629,31.298092402440115,690.1674271026375,34.0,40.0,-0.23547949768396498,2.6145834922790527,12.468338228214295,0.42084557053573235,1.0,9.927504539489746,3
550.6040940371432,54.32101129866312,544.0817109951869,34.0,40.0,-0.22048076362800875,2.356677770614624,12.676620883303807,0.9415522082595171,1.0,10.436075210571289,3
380.530608079211,49.322359174044095,380.4031575649703,42.0,40.0,-0.24090477850716643,3.172487258911133,12.372136473944934,0.18034118486233575,1.0,9.313179969787598,3
430.08885317712304,26.989653882571147,429.64888533372226,34.0,40.0,-0.3057478883006865,3.4114619957724193,12.416491412357887,0.2912285308947181,1.0,11.25581169128418,3
514.0959552105336,78.09620713025384,510.8911863149464,41.0,40.0,-0.269344632517045,3.3132508578679403,12.49320914276997,0.4830228569249256,1.0,10.221318244934082,3
530.6009804175685,34.79726477630172,529.0681374176694,24.0,40.0,-0.2125673848188443,2.1393027222709153,12.386903648693096,0.21725912173274242,1.0,8.89472432705754,3
560.6669820245979,60.81402451030724,557.4350044012297,34.0,40.0,-0.24571849918918026,2.6038143634796143,12.52938459725908,0.5734614931476988,1.0,10.03148365020752,3
437.1802983372428,79.82348828042558,429.3964205077301,34.0,40.0,-0.28976965474354766,3.137518167495727,12.791252748188336,0.6381123009992293,1.0,9.10569953918457,3
601.980926245124,32.35825425569143,600.5152890007174,24.0,40.0,-0.2726904999335993,2.9715911917490514,12.462696579805163,0.4067414495129074,1.0,10.383079528808594,3
647.1222217182255,40.4071849349988,657.1343483899343,21.0,20.0,-0.209583865731595,2.2276430130004883,10.26920258488963,1.7257201064225594,4.0,9.183993339538574,3
544.6982769793028,18.294449108701606,541.2197092672545,24.0,40.0,-0.23740034382483505,2.5220394134521484,12.418524733016557,0.2963118325413913,1.0,11.117335480570013,3
363.2553686447816,62.38702881994354,363.3421421880352,41.0,40.0,-0.24592104506408669,3.1975369448764455,15.6083811063931,0.22459515008936498,1.0,8.840418815612793,3
380.04625393657415,52.18907643742872,381.53401000706026,21.0,40.0,-0.26913493038230957,3.172487258911133,12.345702388125344,0.1142559703133604,1.0,9.313179969787598,3
745.273130208266,46.47556099128464,746.8818692058171,34.0,40.0,-0.22997478986466993,2.583848651776308,12.441356285323241,0.3533907133081051,1.0,10.710936760949018,3
429.7116030118842,18.623754707160927,428.5110749365207,34.0,40.0,-0.3001175726970304,3.403922796249389,12.459150133306075,0.39787533326518865,1.0,11.146705627441404,3
468.66083254493844,1.477931229871453,470.1033590527899,21.0,40.0,-0.26502814074818104,2.7906557058769232,12.379083898342802,0.19770974585700474,1.0,10.313152313232422,3
407.2230790166018,49.19164519680331,408.2378053427242,24.0,40.0,-0.281085845293545,3.549104514500952,12.40532705140159,0.26331762850397716,1.0,10.564703967473275,3
591.9623903267195,73.96931126744792,593.4221563798144,34.0,40.0,-0.21529550798983463,2.451705978341298,12.447819237170417,0.3695480929260444,1.0,9.305329184709462,3
406.07744197198065,49.92674759378754,403.830198996734,24.0,40.0,-0.280267782405333,3.360431735980713,12.383834727252562,0.20958681813140717,1.0,9.481693267822266,3
546.470399554179,21.446878851270107,543.259712872514,34.0,40.0,-0.2735797653220442,2.5667967160805967,12.493228767126705,0.4830719178167592,1.0,10.498456001281738,3
439.74129093713134,34.01570786540608,438.62124280355715,34.0,40.0,-0.2733404042551659,2.470789670944214,12.411940304972191,0.2798507624304785,1.0,8.951831407043091,3
742.1112219903837,95.08046331854558,743.5192321824013,21.0,40.0,-0.26620233452889724,2.6868720685920766,13.620407119004138,1.0510177975103496,4.0,8.981090545654297,3
448.33741462655985,13.467751497639894,444.23603949903566,24.0,40.0,-0.23881268726737034,2.7533066272735596,12.439957396281788,0.34989349070446435,1.0,9.68750286102295,3
448.3268231360404,29.90172975947909,445.1603290905264,24.0,40.0,-0.27849049459937625,2.6366835074708956,12.44264573179556,0.3566143294888985,1.0,9.852630615234375,3
440.0883607003539,13.637269021248674,439.2121688786019,34.0,40.0,-0.3039723376926915,3.1349735260009766,12.41605936628412,0.2901484157102999,1.0,9.79703426361084,3
359.97077539171346,98.72789064853758,360.80272238328183,34.0,40.0,-0.29262988525190814,2.508412603296179,13.363348531434738,0.7120998961274383,4.0,8.712539672851562,3
586.3061877114087,101.0850393969069,595.2571216107212,21.0,40.0,-0.27786245873370713,2.437155388838408,14.131348957825075,2.328372394562691,4.0,9.735494359278903,3
400.5464450953202,38.687642480572066,400.9985193677806,34.0,40.0,-0.2967024801904612,3.2732603549957275,12.406244917831952,0.26561229457988067,1.0,10.803131411453517,3
554.1382822928681,67.91463530498419,554.2218618670911,34.0,40.0,-0.29161585276078306,2.4081709972799645,12.398251895741973,0.2456297393549278,1.0,10.50339412689209,3
611.1248687808609,41.55976361440128,611.0586626209058,34.0,40.0,-0.26925850203493873,3.1092062612243057,12.44547811924513,0.36369529811282586,1.0,10.848848342895508,3
617.1877697282306,56.04001793481204,616.4128459664887,34.0,40.0,-0.24133174602764548,3.121037006378174,12.452569455379965,0.38142363844990934,1.0,10.349865913391113,3
512.3863609854714,96.24914319709838,513.8364632688161,24.0,40.0,-0.2646568994994471,3.3127036094665527,12.493896833950483,0.48474208487620796,1.0,9.367818832397461,3
484.27631186739416,33.08589717583793,482.9929198833133,24.0,40.0,-0.23428040564964397,2.4372284412384033,12.397088386824372,0.24272096706093146,1.0,10.226683616638184,3
491.69166742266145,75.27450607690517,495.2656186825947,24.0,40.0,-0.1995837177002575,3.258281070892125,12.635352289088388,0.8383807227209674,1.0,8.977348932314758,3
557.8795732299997,42.02665223085927,556.4883189558855,21.0,60.0,-0.2047276884912972,2.498984942464212,14.215937295223137,0.2758562498124524,1.0,8.613750457763672,3
484.3580856909579,82.86155484486085,479.12269647260393,41.0,40.0,-0.2291947674271807,3.166198253631592,12.504426834948617,0.5110670873715363,1.0,10.219121932983398,3
620.9740996099065,69.52323540422742,618.9859343975779,34.0,40.0,-0.1967681177697502,2.340254647391183,12.649528326762086,0.873820816905216,1.0,10.490188598632812,3
401.3226889231606,95.98463170196109,402.6587151082846,34.0,40.0,-0.240356620032047,3.064199209213257,12.529768090693377,0.5744202267334435,1.0,10.072651863098145,3
405.0713961716411,13.462340058713457,401.8172278672005,42.0,40.0,-0.24911890675849538,2.7638247605191157,13.694950181202062,0.18677670493246254,1.0,9.140545845031738,3
794.3254558650098,55.676915422944006,787.2803254818341,34.0,40.0,-0.21701875032055468,2.545025446757122,12.510395083171229,0.5259877079280673,1.0,9.854674339294434,3
405.899411619859,107.90693175504055,402.20296875566305,41.0,40.0,-0.2628191196221007,3.120208978652954,12.726937502155955,1.0673437553898903,1.0,10.048339804557905,3
624.9281502313344,68.644062973146,622.7377009647441,34.0,40.0,-0.285355728881703,2.4465904235839844,12.43958982219067,0.34897455547667694,1.0,9.848243713378908,3
399.60088645818485,15.91518800604024,401.6634769721248,24.0,40.0,-0.2625689438896573,2.8272773611624507,13.300283541302086,0.18571163963696152,1.0,9.13117518330252,3
321.1470691152266,71.59726760852531,318.33211136235053,34.0,40.0,-0.2560499345732642,3.742243766784668,13.315909937084484,0.2897748427112128,4.0,10.074603080749512,3
712.2451076320943,51.40872104256568,708.183177641927,31.0,20.0,-0.2309057735956447,2.4169278144836426,9.140819866258497,1.1724997634931693,1.0,11.28811264038086,3
544.3914283122305,62.01779131316155,543.1982866146014,42.0,40.0,-0.2628504742926207,2.508450260225512,12.476759779520174,0.4418994488004347,1.0,10.304928787067212,3
551.4302821373492,37.79774986356587,555.5395221735665,24.0,40.0,-0.2235561092753436,2.2001279647776624,12.906070814196834,0.48274484824723923,4.0,8.70348086578167,3
763.9396715957542,61.87821804107716,765.7081166270596,34.0,40.0,-0.21652757878934556,2.398432731628418,12.58424350345869,0.7106087586467252,1.0,9.952329635620117,3
340.1264498904883,74.76820492926757,341.1705570395705,34.0,40.0,-0.28980050941300983,3.7087693214416504,12.474035341950131,0.4350883548753257,1.0,10.074603080749512,3
592.8938809761408,46.43017281133813,591.5764735359267,34.0,40.0,-0.31594571537926797,2.975230050880148,12.406718817213509,0.266797043033775,1.0,10.787158012390137,3
723.5351019297318,34.709286023562655,720.6799598559676,21.0,40.0,-0.2700359786237793,2.672137975692749,10.917697497185266,0.8989695759614548,1.0,10.266363143920898,3
409.45038296548773,7.520049892660825,410.46798023501674,24.0,40.0,-0.2519944075810414,2.6590561353530435,12.377945988911538,0.1948649722788423,1.0,8.127460479736328,3
383.665630953461,53.977315145092675,383.79739794886444,24.0,40.0,-0.267853340435313,3.216574857566531,12.338812622768636,0.09703155692158519,1.0,9.313179969787598,3
490.6228340742084,10.601756640197408,489.6724086092131,24.0,40.0,-0.22564131297257306,2.3299756050109863,12.448721783316042,0.3718044582900999,1.0,8.481527328491211,3
542.9366908153086,29.469368505650873,542.1733199632849,31.0,40.0,-0.22209262432417062,2.7148606777191167,12.660080676414452,0.900201691036126,1.0,9.44695143876945,3
849.8488614714688,57.22137397263586,844.575500419068,24.0,40.0,-0.221484373209064,2.342605474768885,12.472139534038156,0.949777367644201,4.0,10.572968482971193,3
425.87222819818317,15.280348180724246,428.07264068615774,24.0,40.0,-0.2813845295089936,2.950413942337036,12.43512912449223,0.3378228112305719,1.0,10.209296226501465,3
439.59580293153283,25.153520092431563,439.5597808116489,24.0,40.0,-0.2503710328913972,2.8733747005462646,12.39183906380324,0.22959765950809485,1.0,9.627501487731934,3
0.0,0.0,0.0,34.0,60.0,-0.38250105816623897,0.0,0.0,0.0,4.0,0.0,3
357.2355723746452,80.25273379222963,356.87143816266746,24.0,40.0,-0.2627021556996802,3.306623697280884,12.405215326783336,0.2630383169583395,1.0,10.224045753479004,3
511.7203833542852,41.99525252577681,511.2597280130471,34.0,40.0,-0.29664687652291666,2.4238785536873415,12.38003178296642,0.20007945741604605,1.0,9.770356178283691,3
689.8636487344645,29.718810100301006,691.2120523303333,34.0,40.0,-0.2718350831727009,2.6145834922790527,12.452810770421603,0.3820269260540059,1.0,9.927504539489746,3
624.523525485673,36.16663740096078,618.2066104490593,21.0,40.0,-0.17518658799750114,2.6654205322265625,16.67434653458786,0.7691265002834002,1.0,10.318466186523438,3
624.6233848705953,13.970953847194423,621.8377070144711,21.0,40.0,-0.22199943722869458,2.584263801574707,12.81328797474448,0.3973449482011118,1.0,10.023112297058105,3
563.9252601702931,67.9964689524874,572.2251059982459,31.0,40.0,-0.20437293100248932,2.2739467687954185,12.625847523023111,0.8146188075577748,1.0,10.301721572875977,3
726.0806365910241,53.146905311301424,730.4523200389085,24.0,40.0,-0.2575369945384708,2.442658929208953,12.687995343724149,0.9699883593103699,1.0,9.488681957446422,3
497.66963880716946,28.714143763439537,498.3669940797553,34.0,40.0,-0.20742629071897895,2.374619483947754,12.440344396739334,0.35086099184833686,1.0,9.966367588927412,3
441.4898621065046,12.789775081454916,438.9257430995666,42.0,40.0,-0.25422789176139754,2.5966968536376953,12.393123097918913,0.232807744797283,1.0,8.166120529174805,3
395.7136798382603,25.205942053305495,395.80451529188656,34.0,40.0,-0.246475764377223,3.0110650062561035,12.356954706481751,0.14238676620437743,1.0,9.00766944885254,3
434.4325436425138,6.8507792295695085,433.91979340313907,34.0,40.0,-0.2955525112568109,2.740427017211914,12.406991776906557,0.2674794422663892,1.0,10.022890090942383,3
381.4745110872076,56.40094328218236,378.2045283120373,24.0,40.0,-0.20495532800981162,3.2461981773376465,12.45088542569838,0.3772135642459439,1.0,10.181324005126955,3
592.2981817239281,37.655179835404674,590.0485924622271,24.0,40.0,-0.3118707281796073,2.936507911831433,12.47483198897337,0.4370799724334232,1.0,10.230292320251465,3
584.205628491077,48.06553461173125,584.3092639937087,34.0,40.0,-0.2589939000842175,3.055962085723877,12.377236913181925,0.19309228295480457,1.0,10.698840141296388,3
518.999390883996,89.83045942746185,519.250066251079,24.0,40.0,-0.25758418424326507,3.367063283920288,12.510906446575335,0.5272661164383339,1.0,9.669099807739258,3
664.6608681847047,64.33632895358556,665.6308582232888,34.0,40.0,-0.30864075295661597,2.527419154217701,12.482497514578725,0.4562437864468074,1.0,8.982027053833008,3
416.0934993066445,15.397140583573751,417.07107953214114,24.0,40.0,-0.26134905819906135,2.70501971244812,12.456795070677895,0.39198767669473944,1.0,8.839160953468637,3
429.68150684931516,97.4259405761703,424.73881342639663,31.0,40.0,-0.2646365944449226,3.3027801513671875,12.76425590580455,0.9217699014977089,1.0,9.755783081054688,3
520.2623929187023,61.25632006848318,523.4044657974538,24.0,40.0,-0.21966767211959218,3.2783682346343994,12.50714817955754,0.5178704488938426,1.0,10.335772514343262,3
606.3173073184644,77.30614524939853,608.6133359764527,24.0,40.0,-0.2374302016891533,3.0787830352783203,12.589723156305537,0.7243078907638381,1.0,10.43696320925328,3
402.0473717292415,22.06221806686719,398.46360639561095,34.0,40.0,-0.25293032320646736,2.868417235503225,12.394825412201943,0.23706353050485604,1.0,9.007669448852539,3
601.6876822488044,61.80927337888506,601.9847628951043,34.0,40.0,-0.2518699436602924,1.9910385608673096,12.417639379925893,0.6024634269404737,1.0,8.751410484313965,3
409.4543551794295,71.1005120895457,410.29472909339677,34.0,40.0,-0.2695102611839642,3.190299272537232,12.412897317955318,0.2822432948882928,1.0,9.715479850769043,3
604.6423322663004,63.750056000070984,609.6978288434148,24.0,40.0,-0.20255761439636394,1.9862759113311765,12.754959473696008,0.8280714334267861,1.0,9.021703720092773,3
603.6524150801574,50.887665775287786,610.0182681376417,24.0,40.0,-0.25462576852885094,3.12259553556573,12.493936342324162,0.4848408558103998,1.0,10.698840141296387,3
391.9983540907968,47.05938674086831,389.3418389456806,24.0,40.0,-0.2797655671662296,3.3077785968780513,12.446642232294398,0.3666055807359891,1.0,9.764145851135254,3
410.4742356890138,24.913732161611406,410.9263988823191,24.0,40.0,-0.26010319415072763,2.8826796084700725,12.429419529412758,0.32354882353189696,1.0,9.007669448852539,3
434.1413829525277,20.724722891490238,432.3823764842701,34.0,40.0,-0.2803575799718463,3.0253851413726807,12.437437528414451,0.3435938210361264,1.0,9.79703426361084,3
415.79437150892306,32.82502856398182,417.74658093243767,24.0,40.0,-0.2406453943054734,3.2754443386532612,12.441341434278277,0.3533535856956884,1.0,10.633961677551271,3
470.0118712821245,5.706314109567844,467.64097943002366,34.0,40.0,-0.26809646814393007,2.4183239936828613,12.42065967688907,0.3016491922226693,1.0,8.481527328491211,3
533.0851207216082,31.661111700842923,527.9401885663597,24.0,40.0,-0.2760255113953762,2.5411148071289062,12.461542221832387,0.4038555545809667,1.0,10.122632980346681,3
461.5912248415651,20.014105182140202,464.0486308002288,34.0,40.0,-0.23378205159043602,2.4076881408691406,12.40685888932419,0.26714722331046886,1.0,9.189881324768066,3
618.574305672555,19.91063081243621,617.2537912560671,24.0,40.0,-0.2290528635460186,2.810093641281128,12.470110588434299,0.42527647108574695,1.0,9.616775512695312,3
466.17953370225905,80.0984080785548,460.3452646655421,21.0,40.0,-0.24718681082182148,3.1794710000667066,13.023960474562319,0.9336780944293113,1.0,9.31805419921875,3
354.35381863894975,90.296426830462,354.10117323961174,24.0,40.0,-0.2890807270984036,3.4138965606689453,12.436034783315803,0.26782895230204046,1.0,10.198660030630226,3
351.69536423841055,93.47564247958135,349.1578855572492,24.0,40.0,-0.2522692884916965,3.3251330852508545,12.402826743896782,0.25706685974195026,1.0,10.236897468566895,3
512.7930787574036,38.18004183315783,509.8209231760748,34.0,40.0,-0.22433834667636507,2.515486001968384,13.380574273439157,0.3973247985647954,1.0,10.309370040893555,3
534.6134932154845,63.570858349755206,533.4942665091693,34.0,40.0,-0.2727168244658245,3.2292359076858714,12.454966392004291,0.3874159800107284,1.0,10.310651469370624,3
630.2530779798086,20.84716444855892,631.6919360337879,24.0,40.0,-0.2332595803262732,2.7037751777298062,12.503877467477388,0.5096936686934702,1.0,10.999138488694868,3
507.7082723137337,24.61023796646141,505.82465406598226,34.0,40.0,-0.26774286559432847,2.262693166732788,12.39783697418295,0.24459243545737727,1.0,10.122344970703125,3
367.3103575640543,53.32115659184227,366.36757915645785,34.0,40.0,-0.21913721648419693,3.2295801639556885,13.33420323666002,0.3611006837624641,1.0,9.58444309234619,3
707.663861925065,47.86245972499809,707.5947391233493,21.0,40.0,-0.20420494991794286,2.354405641555786,12.422413019826617,0.30603254956654535,1.0,9.048776626586914,3
736.7721128549396,26.062910142930473,735.6055729355666,24.0,40.0,-0.25735014132803286,2.71075701713562,12.37658795619994,0.19146989049985064,1.0,10.626069630662055,3
402.5225437721129,99.79663201472745,394.7820019709071,21.0,40.0,-0.26394871527377534,3.276671886444092,12.635222332232328,0.8380558305808113,1.0,9.70183277130127,3
447.98145436165936,35.23411147179809,449.47785855873417,24.0,40.0,-0.3297024095134222,2.4967887401580815,12.471570540944349,0.42892635236086385,1.0,8.91949462890625,3
640.65111584868,51.662997439164975,641.3946583978085,24.0,40.0,-0.26277937987809424,2.986256341411643,12.943480705113995,0.451451014349857,4.0,10.787158012390137,3
585.7211091095243,28.817792223460962,583.501902683451,24.0,40.0,-0.2957384027909051,2.8075785636901855,12.423783456749698,0.3094586418742395,1.0,9.804272651672363,3
517.1330076074695,79.83416167040752,518.9873653967595,21.0,40.0,-0.2481236209457845,3.166198253631592,12.762243434103658,1.1556085852591456,1.0,10.307445336651325,3
846.3860078277887,54.356331632468,836.3230868306774,21.0,20.0,-0.2324144340095355,2.396144151687622,10.133689818994018,1.47819381304665,4.0,10.572968482971191,3
514.9431189331398,35.586312873086854,516.0912825293628,34.0,40.0,-0.2880003316637715,2.3184127807617188,12.454198980755626,0.3854974518890578,1.0,9.852012149041878,3
392.84318178872735,32.7154513407721,394.6481935759141,24.0,40.0,-0.24702636340100467,3.2252376079559326,12.392301588660338,0.23075397165084643,1.0,10.444701194763184,3
486.48177835953413,10.330793185288819,489.1231995006616,21.0,40.0,-0.2566995369519926,2.6024065744008453,13.00948805414297,0.54170363738563,4.0,10.395243265770912,3
553.992444369565,56.050728766712155,555.5433175492158,34.0,40.0,-0.24786652666764697,2.154329776763916,12.414013274130543,0.285033185326357,1.0,8.886907577514648,3
514.3540972771222,66.15215150919282,516.1466084631802,34.0,40.0,-0.23525442142337682,3.226567506790161,12.518365043260511,0.5459126081512758,1.0,10.335772514343262,3
622.8626897007556,45.437947478359064,621.8355610399403,34.0,40.0,-0.29610656836212024,2.98089861869812,12.449281782625382,0.3732044565634539,1.0,10.288433931578393,3
474.66940552869977,26.213423617865978,473.28253726289586,24.0,40.0,-0.2303351851339288,2.811707123225889,12.38820214608065,0.2205053652016195,1.0,8.466653467014133,3
576.8567994193959,60.93105848724907,571.7862206239525,34.0,40.0,-0.25258654589428814,2.3864095211029053,12.31443605950594,0.7856430316979578,1.0,10.5134916305542,3
642.3274516919168,28.06830313719196,640.2294264486002,24.0,40.0,-0.2714995550885453,3.052845001220703,12.393902300456107,0.23475575114027128,1.0,10.361052513122559,3
404.5116023638884,52.32078247400919,406.5679478082162,34.0,40.0,-0.26398076132961334,3.2210006713867188,12.440540686123667,0.35135171530916537,1.0,9.50655746459961,3
798.9490221744147,59.37216281810429,794.2311922249539,24.0,40.0,-0.19856816015988749,2.481602715340672,12.592356486232301,0.7308912155807463,1.0,9.854674339294435,3
453.71928824146914,5.606789951206564,454.0993769136441,24.0,40.0,-0.2551576425389409,2.698375419627897,12.36391558274454,0.15978895686134698,1.0,9.956397959864068,3
407.14954121900956,25.99377103669442,405.59552686226596,34.0,40.0,-0.26667452097301064,3.0506608486175537,12.393148502376631,0.23287125594158065,1.0,10.028573036193848,3
365.8800235870469,72.63248758410651,373.687268751067,41.0,10.0,-0.31340410041606787,3.8637754917144775,8.593101947795695,1.520834339689144,4.0,10.180872917175293,3
381.9670526561342,96.60232696814856,382.1470106465034,34.0,40.0,-0.23297378499486715,3.289389226610299,12.47685581539219,0.4421395384804748,1.0,9.6616792678833,3
554.7010536410882,27.153611633191485,553.2765063990086,24.0,40.0,-0.23545964730633168,2.510016679763794,12.671277969428356,0.0362401147944289,1.0,10.49845600128174,3
501.8964437993287,38.34657675940753,500.020018576006,34.0,40.0,-0.20607139770114308,2.5096449851989746,12.408136664817404,0.27034166204350757,1.0,10.885308265686035,3
533.0341104962353,82.26069814326536,529.5556421356907,24.0,40.0,-0.25163749231840526,3.3419642448425293,12.465811155784976,0.4145278894624382,1.0,10.167224884033203,3
620.8703911302342,62.242994050632014,620.4670910298305,34.0,40.0,-0.2690441308342275,3.134283696184097,12.455319305905693,0.388298264764227,1.0,10.065142015654983,3
429.5798006765075,37.6186484230944,426.2535936691745,24.0,40.0,-0.2909362872615923,3.052957534790039,12.392749768182787,0.23187442045696793,1.0,9.159980773925781,3
419.23237127564425,41.71277512369432,417.85408401622726,24.0,40.0,-0.27606105172774376,3.383685350418091,12.425709086859655,0.3142727171491338,1.0,10.208433151245117,3
575.4743426083126,73.04054662488832,573.2248973635088,34.0,40.0,-0.24222981685364328,2.457681824783056,12.433865277615098,0.3346631940377446,1.0,9.361663818359375,3
388.4939477197028,39.93759948813794,387.139390567109,24.0,40.0,-0.2884056673152579,3.4655587673187256,12.411483703540721,0.2787092588517998,1.0,10.481391906738281,3
656.7168906571981,65.79583442875574,645.3996911791651,31.0,40.0,-0.2277714007281179,2.2614672183990474,13.907119996770689,1.941009255673989,4.0,9.848666191101076,3
517.0201170280325,33.806798538394816,521.8508307661066,31.0,40.0,-0.2778572738326073,2.4165408807258077,10.711993043329786,0.9659460484041996,1.0,9.5767438966934,3
776.5084563445264,53.301337034881605,777.9631790978049,34.0,40.0,-0.22135746170567389,2.5379509925842285,12.524861349604183,0.5621533740104602,1.0,9.11945915222168,3
437.6354894311894,23.841145548117964,437.052387820672,34.0,40.0,-0.27618322125160827,2.7074902057647705,12.433006973367394,0.33251743341848444,1.0,9.421233177185059,3
577.6500952553752,45.79851895228251,576.3850835154831,24.0,40.0,-0.25474646062501266,3.0104899406433105,12.489865892817242,0.47466473204310267,1.0,10.942817687988281,3
275.61171122717417,49.593598032340026,273.87673377701503,24.0,40.0,-0.26224709556001724,3.45020604133606,12.435111556068682,0.3377788901717033,1.0,10.344373703002928,3
512.292608960485,96.9227587130597,520.0328204001372,24.0,40.0,-0.2537437446269709,3.252582311630249,13.191873061722594,0.8290204026508946,4.0,9.367818832397461,3
748.305750314278,46.63905165069138,748.4386223188292,34.0,40.0,-0.22572538228981062,2.5706417532274064,12.449346167905647,0.37336541976411225,1.0,9.48868195744642,3
485.60551314783385,21.80290678892124,484.87220460214405,34.0,40.0,-0.23157774720754382,2.6301729646447587,12.495998999241486,0.48999749810371596,1.0,9.862723278929192,3
653.0911730019052,28.17924205824041,651.3090270425777,24.0,40.0,-0.27763454989578806,2.941859722137451,12.428679417674886,0.3216985441872082,1.0,10.88728618621826,3
403.92260338772184,34.76243194062481,400.25088432751915,24.0,40.0,-0.27709465491280505,3.5474748611450195,12.393834258172863,0.2345856454321537,1.0,10.481391906738281,3
544.2896346599966,51.20791908699599,538.0848445450604,24.0,40.0,-0.18816896413110162,2.384925029982326,13.338750637061512,0.3473455795771496,4.0,10.006969451904297,3
456.3410758025429,41.536162517595606,457.52882158115267,34.0,40.0,-0.2752633655805371,2.5359881507440556,12.401615836434793,0.254039591086976,1.0,9.780574040870146,3
396.8014314226102,47.01444965668011,398.20287527948875,34.0,40.0,-0.28555700663266276,3.587148904800415,12.450814438617865,0.37703609654465997,1.0,10.432131767272947,3
532.0509454257981,35.72822972323711,529.3440155311293,41.0,40.0,-0.1638962364757521,2.553682804107666,12.520737887563746,0.5518447189093661,1.0,10.753582000732422,3
386.6626825728022,81.8233980695722,382.466429593331,34.0,40.0,-0.2571907765365091,3.189675807952881,12.489677102173411,0.4741927554335258,1.0,9.371383666992188,3
513.4932543642516,84.82425473443394,515.5376536115373,24.0,40.0,-0.2667172041799212,3.286201238632202,12.525470016593161,0.5636750414829039,1.0,10.990395545959473,3
435.82166508987706,30.390971374934086,434.7494915950491,24.0,40.0,-0.27416464228926635,2.4799211025238037,12.36803310903577,0.17008277258942292,1.0,8.772658577028489,3
434.55074454711576,33.410825873228724,433.61572701867254,24.0,40.0,-0.2569276788154342,2.5807061195373535,12.359862243969433,0.14965560992358423,1.0,9.471940994262695,3
538.875707935356,29.56697633264699,540.2632114236724,24.0,30.0,-0.25897640711225056,2.612778902053833,11.688764344630219,0.30727782156829564,4.0,8.465778350830078,3
415.4765879135835,12.521134160506094,416.12355045814934,34.0,40.0,-0.2586172137774577,2.6725447177886963,12.370172540370522,0.17543135092630183,1.0,9.140545845031738,3
480.0230103290522,21.878347730920165,479.5156145082353,24.0,40.0,-0.24958656414702338,2.462120294570923,12.436688012621783,0.341720031554454,1.0,9.986712285224963,3
481.69030987156725,35.747184200980314,479.7893663927624,34.0,40.0,-0.2700510892150288,2.6881849765777592,12.37256167545034,0.18140418862585173,1.0,8.580850601196289,3
587.7047634167519,23.59625223985808,587.633224782154,24.0,40.0,-0.30098741026664344,2.6432723087190793,12.442632109239725,0.35658027309931234,1.0,9.774984451319202,3
498.8901906403494,96.8827777240807,487.01087950414285,31.0,40.0,-0.23160628800110308,3.3127036094665527,12.655514679820126,0.8887866995503108,1.0,9.367818832397461,3
629.2458301473548,37.12165521237259,653.966204378126,11.0,30.0,-0.22243735790370528,2.5480735301971436,12.506489558415838,1.9669924189981773,4.0,9.5340576171875,3
389.04455618771135,32.66560181827352,386.90280284059173,34.0,40.0,-0.2549229829441702,2.9064090251922607,12.390155410567925,0.2253885264198035,1.0,9.79163074493408,3
519.5011663923485,26.804386529776586,515.5006087829888,34.0,40.0,-0.2636720493745429,2.4257476329803467,12.43749548805102,0.34373872012755075,1.0,9.523818016052246,3
395.7832130221225,33.181622291949395,395.69174895655675,24.0,40.0,-0.2785650240226841,2.9680489924555875,12.363110537368765,0.15777634342191482,1.0,9.791630744934082,3
419.5857006778035,16.417521223838182,419.7144206685762,34.0,40.0,-0.24926165546656304,2.750896919642063,12.421368223543478,0.3034205588586919,1.0,9.044109344482422,3
398.77458819870157,45.409900523089306,396.07111535186243,34.0,40.0,-0.26268344355873835,3.339297108454247,12.409854940999148,0.27463735249786525,1.0,9.481693267822266,3
439.7325851142428,60.608014073288786,444.6362885016273,24.0,40.0,-0.26100926504302413,3.457350969314575,12.712992152186871,1.0324803804671787,1.0,10.830222129821777,3
746.8149388940009,43.999742780373104,753.5568777100096,21.0,40.0,-0.19541221409254983,2.496192216873169,12.58200601674793,0.7050150418698234,1.0,10.227864265441895,3
707.3939846554607,17.04239319144654,703.6203252861301,24.0,40.0,-0.2609640526014386,2.7263216972351074,12.424813505245133,0.31203376311283026,1.0,10.473182103491776,3
488.7842562952785,93.02939641359471,495.20386402404347,31.0,40.0,-0.2739397928013837,3.2460365295410156,12.611648158376923,0.7791203959423081,1.0,9.199819564819336,3
343.49420043804525,76.58634663443848,343.0329150316826,34.0,40.0,-0.27731771745761274,3.9154557208016536,12.50865547806162,0.5216386951540471,1.0,10.074603080749512,3
375.01298583481304,65.07630590425336,374.64037617184727,24.0,40.0,-0.2516237510847954,3.2767796516418453,13.26260598412122,0.34433328821493514,1.0,9.37433433532715,3
542.3135716229704,29.605579208853314,542.1307695854282,31.0,40.0,-0.21892109824158934,2.714860677719116,12.602822856486732,0.7570571412168263,1.0,9.44695143876945,3
385.06163087570144,71.75235147479182,385.3560031910595,34.0,40.0,-0.2657786031973226,3.1728548190451598,12.403716340960768,0.2592908524019139,1.0,9.338278770446777,3
379.21539378701675,70.85525474045579,377.69934920581426,34.0,40.0,-0.23218411841774553,3.1680241396885016,12.401166836461162,0.2529170911528998,1.0,9.338278770446777,3
605.4336387553301,57.47104093976468,604.5419684999017,34.0,40.0,-0.21633675576451378,2.415315866470337,12.53169691710272,0.5792422927567965,1.0,9.845324516296387,3
607.6757494070839,61.29834014377565,608.8899927793719,34.0,40.0,-0.24698421767974635,2.4971362615984707,12.409284922983957,0.2732123074598867,1.0,9.93874092064725,3
656.7715361387229,83.87069233374153,658.0138341650292,34.0,40.0,-0.2772504235369236,2.431675910949707,12.80582287246883,0.5100471307579977,1.0,9.544290542602539,3
445.33569419784556,102.77568966540456,444.59293707372933,31.0,40.0,-0.24504623716277968,3.191281575635568,11.63358458252566,0.9966529390579044,1.0,10.022557258605957,3
474.46018390119366,27.95281887281754,472.6038784645523,34.0,40.0,-0.2851506624190197,2.349130561414933,12.414955487080709,0.2873887177017698,1.0,10.068169593811035,3
730.8976814712096,26.31728272538418,729.6467804652355,24.0,40.0,-0.19594323241025144,2.731276035308838,12.477385290237791,0.44346322559447615,1.0,9.823613166809082,3
538.6272922849626,18.35349039034702,536.3129025531209,24.0,40.0,-0.23755892261109984,2.522039413452148,12.400186976353579,0.2504674408839432,1.0,11.280733108520508,3
538.20172107671,64.36047023733961,531.5350894986071,31.0,40.0,-0.27155000978595517,3.225184440612793,12.416765681057202,0.2919142026430027,1.0,9.921680450439453,3
559.1290645533365,66.5166990309887,562.9451379263697,34.0,40.0,-0.273742378207653,2.41978032581064,12.440708784904597,0.35177196226149454,1.0,10.50339412689209,3
396.39420173403596,110.83198475485264,393.1713159675131,34.0,40.0,-0.23980213778209308,3.1464247703552246,12.596701652258517,0.7417541306462963,1.0,9.896968841552734,3
410.00189214758745,14.171166212817054,409.10628829158907,34.0,40.0,-0.26952116390829567,2.7423837184906006,12.376320935357185,0.19080233839296007,1.0,9.044109344482422,3
502.7892555824833,43.21105296429269,508.4884436376198,34.0,40.0,-0.3014223760720541,2.733586549758911,12.619026589768879,0.797566474422195,1.0,8.031013488769531,3
687.6570093700188,32.62779540434107,689.3302335118814,21.0,20.0,-0.2519024113493143,2.673887014389038,9.902112637032147,0.7148903975466216,4.0,10.318466186523438,3
428.85823149000095,77.2626855506272,412.70348517236357,31.0,30.0,-0.2821973062187207,3.1155517464441944,11.97655363328163,0.8795207390277544,4.0,9.318054199218748,3
616.4770155907778,47.83586498098928,610.4399565319517,34.0,40.0,-0.304499400713968,2.972395181655884,12.447707964191,0.3692699104775049,1.0,10.352128028869629,3
717.5537382874768,26.159395106373964,717.3566599974783,24.0,40.0,-0.23265128871996782,2.6156766414642334,12.466335365019892,0.41583841254972936,1.0,10.611120223999023,3
409.0464288954265,29.094680314101424,410.12731533876416,34.0,40.0,-0.3182582441937101,3.537163257598877,12.421599429570268,0.30399857392567553,1.0,10.910099029541016,3
409.02345096616193,32.34796781366974,407.29873879223663,24.0,40.0,-0.27384101760814344,3.4717359850738267,12.426663780099076,0.31665945024769165,1.0,10.910099029541016,3
598.822938401524,40.68491605811912,599.2969559769247,34.0,40.0,-0.2994208288697792,2.9555658919132304,12.419447074770643,0.29861768692661195,1.0,10.789667129516602,3
514.2100672619588,18.8245607677154,517.181895526531,21.0,40.0,-0.14144761531568395,2.382695377006654,12.488984248029942,0.47246062007485023,1.0,9.484565734863281,3
378.2760883088607,65.88588582384547,376.53126988056425,34.0,40.0,-0.2661782183791384,3.2186521765412084,12.418705064122266,0.29676266030566256,1.0,9.392191886901855,3
724.0511333445652,29.33222691215498,724.3505130304636,34.0,40.0,-0.24424555298603462,2.642292822877022,12.450626698131657,0.37656674532914125,1.0,10.266363143920898,3
404.52010730809593,16.073584863702266,404.8105356879371,34.0,40.0,-0.2567714637826163,2.7581732636255936,12.431224047727754,0.3280601193193825,1.0,9.140545845031738,3
389.3301797540208,35.447192786863106,389.45007174084964,24.0,40.0,-0.24627034020387314,3.1938600540161133,12.333866112338788,0.084665280846965,1.0,10.154430389404297,3
463.21297352289383,29.220804257740713,468.4608093079588,24.0,40.0,-0.23150700598318213,2.447136878967285,12.430258578992307,0.32564644748076055,1.0,8.738972055468778,3
410.0799075958063,102.31151420663592,400.10839688939376,34.0,30.0,-0.25827846730338694,2.5671186447143555,12.741771192847978,2.542341889404694,4.0,8.712539672851562,3
582.6653814750977,48.752632686649264,582.7757073898755,34.0,40.0,-0.26465549327620336,3.06119478565373,12.385749178535445,0.21437294633860854,1.0,10.698840141296387,3
733.8176766760411,25.56297210400777,733.337165726623,24.0,40.0,-0.2549616708985871,2.71075701713562,12.423369059726431,0.30842264931607605,1.0,10.626069630662055,3
615.254218452327,98.57785656802126,632.0058553273996,21.0,40.0,-0.2459291410622716,2.4941132068634033,13.632644950909869,1.0816123772746782,4.0,9.494057655334474,3
473.30493383963403,33.61311001675043,470.08818857885603,34.0,40.0,-0.25550730793355414,2.0426104068756104,12.378862983321447,0.19715745830361775,1.0,7.703876972198486,3
778.445866435116,62.15895321117583,783.0274871172796,11.0,30.0,-0.27091074796598386,2.5834860577741954,12.55717245829554,1.6035232842544036,4.0,10.163796424865723,3
375.95504205492387,65.30651208598228,373.4336556742517,34.0,40.0,-0.19619890252624209,3.197908601648887,12.498511085110763,0.4962777127769103,1.0,9.747905731201172,3
678.2105726986431,7.503010451616685,679.4823131031551,24.0,40.0,-0.23941739021633285,2.703044891357422,12.445735164051937,0.36433791012983985,1.0,10.341493606567383,3
421.65582353779763,19.219436375768353,422.35646181090135,34.0,40.0,-0.2620724065707287,2.6208710670471196,12.440615382307366,0.35153845576841447,1.0,8.932535482558194,3
607.7211188294607,66.77598212912565,611.6285910890963,31.0,40.0,-0.26448429396231876,2.6139328479766846,12.813997435107597,1.0192383811231431,1.0,10.206391334533691,3
429.8202168193777,31.194350958229634,426.7562922744454,34.0,40.0,-0.26000381500383346,2.5884852409362793,12.450674868294021,0.3766871707350532,1.0,9.05467414855957,3
499.5313305944713,34.31801541951233,496.9332001361868,34.0,40.0,-0.24278605718411028,2.030808925628662,12.396211265741268,0.2405281643531681,1.0,9.068406105041504,3
493.0137407498607,33.963606600759135,489.80180211086423,34.0,40.0,-0.11667310738610744,2.715393037478752,12.430225572699838,0.3255639317495925,1.0,9.674288749694824,3
611.7549960472262,29.748088839431375,607.8430957871068,24.0,40.0,-0.24048104280712196,2.892690896987915,12.475674346255829,0.43918586563957174,1.0,9.698505401611328,3
368.4267570404743,64.62047915302854,369.10654021635025,24.0,40.0,-0.2376271645809229,3.194178231308372,12.395299038884588,0.23824759721146516,1.0,8.840418815612793,3
392.8525258874304,49.094175034587806,390.64025248757696,24.0,40.0,-0.2636769612573075,3.1111106872558594,12.494786599683845,0.4869664992096091,1.0,9.403063774108887,3
499.49088269980945,26.690745427496495,501.86360789301364,31.0,40.0,-0.280837443709687,2.390859603881836,12.753476143160157,1.0322433833925486,1.0,10.068169593811035,3
448.6747061339277,22.894671647851,449.20083356656005,34.0,40.0,-0.31168737508722233,2.3306305408477783,12.358312234918122,0.1457805872953034,1.0,8.864558219909668,3
557.3381241819056,79.86354168846586,557.7020154067493,24.0,40.0,-0.2155935797665148,3.3603270053863525,12.535557610232893,0.5888940255822288,1.0,9.675954818725586,3
408.36845038296536,42.42634329829249,407.0704775016128,34.0,40.0,-0.2693989636676004,3.4304792881011963,12.42365426053794,0.30913565134485116,1.0,10.776034355163574,3
406.16844325501233,23.80445860795588,407.0284301807844,24.0,40.0,-0.268063939763783,2.8539788722991943,12.45267688385906,0.3816922096476491,1.0,9.143136024475098,3
382.86807454543094,91.71605753011309,376.372532173408,34.0,40.0,-0.2819807552271151,3.2766425609588623,12.617741442706798,0.7943536067669938,1.0,10.232575416564941,3
400.28034564093247,46.8156462855556,399.1906375458605,24.0,40.0,-0.2667829164039837,3.580242156982422,12.404573574560473,0.26143393640118595,1.0,10.43213176727295,3
439.93218724485166,36.24896411801676,442.00706191870063,24.0,40.0,-0.29156324079252033,2.4384469685965016,12.378894338720487,0.1972358468012113,1.0,8.721233539618623,3
396.3564754215209,47.367390806292114,395.98995851515303,34.0,40.0,-0.29610842797648,3.580242156982422,12.403522573937959,0.25880643484489874,1.0,10.774488548010059,3
433.0205414652479,23.713866931940306,428.7556358799451,24.0,40.0,-0.2639577377798199,2.6694273188156163,12.379213739269558,0.1980343481738923,1.0,9.42123317718506,3
418.7994777154262,17.28924364830959,416.9579265960967,24.0,40.0,-0.324916837446539,3.076139211654663,12.460762800113656,0.40190700028413756,1.0,10.209296226501465,3
388.666026230868,36.05836563076044,387.9563863443332,24.0,40.0,-0.29086965735332043,3.5300633907318115,12.431242709485733,0.3281067737143334,1.0,10.481391906738281,3
601.984428662148,34.85914576596267,596.6389857267816,31.0,50.0,-0.16347000517592222,2.694983577886164,14.87874378951075,0.4696089845400812,1.0,9.53612232208252,3
402.10557470742987,16.051846430084073,401.7702600596269,24.0,40.0,-0.2852734806808429,2.8794008461844824,12.431528085638233,0.32882021409558115,1.0,9.13117518330252,3
603.6761090447245,75.66446449952723,605.0227751719327,24.0,40.0,-0.26830758509313746,2.3831419944763184,12.50837859386521,0.5209464846630252,1.0,9.227770805358887,3
555.4512771996215,72.59973162995804,560.0538731974708,24.0,40.0,-0.29781444444759003,2.4317313819531576,12.419043412452165,0.2976085311304104,1.0,9.611136436462402,3
578.700775002916,64.76077372108905,575.3788929448089,34.0,40.0,-0.23719424831560726,2.384995460510254,12.4428176583218,0.3570441458044953,1.0,10.09542465209961,3
306.5700580604192,68.26941440663398,302.9119566780488,34.0,40.0,-0.2619367238598157,3.6494152545928955,13.091648750638674,0.8578470421595806,1.0,10.079187393188477,3
412.2531395394048,64.9837669141761,412.9412604763677,24.0,40.0,-0.2893349290348122,3.7195115756514867,12.527876226259796,0.5696905656494851,1.0,10.408943177848476,3
390.12992638768276,65.7465151197215,387.94725999290654,24.0,40.0,-0.30045571834894824,3.1888229846954346,12.438274756125939,0.34568689031484784,1.0,9.392191886901854,3
417.58280737678353,42.14406170744253,414.85835500499553,34.0,40.0,-0.2720061890952614,3.076371908187866,12.408017264719065,0.2700431617976595,1.0,9.159980773925781,3
496.98604865152095,21.039241359229564,495.28105937973436,34.0,40.0,-0.25031487310281564,2.2804648836716925,12.42259837137159,0.306495928428975,1.0,8.18027114868164,3
569.0895789323622,53.468209994699,566.8905742218761,34.0,40.0,-0.2477023128528596,2.3104777336120605,12.525303629940453,0.5632590748511337,1.0,10.047110336505817,3
508.1957886756262,34.975766324517004,505.1244961772734,34.0,40.0,-0.2735142817668648,2.695886076313175,12.426683839022466,0.3167095975561603,1.0,8.580850601196289,3
789.6452352872573,42.234021530465476,800.351243276665,11.0,30.0,-0.24951943483423444,2.645302985745633,10.613396845458277,2.23409863766685,4.0,9.859397888183594,3
538.0918857972292,52.97097241315318,536.0685208930029,34.0,40.0,-0.18698195580886695,2.3829430362716346,13.431411292622446,0.9812980893858353,4.0,9.89350700378418,3
542.124891460712,31.684395761517262,544.2975536515563,34.0,40.0,-0.2626288863101313,2.6082305908203125,12.405098841348089,0.2627471033702215,1.0,10.036569595336914,3
703.6068285792041,15.98384928363976,699.7774361321086,24.0,40.0,-0.2578747772780456,2.718986123357264,12.428864192453124,0.32216048113281137,1.0,10.341493606567383,3
442.210472259302,34.0377352835209,441.5935226431333,24.0,40.0,-0.2692466532466734,2.600655981641731,12.374485414233739,0.18621353558434328,1.0,9.471940994262695,3
662.387200139967,52.349310323229936,659.653414241232,24.0,30.0,-0.23694257649806102,2.601614308278292,10.672885305211805,0.8871208588357469,1.0,8.629607200622559,3
518.5984726740193,34.82524782912836,519.5529268290255,34.0,40.0,-0.27786123561899834,2.327018233081189,12.497711355339142,0.494278388347849,1.0,9.87442398071289,3
761.30398776584,46.295530450419264,761.4559596918925,34.0,40.0,-0.25097862701599516,2.612121105194092,12.51416067541487,0.5354016885371712,1.0,9.11945915222168,3
493.98588017262625,35.93013835901343,490.4930453517079,34.0,40.0,-0.2572041114810612,2.4010043144226074,12.503523187561644,0.508807968904109,1.0,10.117481231689453,3
382.11572556084064,38.9375018602009,380.68873374253695,41.0,40.0,-0.32172153740003157,3.347894191741943,12.344915457725802,0.1122886443145025,1.0,10.481391906738281,3
470.3216326900896,14.863080843479167,469.71978534881356,24.0,40.0,-0.21747095702607455,2.7686014124617353,12.416282209485363,0.29070552371340724,1.0,9.596631050109863,3
602.1310377003927,82.56218287997297,603.2559282878291,24.0,40.0,-0.30709864781556473,2.5739095211029053,12.61225291174398,0.7806322793599457,1.0,9.674468994140625,3
638.4832233900544,66.24496091554407,639.1927541628299,24.0,40.0,-0.21994019410455137,3.1561005115509038,13.257988981197567,0.44671086358998363,4.0,10.021720374656834,3
818.8566374204585,45.46286949311922,824.8889025969239,31.0,30.0,-0.19054022613773333,1.986100196838379,11.995677187539146,1.7561412976668478,4.0,9.459515571594238,3
457.6633953681263,13.67120196161496,457.3277637103339,24.0,40.0,-0.263591320596391,2.8360351778989674,12.42264879485997,0.3066219871499237,1.0,9.67659296736811,3
592.3124052306217,44.92515488914082,592.9583504750567,34.0,40.0,-0.316513939249551,3.013227739870943,12.381101505991765,0.20275376497941217,1.0,10.787861424309646,3
451.83568771788856,16.8874802489496,450.14976417222243,21.0,40.0,-0.2757662010456907,2.8902796388461898,12.485968336560425,0.4649208414010595,1.0,10.158910751342773,3
432.97779966563417,4.914013129952141,432.8224281895097,34.0,40.0,-0.31537412800071224,2.708836555480957,12.426509590465699,0.31627397616425146,1.0,10.46358742499305,3
656.7877003926857,65.14489488388061,659.0362583879776,21.0,40.0,-0.22087300971498586,2.361522912979126,12.61121314861586,0.778032871539651,1.0,9.845324516296387,3
739.6328326486179,36.64700558145678,734.5664772803641,24.0,40.0,-0.2208848578120793,2.5247836705523237,12.46741213438428,0.418530335960695,1.0,10.695342063903809,3
387.5546714013559,94.97991056187419,387.10549548625204,31.0,40.0,-0.22446114865082897,3.2748188972473145,12.679444154142582,0.9486103853564507,1.0,9.6616792678833,3
386.88626378610974,73.60972726868901,386.9352471508628,34.0,40.0,-0.23352941702870045,3.1091504073656235,12.510492452278495,0.5262311306962402,1.0,9.103490829467773,3
549.2589617812109,28.49910704650163,545.4632105301869,34.0,40.0,-0.23664031999407822,2.6576175689697266,12.595406977944576,0.738517444861437,1.0,10.145388791103228,3
405.0634517437567,53.11602348287556,403.99629743498974,24.0,40.0,-0.28525564680037196,3.326016265585465,12.390251605578761,0.22562901394690313,1.0,9.764145851135254,3
428.505695882635,8.485512107866938,428.14016241867904,34.0,40.0,-0.3174777303349048,2.7107040326889247,12.392375302002836,0.23093825500708715,1.0,8.127460479736328,3
403.2330743510322,18.672337238646513,402.3556173483306,34.0,40.0,-0.25297508254226964,2.844022512435913,12.365242411272444,0.16310602818111225,1.0,9.517049628377755,3
407.4675678127551,39.92222496895704,406.148824102791,24.0,40.0,-0.3002352699636645,3.3162076473236084,12.385173986665736,0.21293496666433562,1.0,10.610541343688965,3
429.401945283239,11.049779553174755,430.2316650094194,24.0,40.0,-0.29321751130473694,2.7667470333591995,12.412840334410586,0.2821008360264631,1.0,9.451825141906738,3
598.5125775974909,56.057363121650965,598.7234509200459,24.0,40.0,-0.2719111385227317,2.3929858207702637,12.52354023897454,0.5588505974363427,1.0,8.269965171813965,3
538.0431565168933,43.999334142766884,536.9129612817698,34.0,40.0,-0.35022935110560266,2.496173621707916,12.484355544865505,0.4608888621637618,1.0,8.613750457763672,3
373.5830536151685,61.09726625043342,380.7544735982806,24.0,40.0,-0.2239496690659262,3.1290816719518038,12.574545680483045,0.6863642012076081,1.0,9.358202934265137,3
515.5418799652674,33.10242080233715,519.5340045660951,34.0,40.0,-0.2824839891785487,2.4757018791918717,12.455588015245054,0.38897003811263064,1.0,10.12263298034668,3
521.514372545716,14.107307446818924,524.6968920280026,34.0,40.0,-0.25486292564541096,2.3716517971051454,13.328069195803721,0.4698794474349355,4.0,9.264931678771973,3
414.9539599020231,51.297840638980894,414.95236901511066,34.0,40.0,-0.29966243019591665,3.631277575398124,12.460113784007625,0.4002844600190603,1.0,10.804353713989258,3
554.1187841007762,52.065805476229066,556.479565596037,24.0,40.0,-0.25790633304606936,3.1938226222991943,12.501349921172721,0.5033748029318029,1.0,10.141982078552246,3
491.0245849587227,21.336400583330985,492.5476921723152,24.0,40.0,-0.21815193413620584,2.405440330505371,12.474680743488172,0.43670185872042977,1.0,10.238770484924316,3
624.9310791721207,36.726518752683546,627.956264787782,34.0,40.0,-0.2140228343896201,3.0736443996429443,12.894555116382088,0.393672559166959,1.0,10.817900657653809,3
400.44712354686965,49.682252663504386,401.9874903358696,34.0,40.0,-0.26378734461748155,3.1241324622899493,12.503490327613461,0.5087258190336496,1.0,9.313179969787598,3
529.9323816435764,36.95507020291146,518.6248395785353,31.0,10.0,-0.3212822529225119,3.493807635895193,9.660427635426625,0.7211968085287728,4.0,10.979723538784,3
524.5717039696219,96.5821597236514,524.072531765504,24.0,40.0,-0.250366822671725,3.113139636469201,12.59053344261416,0.7263336065353933,1.0,10.771405220031738,3
661.565956247327,50.15027413818599,660.8540171564657,34.0,40.0,-0.2912980107476451,2.6246957226304817,12.440090189271817,0.35022547317954456,1.0,9.033552169799805,3
756.7513834709246,62.31354822760908,769.2148148686271,24.0,40.0,-0.22369021352353133,2.3857414722442627,13.350720320519637,1.5480336780114496,1.0,9.952329635620117,3
276.12589909410275,77.37002650618174,275.47456814387806,24.0,40.0,-0.2427268003739592,3.6241068840026855,12.45577270802972,0.38943177007430185,1.0,10.417023658752441,3
402.61358393488945,78.26784749098559,391.60113952229744,34.0,40.0,-0.22731129621569116,3.06890869140625,12.76983934659841,1.1745983664960253,1.0,9.371383666992188,3
643.8239784347013,55.39769082147448,641.5022316300846,34.0,40.0,-0.20983505809040884,2.4718234539031982,12.54421462127509,0.6105365531877255,1.0,9.94953155365247,3
394.23629812988435,36.754460261416966,390.880349100397,34.0,40.0,-0.27534608253686677,3.421341616191611,12.432029942849617,0.3300748571240398,1.0,10.776034355163574,3
512.5466168141936,81.97961950003423,503.8291252311141,34.0,40.0,-0.26404019262868006,3.1979525089263916,12.600384794768672,0.7509619869216793,1.0,10.221318244934082,3
424.99727193789596,39.73786796706224,422.83692606094166,31.0,40.0,-0.23507674991596142,3.0866194564775125,12.555449082172418,0.6386227054310435,1.0,9.627983093261719,3
505.03641736110217,36.972404595875055,504.557743613116,34.0,40.0,-0.26893288227790374,2.4086217880249023,12.549262883567359,0.6231572089183974,1.0,10.117481231689453,3
529.255187205972,51.296827685737355,525.0518710090597,34.0,40.0,-0.24321009272698146,2.3984882831573486,15.840116330644069,0.5572412290156868,1.0,9.89350700378418,3
279.57074169593454,42.664808342491334,276.4873413814853,34.0,40.0,-0.24987071466647,3.616457189945196,12.491453164882726,0.4786329122068105,1.0,10.539975166320799,3
470.4804499682479,102.45337512537905,474.6260236780476,21.0,40.0,-0.28013380126558174,3.246385519751831,12.707838919022986,1.0547348670550067,1.0,10.022557258605957,3
450.9234328222805,36.04394232312933,451.88842508884045,24.0,40.0,-0.29680364780316576,2.4060721710003534,12.459462149819966,0.39865537454991273,1.0,9.103961944580078,3
552.1012298959319,67.22338807145142,553.9994897405251,34.0,40.0,-0.2967071347979995,2.4081709972799645,12.411207460902054,0.2780186522551353,1.0,10.50339412689209,3
382.5314342737912,61.39160092406442,383.3255771801047,34.0,40.0,-0.24303139077934027,3.3135323635000242,12.39283635716932,0.23209089292330498,1.0,9.225170771903016,3
356.18782804784803,54.5938791841987,354.6768393478783,34.0,40.0,-0.2590814781583931,3.2828357219696045,12.407940526720925,0.2698513168023104,1.0,10.390067100524902,3
484.47292025764307,28.395844585422445,483.6174829827394,24.0,40.0,-0.26255927426567127,2.312374683742187,12.464641055509588,0.4116026387739676,1.0,8.664637565612793,3
675.3675950285767,25.414170249478538,666.2218988877639,24.0,40.0,-0.22825435129448135,2.998903274536133,12.354868232630174,0.13717058157543136,1.0,10.714071100121284,3
642.1228340742084,62.960573977082355,640.6314010156387,24.0,40.0,-0.2527556971944317,3.2374963760375977,13.237630467013688,0.1865419209588787,4.0,10.160566329956056,3
319.3659685592463,71.4925693861104,318.1603763160249,34.0,40.0,-0.2652520442729374,3.742243766784668,13.28863931586241,0.22159828965602799,4.0,10.052062232433698,3
618.873935666982,63.032441314548564,621.7866262113897,34.0,40.0,-0.2560901050183028,2.476893186569214,12.724405820453672,0.92093812003557,1.0,8.787369728088379,3
373.7975207682646,65.77853420742079,373.6380197017283,21.0,10.0,-0.29380523135262576,3.769594034803358,7.627038346583332,0.9288316267525469,4.0,10.382560729980469,3
712.6177732274075,26.992937639599916,712.064949528345,34.0,40.0,-0.25031769858881014,2.642098193999139,12.449572049285896,0.3739301232147364,1.0,10.611120223999025,3
721.6164253962497,23.753482266558244,719.2817140039535,34.0,40.0,-0.24096185374379714,2.7201764583587646,12.44723647168074,0.3680911792018527,1.0,11.105585098266602,3
584.8658519200113,78.18321383563038,579.6280721326591,34.0,40.0,-0.2161506426919746,2.4924468994140625,12.473679260645314,0.4341981516132865,1.0,9.674468994140625,3
562.407602286129,31.7269821382308,561.9587769340952,24.0,40.0,-0.2890062749785974,2.529475153309025,12.425798492114557,0.3144962302863923,1.0,9.151579856872559,3
547.9898653464835,36.67551108511963,545.4435153033276,24.0,40.0,-0.24645798924704268,2.8282730579376216,12.376150966033286,0.19037741508321449,1.0,9.433505058288574,3
467.2695500317518,32.217842127538944,467.557178402146,34.0,40.0,-0.26777574898183176,2.407319784164429,12.367048902388934,0.1676222559723313,1.0,9.417469024658201,3
412.15673721180383,6.747487689132575,407.54681159517406,34.0,40.0,-0.25705201025019125,2.65625,12.400357416725182,0.25089354181295015,1.0,9.056681162474188,3
665.254766008735,69.38879193950008,662.9194551843798,34.0,40.0,-0.29879496460608745,2.614180564880371,12.482690847436643,0.4567271185916056,1.0,9.477063226384042,3
515.1760345252135,98.09219967584598,512.550969082547,24.0,40.0,-0.24181170884205389,3.3358385562896724,12.518632664436426,0.5113857719760967,1.0,9.367818832397461,3
413.2747793574474,38.380008661271084,416.6659839060747,24.0,40.0,-0.28424175552884545,3.0314725140536134,12.446006700559566,0.3650167513989156,1.0,8.99413013458252,3
679.5582191780823,47.05631090624793,675.9023023714531,34.0,40.0,-0.2805553707993311,2.57977313864721,12.494861359194301,0.4871533979857514,1.0,9.859397888183596,3
379.79257980067626,73.54056559862842,376.9563939816376,34.0,40.0,-0.24200890780587694,3.083655031226619,12.464698586191972,0.4117464654799232,1.0,9.103490829467773,3
362.4321354051921,71.92911180987191,358.151661201729,34.0,40.0,-0.28859844728996303,3.71442203648043,12.006309559681867,0.6357017124783905,1.0,10.074603080749512,3
504.94701986754967,31.672233109740876,504.3978299806504,24.0,40.0,-0.22785461008849217,1.9081307649612427,12.429091243144397,0.32272810786099215,1.0,7.595056533813477,3
408.9758621583441,13.499558250683284,405.9360641960227,34.0,40.0,-0.22931911684042933,2.753892471645675,12.459369504772944,0.3984237619323623,1.0,9.09040355682373,3
644.3027047342566,26.577039045159072,638.4557583235746,21.0,40.0,-0.25733181312339515,2.9125072956085205,12.547614965699815,0.6190374142495376,1.0,9.698505401611328,4
650.80610671194,27.41505004066016,644.7879522470462,31.0,30.0,-0.18247753606180298,2.670504331588745,11.754411510402273,1.801880048021291,4.0,9.151579856872559,4
511.2788196109435,5.042817628245826,509.8634949359323,21.0,40.0,-0.24795199949294092,2.9292783737182617,12.869091162244704,1.422727905611759,1.0,10.52122908515706,4
427.09751040033257,34.87665116509286,432.34409635776296,31.0,30.0,-0.27215154295303495,3.5460352897644043,8.670118571789159,1.3669865319861474,1.0,10.929823875427248,4
716.5914192402902,20.512006651011664,725.7925945846616,21.0,40.0,-0.24058106330324094,2.986384512160389,13.894670158251305,1.7939161001292394,4.0,9.154289288530144,4
478.71266896489146,20.349522939026404,479.3558813380769,34.0,40.0,-0.24736626186696872,3.2331097191327243,12.452745012845563,0.38186253211391036,1.0,10.640653610229492,4
644.5507089073498,21.716706276102787,642.5976020270259,34.0,40.0,-0.31423684755548326,2.9885005950927734,12.467049030422103,0.41762257605525754,1.0,10.689562379497362,4
468.0045359702436,78.299015389663,457.85816549837307,31.0,40.0,-0.32277330601268367,3.941509485244751,14.225380591347797,2.5634514783694913,4.0,10.911263465881348,4
608.0785338448181,3.4023488900654764,607.8598273842076,24.0,40.0,-0.25814268162859033,2.810757105085629,12.44656583478116,0.36641458695289425,1.0,9.352738380432129,4
482.87253923614225,22.254499263044984,492.5123656826315,21.0,40.0,-0.30100531832867294,3.303976803609769,13.132735412912215,0.9715982554567947,4.0,11.008800506591797,4
640.4202803229608,23.131256187356048,636.9050525478356,34.0,40.0,-0.26604722632351546,2.911222219467163,12.496906670390596,0.492266675976486,1.0,10.693098068237305,4
575.7971514106862,30.35251801535202,579.658843362518,21.0,40.0,-0.22179456340206224,3.073373556137085,11.60797292876168,0.9646485645659268,1.0,9.753168106079102,4
662.1782506706758,22.22396578989276,661.1872430102017,34.0,40.0,-0.25642278330621926,2.8658461570739746,12.501123379071574,0.5028084476789354,1.0,10.443496704101562,4
545.5251292751518,34.744908739679865,538.0004105061374,41.0,40.0,-0.19943850664786542,2.4528249154075623,12.627981515350394,0.8199537883759833,1.0,8.875469207763672,4
444.1358976685119,99.85534822561661,505.4035354111775,41.0,40.0,-0.25157043576418986,2.6109379121702014,14.315684700304173,3.100492708757427,4.0,8.712539672851562,4
658.5335013802309,17.804288189580074,656.9310783415596,24.0,40.0,-0.24846955002964027,2.960991382598877,12.431030322568752,0.32757580642187467,1.0,11.272444723170322,4
331.59945438757995,44.41635970943802,358.1667212543632,21.0,40.0,-0.2541474473888178,3.858518123626709,12.418251255688158,3.2839690757039226,1.0,11.081669807434082,4
429.982594834178,75.69154366384039,427.9892074836699,31.0,40.0,-0.27811369110787726,3.201486825942993,11.654337325456845,1.3645177735376741,1.0,9.171445708452136,4
483.82549474475496,10.847649234004088,480.4862327465445,21.0,40.0,-0.2797952174693889,3.2114496231079106,12.654700424258051,0.5280854134917129,1.0,10.75760555267334,4
692.4828864322651,12.239436806982852,700.2928944693742,21.0,20.0,-0.228189407956076,2.9918150901794434,7.711919552425748,1.2797988810643692,4.0,10.58407974243164,4
450.21545858659204,2.8287488611624454,447.3332283125921,31.0,40.0,-0.24738443578305108,3.205267031461197,12.500805646865134,0.5020141171628281,1.0,10.106717109680176,4
582.2759295499019,65.94370865685616,578.7044129659063,31.0,40.0,-0.2572121347638813,3.2328672409057617,12.550429338462195,0.6260733461554874,1.0,10.389555931091309,4
446.1055747074299,5.912121878256961,448.20342769101967,34.0,40.0,-0.27664374509289125,3.030275712663851,12.383458506200434,0.20864626550108237,1.0,8.43904972076416,4
698.5405353740882,44.78343930957893,690.4619947287558,31.0,20.0,-0.29581443820838105,2.480390787124634,11.233429129072588,3.2257447100339465,4.0,8.170492172241211,4
514.6905107502494,35.41044901025052,517.3753378320536,21.0,40.0,-0.34954003330276673,3.4385428428649902,11.032413533406542,1.2125599607048085,4.0,11.055930137634277,4
647.0479516854369,1.5200856795852962,646.8095612006531,34.0,40.0,-0.26906209423348487,2.894091129302979,12.447558862218555,0.3688971555463898,1.0,10.859532356262207,4
462.53210818937026,30.746682866343193,461.144701412956,34.0,40.0,-0.28015570270140894,3.235048532485962,12.524991415854636,0.5624785396365926,1.0,10.430794033783176,4
751.0963699278132,69.37110459542562,744.7934142431226,31.0,40.0,-0.27518692309955184,2.8063056468963623,12.370870419965964,1.6921544716564973,1.0,9.616023063659668,4
612.3846502766947,21.412850976107762,607.758416340756,34.0,40.0,-0.25130703228156465,2.810093641281128,12.500304108482304,0.5007602712057589,1.0,9.616775512695312,4
610.1836938349679,36.25963724444986,607.009090484936,34.0,40.0,-0.13933577746421083,3.0218397197344453,12.467132179623011,0.41783044905752287,1.0,9.81641960144043,4
617.7992087971897,71.08610578438963,597.428933259684,41.0,40.0,-0.2300367869135572,3.3447845286091433,12.877904121644589,1.4388117031342822,1.0,10.267667141445932,4
496.2279098249115,11.305857997641649,492.43296866982314,34.0,40.0,-0.22974287504912383,3.0880537033081055,13.165953739809767,0.34639119883947034,4.0,9.120280265808105,4
606.8983100270857,40.58706201201194,601.8785507505297,34.0,40.0,-0.2942063440608764,2.3706086484420092,11.886415995097558,2.0729447064488817,1.0,8.858275137200259,4
643.9737691320746,1.4339811434158027,643.2522130953259,34.0,40.0,-0.21212340842445274,2.970959186553955,16.08971593210443,0.3711807466571747,1.0,10.859532356262207,4
755.8217979290055,42.78504597442674,720.480923722591,31.0,40.0,-0.2390302364464583,2.5787318915299027,13.44773750612802,1.885365460217713,4.0,9.5340576171875,4
644.8018169800807,55.18991483900891,643.3922223285058,34.0,40.0,-0.2662171779922913,2.445728683191736,12.564184408845334,0.6604610221133275,1.0,8.629607200622559,4
519.053119451536,18.586309802549263,521.9364542120234,21.0,40.0,-0.22273080028606396,3.030566035884699,13.259255733684064,0.7180896653360241,4.0,8.5697660446167,4
644.4727517787485,27.905511391794377,645.8542369679831,34.0,40.0,-0.277585051787616,2.887970925591768,12.422171467167924,0.30542866791980816,1.0,10.444868087768555,4
572.9593091069321,48.227906582466474,573.1489895699135,34.0,40.0,-0.2536141048282149,2.50427948105856,12.569615812085948,0.6740395302148665,1.0,8.902987480163574,4
665.7514936302014,40.00081557020215,664.1686136645654,31.0,40.0,-0.23346204299734785,2.1285581588745117,13.04543475897529,1.3523085314242822,1.0,9.446487426757812,4
319.71749977320326,42.51371454619793,290.5549188202258,31.0,40.0,-0.2558058865738756,3.469041585922241,13.924136009841835,2.026093449262119,4.0,10.19874095916748,4
625.6210034862172,25.174200886307133,627.3967283599939,34.0,40.0,-0.29402201180465537,2.916605234146118,12.394591324425006,0.23647831106251288,1.0,10.887286186218262,4
454.2768237840354,65.19829390180806,454.2713446932348,31.0,40.0,-0.22644524606121036,3.420807732527969,12.559581020953022,0.6489525523825516,1.0,10.280324935913086,4
643.8979957491479,11.079231918426578,642.6423738574313,24.0,40.0,-0.24470664193832506,2.65407395362854,12.547296500168066,0.6182412504201646,1.0,10.21086597442627,4
442.06865190964345,0.849577920556242,442.28448120119947,31.0,40.0,0.004331513088912227,3.5832569599151607,16.075618879225374,0.1857359397848517,4.0,10.722140312194824,4
430.761965241508,16.64736139174627,435.3642460907142,34.0,40.0,-0.3046554415169376,3.3164323416708026,12.49013351850957,0.4753337962739167,1.0,11.175004005432129,4
580.9177434196032,30.395580686304257,577.4636229883403,34.0,50.0,-0.13858507545390072,2.7621495723724365,15.53283739859996,0.5820934964998992,1.0,8.465778350830078,4
395.93495418670057,12.711364203540032,395.6910598356807,34.0,40.0,-0.3043771318883631,2.959813356399536,12.348510972278842,0.1212774306971032,1.0,9.559901237487793,4
582.2275242674409,35.99288245869919,580.4101226176205,34.0,40.0,-0.28136717429865865,2.9534892653299156,12.455861972049291,0.38965493012322283,1.0,9.629817962646486,4
662.8846211168855,5.304503751725984,657.0648081704296,41.0,40.0,-0.2581637057879326,2.858614865581117,12.482811343157278,0.4570283578931978,1.0,9.930274963378906,4
503.46285040370145,4.111105442579908,504.7893789019003,34.0,40.0,-0.26711943557052986,3.024015188217163,12.47917863994814,0.44794659987034796,1.0,10.195333480834961,4
589.8312424670492,45.743464786339985,585.719959262741,34.0,40.0,-0.23835203260028287,2.425563599498769,17.19507093850153,1.0790131570911885,1.0,8.902987480163574,4
698.6702511631527,66.29962825405309,692.0207781962805,31.0,40.0,-0.2580780718500736,2.4730642564249354,14.095259937767029,2.4913541833971036,4.0,8.982027053833008,4
459.05926569121686,24.720156555772988,450.5785129518591,31.0,40.0,-0.29081290462685994,3.5346641540527344,14.045598304557345,1.0475535172545145,1.0,11.25581169128418,4
680.1822682443203,25.60856114021754,678.6945529516086,34.0,40.0,-0.26855490326924286,2.8075809478759766,12.447798315960458,0.36949578990114046,1.0,10.753251075744629,4
467.3501607029458,12.221390176105565,464.7008148975273,24.0,40.0,-0.2561110055421441,2.98294997215271,12.40847888534902,0.27119721337254543,1.0,8.929386138916016,4
717.9349477067431,72.86378168752957,716.2763005745336,31.0,40.0,-0.27731369493722535,2.799886703491211,13.61508585627655,1.0377146406913826,4.0,9.616023063659668,4
736.6874489703349,15.522521398119359,735.634237170901,24.0,40.0,-0.2662230471094518,2.960538338351723,12.49185506458033,0.4796376614508246,1.0,10.58407974243164,4
656.037285675406,14.90313808835625,658.3698713110026,24.0,40.0,-0.27716837857862475,3.000340223312378,12.428215102552231,0.32053775638058035,1.0,10.707939147949219,4
617.9119373776907,8.903812855496284,618.7600469563649,24.0,40.0,-0.2965953350145354,2.797154426574707,12.409510271677105,0.27377567919275925,1.0,10.033443450927734,4
703.88569354985,52.584261019679815,695.3364465231253,31.0,40.0,-0.25253816867798273,2.6069054276975865,12.758968570618922,2.827386045979358,1.0,9.919210433959961,4
614.4382719249362,12.918458183912378,610.0076538840167,34.0,40.0,-0.2644914580278702,2.891594648361206,12.521637889710057,0.5540947242751428,1.0,10.693098068237305,4
598.5528440533421,47.929454871368556,589.6464984965132,31.0,40.0,-0.25313475075760417,3.2134914398193355,12.705953191999809,1.0148829799995196,1.0,10.141982078552246,4
520.3751312191392,19.38580115222268,515.2250109065311,34.0,40.0,-0.22244642054392136,3.3003334999084473,12.499045550899417,0.4976138772485415,1.0,10.773335156375412,4
565.5568486670727,49.7112085576752,567.8172154908534,34.0,40.0,-0.27812063774453155,3.213491439819336,12.460418362370364,0.40104590592590966,1.0,10.141982078552246,4
509.8140576197817,12.1386345904358,512.5181937261032,24.0,40.0,-0.2428820850731595,3.374074202461019,12.436720020013604,0.3418000500340133,1.0,10.991257667541504,4
429.5056958826352,17.828762739862512,429.9286340512858,34.0,40.0,-0.2855209975726349,2.876960039138794,12.413759813465019,0.2843995336625443,1.0,9.044109344482422,4
460.7239343709906,21.843882791922866,456.68271170513935,34.0,40.0,-0.2753236243767491,3.2424235343933105,12.517870795776755,0.5446769894418871,1.0,11.008800506591795,4
630.9663042210444,19.56086607537631,631.973289784892,24.0,40.0,-0.24694829356204465,2.8874845504760747,12.585521736110227,0.713804340275567,1.0,10.693098068237305,4
619.3721763585227,36.2494059705091,613.2131821823496,31.0,30.0,-0.2562959634384715,2.5731598481740035,11.673795624613344,2.314852846346869,4.0,10.036569595336916,4
589.861737147004,43.20579852566002,588.5672770848583,31.0,40.0,-0.2483599336204691,3.1607799530029292,13.002691816165388,1.367271135260642,1.0,10.145605087280273,4
489.3124473503454,46.19634948859523,498.0625298040868,31.0,10.0,-0.3265991675527704,3.511730670928955,4.986373414724513,1.9659335368112818,4.0,10.215607643127441,4
431.1528621972239,48.01775672183487,416.6661795389737,31.0,40.0,-0.2985524860806615,3.527696132659912,10.317583602996047,0.8628717354229031,1.0,10.215607643127441,4
638.9391207993676,15.557372749961889,635.5193024541866,24.0,40.0,-0.22441096023590032,2.9266922473907475,12.496448721783377,0.4911218044584399,1.0,9.832747022699703,4
611.0970308834773,10.179970100243247,604.7028224452318,34.0,40.0,-0.2683821365141064,2.8508243560791016,12.505968935016456,0.5149223375411383,1.0,9.949196815490723,4
655.5910596026489,11.643131208272855,651.8371111382016,34.0,40.0,-0.30016459506396576,2.9233381748199463,12.454277238006258,0.38569309501564386,1.0,11.272444723170322,4
367.2216275061235,63.774955871679076,361.41885208045045,41.0,80.0,-0.23735744961791796,3.1216957569122314,17.10688246895247,0.3416187642341666,1.0,8.840418815612793,4
719.5981130363784,66.68031040081765,728.2752474758413,21.0,40.0,-0.2108119389404861,2.4309849739074707,12.898647062626235,1.2720579696771313,4.0,9.449698448181152,4
780.2719087362788,42.9401923722753,777.3593286394716,34.0,40.0,-0.1916247749314013,2.015306028601241,13.401365708402345,1.736290983334596,4.0,9.459515571594238,4
653.452712510206,12.927732143882636,657.5608809210802,24.0,40.0,-0.29761224632364075,2.9015955924987793,12.451435851747434,0.37858962936858065,1.0,10.707939147949219,4
368.1835221160954,53.75251521227679,367.27137777922496,34.0,50.0,-0.1974425306817068,3.2295801639556885,14.647918409728105,0.2530093704405264,1.0,9.584443092346191,4
619.0909915630954,11.29442947257566,618.1086959175407,34.0,40.0,-0.3098297759102058,2.7966367993133745,12.455866404613031,0.3896660115325788,1.0,10.033443450927734,4
592.7561235598293,35.5071609404524,592.4834398631118,34.0,40.0,-0.3244037861248639,3.0224428013579487,12.487321945573115,0.46830486393278603,1.0,10.383079528808594,4
504.34997602415694,35.53635867040488,493.8026325863924,21.0,40.0,-0.24247225956204496,2.5424065589904785,13.033332109982751,1.833330274956877,1.0,8.664637565612793,4
494.383312165472,50.833663138920194,490.8546343944662,21.0,40.0,-0.24464793302012322,3.2419087886810303,13.42414638362573,0.5640911246272893,4.0,9.209528923034668,4
619.7641457472038,3.9491462937900903,619.7772614493191,41.0,40.0,-0.2836801071838631,2.778839588165283,12.426243066761458,0.31560766690364206,1.0,9.08980941772461,4
412.9271069581786,55.64206934285241,404.0404873965368,41.0,40.0,-0.30457544427966315,3.391494989395141,12.759234135002535,1.1480853375063313,1.0,10.205185890197756,4
677.4067404517824,8.665250447506118,678.1257760342351,34.0,40.0,-0.23226976604041316,2.787595782848385,12.502955418241317,0.5073885456032929,1.0,10.592938423156738,4
622.3748525809682,55.4266887228876,624.4703995992671,34.0,40.0,-0.2266291240204014,2.9910106658935547,12.584542691360463,0.7113567284011518,1.0,9.808762550354004,4
509.46826764816427,24.26117707861171,509.7658643281174,34.0,40.0,-0.2527764695510235,3.000692367553711,12.464560617999942,0.41140154499984943,1.0,8.5697660446167,4
482.1119023859204,16.05024576498101,484.3976882505644,21.0,40.0,-0.24359994190938283,3.284404993057251,12.60401935464345,0.7600483866086221,1.0,10.967751079342838,4
582.3892089267897,28.707718535291903,580.9485398164488,34.0,40.0,-0.24391296435749163,2.6131353316444166,12.562135321258289,0.6553383031457212,1.0,11.115530014038084,4
624.7859799639714,25.774991321674207,625.95852134043,34.0,40.0,-0.318815967720356,3.0649783574280796,12.431647502227035,0.3291187555675835,1.0,10.63705062866211,4
752.0929744300878,93.54384784568374,751.7362472975763,21.0,40.0,-0.2225041970991251,2.7653572298076057,13.032178914051826,2.673816992624212,4.0,8.981090545654297,4
647.479840852244,51.6878719423857,631.3072207425616,21.0,40.0,-0.23562383020431393,2.4940738677978516,13.756767692573456,1.3919192314336442,4.0,9.031493142159713,4
473.4113379816228,24.879608599746454,468.5852217922743,21.0,40.0,-0.24347627057283405,3.1972556530056617,12.526745888007751,0.5668647200193755,1.0,11.008800506591795,4
617.7072484804498,15.946392095691799,617.9738527932931,24.0,40.0,-0.2326339554902015,2.8857262134552,12.51531024037107,0.5382756009276758,1.0,9.616775512695312,4
514.7751227951944,63.63753572067455,508.35050072115456,34.0,40.0,-0.23672754012540773,3.325195074081421,12.66624778515158,0.8560970033462778,1.0,10.335772514343262,4
496.7968468526854,47.065638168757594,488.3374331862361,21.0,20.0,-0.2524580143398754,3.204526662826538,8.947282171692674,1.1897668397883578,1.0,9.95270824432373,4
444.02095618252747,18.545578284497044,437.7570429520501,24.0,40.0,-0.2935022685095874,3.441149950027466,12.538390362004257,0.5959759050106426,1.0,11.146705627441406,4
634.8446235792695,17.52874493780165,632.1674468080921,24.0,40.0,-0.27582303303772987,3.0015989087037394,12.47764520577875,0.44411301444687074,1.0,10.580527305603027,4
487.52325008747937,12.216210262119972,478.28883847635245,31.0,40.0,-0.285818284660108,3.1112751116026325,13.323141735262233,0.7027218878244833,4.0,9.794961569127272,4
470.0565635489421,22.246916549263872,466.9339539746686,34.0,40.0,-0.29780813700964764,3.3716795444488525,11.942140595785087,1.2521014667829067,1.0,10.82144832611084,4
621.3346671245837,9.710941293492617,613.0266767524004,24.0,40.0,-0.25423739091104713,2.8508243560791016,12.493639815076682,0.4840995376917014,1.0,9.949196815490723,4
595.9586060315446,14.990554604922252,606.7708947922076,31.0,20.0,-0.2426437586876176,3.183920383453369,7.694565019125099,0.7714107982242082,4.0,9.532247543334961,4
746.1704941615587,73.72126896938065,753.157765405533,21.0,20.0,-0.26625629563778086,2.9444345831871033,9.098003315710173,3.470530249851342,4.0,9.712974548339842,4
619.9231282642787,24.05791064485488,620.1769522515663,24.0,40.0,-0.22738267732254677,2.8579959869384766,12.52715700045625,0.5678925011406205,1.0,10.747808456420898,4
453.01710708777756,9.477857407374971,452.1166046819287,34.0,40.0,-0.26460491219479126,3.292848587036133,12.471372605712055,0.4284315142801335,1.0,10.9373074305734,4
420.503035860085,14.510779748429671,419.6261517553927,41.0,40.0,-0.1974874146160939,3.2969954755674826,16.689460008152977,0.3140559573199669,1.0,10.320243835449219,4
708.8822105726989,54.3141777981682,697.6383962076656,21.0,40.0,-0.24344797152937728,2.2499101161956787,13.813311309013946,2.390642258227087,4.0,10.162633895874023,4
283.9182164565001,42.676227361921676,278.7328017666608,34.0,40.0,-0.25159293460138143,3.616457189945196,12.666418580205715,0.7575993399273224,1.0,10.5399751663208,4
619.2099506227236,33.10859776582419,630.46812120682,24.0,40.0,-0.2036693736522068,3.0218276977539062,12.605897155840037,0.7647428896000855,1.0,9.631074905395508,4
608.5834683324479,3.1904321408432876,608.4689056131101,34.0,40.0,-0.25795537981799876,2.8138792514801025,12.440029658892545,0.3500741472313577,1.0,9.352738380432129,4
552.3474034810331,27.704383331629856,551.7979293639132,34.0,40.0,-0.2705146999101345,2.6588186228578574,12.583649540206135,0.7091238505153393,1.0,9.957233428955078,4
476.0307149985098,82.01672898944581,471.69293832508913,31.0,40.0,-0.26982977737194386,3.2071600815808035,11.174599143204324,1.2198825990072533,1.0,9.222132682800293,4
484.01281411594005,10.033763632078273,485.29177569832586,31.0,40.0,-0.24730739554681475,3.374929428100586,12.886261783435241,0.6928101784465257,1.0,10.992993524629776,4
557.1059732248154,24.811368017347494,564.8469506263718,31.0,40.0,-0.23574395948660543,2.4590463085679817,12.978012442740205,1.6950311068505104,1.0,10.12263298034668,4
746.6983579787714,46.56179213107235,740.1821459984031,31.0,40.0,-0.24686483334587206,2.7111408710479736,12.585767275360022,0.7144181884000486,1.0,9.11945915222168,4
436.2518370679488,3.4592553477837304,437.2576896621107,34.0,40.0,-0.3454144742273272,3.135113810071883,12.420307258141623,0.3007681453540537,1.0,9.205620765686035,4
607.0852794805669,32.221446865117294,603.5965463626915,34.0,40.0,-0.2300040355944764,2.9080936908721924,12.490000920525851,0.47500230131462484,1.0,9.698505401611328,4
670.0386723863093,21.255114060312252,671.6501800437838,24.0,40.0,-0.22083626362258418,2.872393680724087,12.481738742479843,0.4543468561996062,1.0,10.443496704101562,4
426.86403105195643,32.80825778907804,422.3532227510133,34.0,40.0,-0.24960811339892647,3.343106746673584,12.59718295139157,0.6303276173301511,1.0,9.799393653869629,4
386.2589229014675,59.687623126843945,384.9420611787598,21.0,40.0,-0.26610559012420903,3.7720611095428467,10.215540272597938,1.6655063106328551,4.0,10.29187470826151,4
657.0898575705346,20.96161962537775,657.6814189724065,34.0,40.0,-0.2177225244724893,2.912872536541663,12.485228673238485,0.46307168309621094,1.0,10.443496704101562,4
496.67697087907055,15.10290881330631,495.58958897700757,21.0,30.0,-0.28450789907944174,2.572864123753139,11.628144306471645,1.3853919995740367,4.0,10.560352325439453,4
389.27849561306846,74.31946485786209,380.8548280830613,31.0,40.0,-0.24958757560150432,3.1163519399273425,12.837115157257244,1.3427878931431088,1.0,8.839346885681152,4
554.9667318982387,43.37086446371521,560.2606888528303,21.0,40.0,-0.22967346330773128,3.1035792827606197,13.090936954368676,1.0121527175658884,4.0,9.95270824432373,4
571.6941427664232,73.27143229483839,574.8197396545927,24.0,40.0,-0.2516120267009812,3.2716295719146733,12.731962246357567,1.0680302837960927,1.0,9.675954818725586,4
455.6451737276603,12.072981514416357,454.5245376250536,34.0,40.0,-0.2458548900238471,2.8465354442596436,12.41551547745679,0.28878869364196835,1.0,9.628052708328955,4
625.9139332045982,12.480121453599425,625.9055202580681,34.0,40.0,-0.2401936639687543,2.815324306488037,12.52795341233688,0.5698835308421965,1.0,9.616775512695312,4
624.7391428312228,4.043390765886862,623.1582884410122,24.0,40.0,-0.23195755501920245,2.778839588165283,12.420650790475447,0.3016269761886106,1.0,9.08980941772461,4
630.3415553193975,46.73270182333177,644.9364036187994,34.0,40.0,-0.30238376569114755,2.4974525170783477,11.686316504909913,3.257595898036417,1.0,8.170492172241211,4
456.03818638949724,11.820521153070759,461.23501953903343,34.0,40.0,-0.21968774109834716,2.6658184528350835,12.55037743187019,0.625943579675475,1.0,9.205620765686037,4
705.5275657391686,53.18087597940396,696.1875970170344,34.0,40.0,-0.25583564031434813,2.4646999835968018,12.706534448287158,1.0163361207178911,1.0,9.033552169799805,4
485.97414496960903,30.721426865439415,489.8859664403428,34.0,40.0,-0.2547160764255668,3.2483258018754935,12.311406971782294,0.02851742945572834,1.0,10.611795425415039,4
707.7067981234044,13.614849007533921,706.7110960159206,24.0,40.0,-0.24424059102657292,2.9962940216064453,12.61345741399877,0.7836435349969236,1.0,10.58407974243164,4
526.4166839465533,11.487243707445252,529.610470630928,34.0,40.0,-0.2515379780707514,2.7363266944885254,12.595587347215295,0.73896836803824,1.0,10.92339038848877,4
396.65623501509833,30.681998408671934,400.0838685119441,34.0,40.0,-0.27943799248894413,3.196056067548841,12.395198551463915,0.23799637865978684,1.0,10.444701194763184,4
623.813882660929,11.538017388977504,626.4711872621458,21.0,20.0,-0.2574357412396007,3.045973539352417,8.708277001644557,1.5461392971805552,1.0,9.748995780944824,4
735.2564637575978,22.195645793272192,732.2704680784636,34.0,40.0,-0.22860044445617886,2.9036965370178223,12.551312385445273,0.628280963613179,1.0,9.823613166809082,4
687.8544277549539,53.38977573809718,706.264529799382,21.0,40.0,-0.2385371297062372,2.6023335867370205,14.108856110458124,2.473299216542657,4.0,9.854674339294434,4
648.7048832959654,21.52257407732366,649.599339233071,24.0,50.0,-0.19622871140015116,2.9848783244825374,14.071191060676552,0.6462420598770245,1.0,9.880134582519531,4
571.2125004859968,30.317022306624654,580.9527078092308,31.0,40.0,-0.24215276789529083,2.4477544028237954,13.539927066955572,1.600099545539809,4.0,10.122344970703125,4
655.4083539611981,15.955774909637379,650.1990025241332,24.0,40.0,-0.2185928160552446,2.960991382598877,12.411798175553155,0.2794954388828909,1.0,10.97594928741455,4
485.56575212866596,15.478597790365658,484.1807422475533,34.0,40.0,-0.2920115624775608,3.171293769563947,12.398468167779575,0.24617041944893378,1.0,10.20418090062427,4
687.515636137427,8.197470007115214,681.0717494408569,24.0,40.0,-0.24556486124475457,2.8649914548886533,12.50188000244474,0.5047000061118434,1.0,10.812978744506836,4
674.7970995710266,26.859046362964165,671.3911301347159,24.0,40.0,-0.24118554251067384,2.8928967189315156,12.38602011905533,0.21505029763832267,1.0,10.441728591918944,4
662.8817407757805,68.8974557508974,666.5157904327135,31.0,40.0,-0.2381399741806901,2.4751299160100713,13.134521761758409,1.1959898348596074,1.0,9.146418157155734,4
461.36055455476196,7.189725423012849,461.9618124893442,34.0,40.0,-0.24957040024011773,2.960477681542562,12.457397503909684,0.39349375977420564,1.0,8.929386138916016,4
677.8403986469848,61.79020757884168,669.2452939660723,31.0,40.0,-0.2138469042575487,2.3974567593427083,12.542017178529548,1.6566622877009523,4.0,9.873803373885483,4
533.837573385518,33.9243740122117,527.3862075954962,41.0,40.0,-0.27943226823368195,3.059832811355591,10.597047476386066,1.3118456968356176,4.0,9.753168106079102,4
605.7820531097316,14.529998361387669,606.1276743382572,34.0,40.0,-0.21953299333518772,2.8793492317199707,12.45014004611743,0.37535011529357365,1.0,8.858155250549316,4
560.9363992172212,24.109493107241576,564.8288096400985,34.0,40.0,-0.19515925970343345,2.416738748550415,12.645536643588645,0.8638416089716086,1.0,10.122472348745088,4
491.2074623190472,74.52891508260001,481.0923363935554,24.0,40.0,-0.2911487330698075,3.2420332976524406,12.56314381609272,0.6578595402317966,1.0,8.923816680908203,4
578.0606394422051,46.74815745332274,576.7892970171919,34.0,40.0,-0.2686239351004021,2.9725617462436094,12.658798748945593,0.8969968723639811,1.0,10.699795043631775,4
646.8402755277925,2.5095307966161844,646.7628567428986,24.0,40.0,-0.28967129218961085,2.8291635513305664,12.553275129939987,0.6331878248499637,1.0,10.592938423156738,4
754.8626605409459,54.51831954399713,776.5040586391481,21.0,40.0,-0.21500974458263214,2.419312653942817,11.010014455042244,2.7701810294552716,1.0,10.572968482971191,4
751.597277121862,18.126074336837878,749.9755600975622,21.0,40.0,-0.23058704152432732,2.9035070976674158,12.590576561232933,0.7264414030823302,1.0,9.58190059661865,4
485.12542281722614,54.96012727666873,473.7135495643788,41.0,10.0,-0.30607531222472684,3.6519217491149902,4.58961437606966,0.9740359401741481,4.0,10.329880714416504,4
460.99445315638695,44.45047765256802,448.855402120818,34.0,40.0,-0.27991307336480276,3.4666714668273926,13.057291414332882,0.8596299562389279,1.0,10.46638329761602,4
623.232455515092,36.840184990088474,615.1188392152197,34.0,40.0,-0.25931604811194464,3.0221686363220215,12.723305036110164,0.9914137288039387,1.0,9.81641960144043,4
457.27684970386593,16.797665354122216,459.44076822810143,24.0,40.0,-0.22779923719969003,3.1979176998138428,12.490196006234509,0.47549001558626824,1.0,10.892833709716797,4
427.78214382913666,48.71639719164865,427.7408989740585,31.0,40.0,-0.298451255128511,3.527696132659912,10.387585834270377,1.0411577920890145,1.0,10.215607643127441,4
468.40681821127265,14.071259627500332,466.8641433238248,34.0,40.0,-0.2679513901940592,2.8548518407601438,12.495251874214903,0.4881296855372551,1.0,11.162985801696777,4
362.1562188152049,67.51031727982095,365.26906083896165,31.0,40.0,-0.25092132348585183,3.880936622619629,13.82571106386479,1.564277659661979,4.0,10.40513801574707,4
738.2290794572386,67.97512321535426,745.1174870445778,21.0,30.0,-0.2714829715974342,2.780688762664795,11.413818883773514,2.155184578052642,4.0,9.616023063659668,4
554.6110664714041,75.34477654049824,554.4269331188036,34.0,40.0,-0.2470802292329615,3.271629571914673,12.438944923208524,0.3473623080213065,1.0,9.675954818725586,4
608.9720584232966,35.63328027754237,605.805740430998,34.0,40.0,-0.259061927741824,3.07491010649097,12.413013804002713,0.28253451000677987,1.0,10.817900657653809,4
608.0635035834166,5.742828344261811,607.2571821153074,34.0,40.0,-0.18808274743108072,2.866931928347234,12.422475008822651,0.3061875220566315,1.0,10.004989289290066,4
465.84321094853675,34.089763439468484,474.15373894725917,11.0,20.0,-0.2983620786275309,3.3431067466735844,10.23750120445921,1.6834072730163248,1.0,9.799393653869629,4
499.5050770466943,21.630227055874062,498.43210553792255,31.0,40.0,-0.25679921670351724,2.581427009371629,12.781654035985667,1.2041350899641685,1.0,10.94233512878418,4
664.6049753113618,23.606677859528965,665.2493811608953,34.0,40.0,-0.259397532936559,2.864403486251831,12.419146431020268,0.29786607755066785,1.0,10.753251075744629,4
594.9499488083359,32.92590926361702,595.7845304966731,34.0,40.0,-0.23575614215605703,2.821624994277954,12.544063023359943,0.6101575583998541,1.0,10.419346809387207,4
467.813186065499,24.105836163207137,460.92616687905695,34.0,40.0,-0.2738287730284643,3.1574723165329184,12.62666886116698,0.8166721529174464,1.0,11.008800506591797,4
522.3866331436865,28.72611642698082,521.702177165417,24.0,40.0,-0.24456306921715018,3.281003713607788,12.537135594354059,0.44003429828390983,1.0,10.02496337890625,4
495.5860797553164,18.432320801457074,498.59368735513704,31.0,40.0,-0.2562062334949506,3.286583185195923,12.619108109168842,0.7977702729221006,1.0,10.67199420928955,4
448.1981117403868,30.79032091760762,454.9561595699464,34.0,40.0,-0.2528457534832537,3.1409704337846365,12.564682174453058,0.6617054361326371,1.0,9.264348030090332,4
454.6781955910365,27.33143560612166,461.9791291942935,31.0,40.0,-0.29420561424743624,3.5151887508417605,11.004463026073335,0.9776027253029298,1.0,11.258005142211914,4
644.1086948069621,18.621900200441527,642.4947662691673,34.0,40.0,-0.2589234753187333,2.8965476525039824,12.532698622497445,0.5817465562436168,1.0,10.693098068237305,4
522.0413907284767,25.356091635312268,523.4465303359099,41.0,40.0,-0.2632975601411743,3.16328006154637,12.449394344114893,0.3734858602872325,1.0,10.02496337890625,4
509.7076113580697,27.497291821615534,509.12375739775126,21.0,30.0,-0.23086783820297713,3.281003713607788,10.47116864023726,0.7794706344315178,4.0,10.615351271955936,4
657.9354887831937,49.64264554352285,662.8354233709019,31.0,40.0,-0.2526805857238337,2.4295843962012547,13.34925125412931,1.2449480961843085,4.0,10.227864265441893,4
603.905460660178,19.204376952362548,624.5865880364746,31.0,40.0,-0.27020619581154726,2.4542792939859828,11.399465689287926,1.412458108731866,4.0,10.068265914916992,4
620.3057438343205,11.12505901172762,619.0278563785513,41.0,40.0,-0.2932955950707725,2.8667762508455494,12.366348649833377,0.16587162458343596,1.0,10.033443450927734,4
583.6358782286386,70.24334725735235,582.3484662312391,24.0,40.0,-0.2563711376199677,3.2687981128692627,12.57165347588729,0.6791336897182249,1.0,9.675954818725586,4
694.5446825468824,52.21858167443227,699.354002500822,31.0,30.0,-0.2590149996968024,2.4696691698618354,10.870340830184375,1.530833056785707,4.0,9.033552169799805,4
663.1350228742499,24.987342662912862,659.6731254961377,24.0,40.0,-0.23672753653525164,2.9697503569899806,13.310645810537428,0.5319961310402416,4.0,11.428969459757646,4
645.1503090939727,63.193901900438604,643.9375532444949,41.0,40.0,-0.22023948583412,3.27327823638916,13.606065795442026,1.0660191949981883,4.0,10.389555931091309,4
452.6360985471935,9.686004090962152,446.467159263775,31.0,30.0,-0.2618694415201585,3.1879651546478276,11.083721464264668,0.9968436743991501,1.0,10.320243835449217,4
554.6611630227706,31.070703911225273,557.5146607159595,34.0,40.0,-0.2302839749969309,2.455997828616213,13.196563415634184,0.595089478938514,4.0,9.536122322082521,4
579.239000272158,69.92940934723201,577.6328408245013,34.0,40.0,-0.24539265565947738,3.24631206878763,12.605770485535343,0.7644262138383561,1.0,9.675954818725586,4
392.4012324879148,99.69933103901108,391.4436609112434,34.0,80.0,-0.18039782540851093,3.2192323207855225,20.611357089201473,0.5752136558593565,1.0,9.755783081054688,4
688.9013102474048,67.06787267340948,700.0440626826285,31.0,30.0,-0.2857770328724209,2.612981966097061,10.831499533081567,1.529079958531736,4.0,9.622890341413365,4
638.1872966913338,3.1961605974952456,633.6111782127022,34.0,40.0,-0.32528075033389703,2.969130180529411,12.447805795723506,0.3695144893087647,1.0,10.688411397243438,4
477.4102104690195,48.9337776965332,473.9878941449176,31.0,10.0,-0.20213816386138544,3.4879823300236588,7.835420995031958,1.253749283888629,4.0,10.215607643127441,4
474.0089812210831,33.10259078876758,479.0978648821664,31.0,40.0,-0.24763518391752,3.3484380497837702,13.65046461901198,1.637459353416443,1.0,9.799393653869629,4
587.0743899120023,44.888835475118086,583.9738484648842,31.0,40.0,-0.21551436729135018,2.4310922622680664,13.378642131849029,0.9383271839271943,4.0,8.902987480163574,4
511.9868100465272,42.328661335655944,485.9137310459638,31.0,10.0,-0.3045779091298827,3.5210535740899016,4.925572147324878,1.8139303683121937,4.0,10.215607643127441,4
466.40569717862627,10.244354946691885,466.0197294273813,34.0,40.0,-0.2685401601059143,3.292427158169084,12.464825136926555,0.4120628423163843,1.0,10.75760555267334,4
648.8958800430269,5.389872024658664,652.2743666430065,34.0,40.0,-0.23580332449683536,2.831629514694214,12.482869260612175,0.31545648119179287,1.0,9.930274963378906,4
576.1044309949328,34.59654059575059,572.3507697517142,34.0,40.0,-0.2625052726177929,2.821624994277954,12.511242357995126,0.5281058949878145,1.0,10.419346809387207,4
629.8010912248417,18.41496255584859,627.5185536014427,34.0,40.0,-0.30311419623261887,3.024339437484741,12.434025228905073,0.33506307226267995,1.0,10.684134609651887,4
605.9499747281658,42.465537289022706,599.9470197581925,34.0,40.0,-0.3077989893846138,2.4166671177815666,13.396787170337841,1.7623514421287367,1.0,8.170492172241211,4
618.2990921579553,24.732549261775446,617.3091531276634,34.0,40.0,-0.1244055405576291,2.948984861373902,13.159323054382732,0.20619876619094524,1.0,10.747808456420898,4
752.7359060924557,44.1438203054107,765.8366819068694,31.0,40.0,-0.29192080995877434,2.6291661262512207,12.020633247867998,1.6089939230551256,4.0,9.777480667000574,4
714.6546765853218,31.112160571668692,719.0623096674647,24.0,40.0,-0.290863450589659,2.673887014389038,12.563088774411806,0.6577219360295152,1.0,10.318466186523438,4
694.9276901543528,15.121036885279569,689.0835219961781,24.0,40.0,-0.257213354896997,2.7897660171748795,12.453425166021942,0.3835629150548552,1.0,10.869263648986816,4
505.5277147781909,14.19901411720167,508.86902309231886,34.0,40.0,-0.24104626585958322,2.56547048320509,12.592692145238304,0.7317303630957599,1.0,10.652761459350586,4
638.4350157462967,54.46790453836439,634.2803533845292,34.0,40.0,-0.319011174960794,2.6044511795043945,12.55033145492925,0.6258286373231285,1.0,8.629607200622559,4
529.7031920270598,5.941072041923135,530.9867280604693,24.0,40.0,-0.2723425415546196,2.868960380554199,12.834912402292428,1.3372810057310653,1.0,10.421758291737119,4
515.7558740814662,12.761589403973517,496.1366769561728,21.0,20.0,-0.2965719740225096,3.1965136593335286,9.76907678245039,1.035592255499984,4.0,10.384489059448242,4
659.2090628685476,18.754925455935286,671.1584927344868,21.0,40.0,-0.2571840346814688,3.01851749420166,13.036811955672118,0.8946860237560408,1.0,10.1961088180542,4
662.4395484765623,29.782628975127956,660.6130471461113,34.0,40.0,-0.2217387994914657,2.9663872426708795,12.507125354283302,0.5178133857082463,1.0,10.444868087768555,4
551.1797669807288,25.383408978759697,554.3936041082502,31.0,40.0,-0.24544115358584195,2.4310134688750007,12.347622611646845,1.2402511740802746,1.0,10.122344970703123,4
533.4284936690815,13.773552811725818,540.6480340213968,21.0,40.0,-0.23845017939564395,3.0695345401763916,13.503446730385226,1.1781244139932685,4.0,9.120280265808105,4
437.442302458496,17.590644486043573,437.19082053702834,34.0,40.0,-0.31559272380421577,3.2814249502902006,12.346603739825877,0.1165093495646931,1.0,11.173352977297956,4
577.9667772579417,33.18069084535944,576.0870911396785,21.0,20.0,-0.24244514074555437,2.944803311166931,10.263289182237331,1.407521500194564,4.0,9.244165420532228,4
498.8230971604835,9.548346805725014,488.17609679671926,21.0,40.0,-0.2501804468571833,3.374929428100586,13.51116367666,1.0891901496468515,4.0,10.992993524629776,4
498.12696180713397,45.82825657675181,503.88363106696914,21.0,10.0,-0.29035622963620505,3.858518123626709,6.210901130665589,3.882147138557603,4.0,11.081669807434082,4
669.959260507251,18.2207460990672,674.84382932925,24.0,40.0,-0.2744861082102131,2.926281213760376,12.425589072173203,0.31397268043300763,1.0,10.82073716501434,4
469.9510763209393,12.01645161379348,470.5175342144287,24.0,40.0,-0.2582421044972065,3.044898361010508,12.442191412107807,0.3554785302695146,1.0,8.929386138916016,4
429.7251461230418,53.86556007663285,427.4532090037264,31.0,40.0,-0.28200413456726076,3.3914949893951416,12.394309247348241,1.55379647213738,1.0,10.205185890197754,4
523.7562693588732,14.60150038687933,521.6435346078983,31.0,30.0,-0.26178461151221816,3.2846121788024902,10.348110988212618,1.168969491111855,1.0,10.384489059448242,4
399.9804305283758,14.144795736457933,400.95708885058895,34.0,40.0,-0.25466710745649523,2.872244217624402,12.349856806949594,0.12464201737398548,1.0,9.090403556823732,4
718.3080668990816,53.99608765845215,727.6172160505333,21.0,40.0,-0.22962350704847617,2.5669553653134765,11.119680775454547,2.0496911754271947,4.0,9.33176326751709,4
472.2473658972797,8.217041999640733,479.7431639391023,34.0,40.0,-0.2898328423123866,3.2896816730499268,12.55622843101402,0.6405710775350484,1.0,10.75760555267334,4
452.399262580838,50.73135425646899,439.4855430998439,41.0,40.0,-0.32350649491153877,3.527696132659912,12.87695707198851,1.5132048454434703,1.0,10.20565497105369,4
633.8381371418202,13.36276056577001,634.0646233302749,34.0,40.0,-0.2608117053965475,2.7931390491542443,12.486868686622556,0.467171716556387,1.0,10.21086597442627,4
550.9151773564366,23.93713797374956,535.7456373124576,41.0,40.0,-0.25106201017875135,3.0775686224845993,11.901580005690018,1.3758088548311251,1.0,9.797982463059732,4
455.9902800637627,51.353727965711826,457.3154141819158,24.0,40.0,-0.2835194600583067,3.5011870253165043,12.58787963941381,0.7196990985345221,1.0,10.48361587524414,4
543.2973944090928,5.139681472399728,542.2523712452064,31.0,40.0,-0.2738808194326645,3.1432461738586426,13.066495975393824,1.6117459259652764,1.0,9.428351402282715,4
429.26154404427143,70.60502951209352,410.16286041805193,21.0,40.0,-0.2928286929436825,3.819108247756958,12.979062085518095,1.9162662997064426,4.0,10.382560729980469,4
641.7964710151501,20.409524271417368,639.437293041216,34.0,40.0,-0.2989594864057896,2.9409518241882324,12.499863625640078,0.4996590641001933,1.0,10.887286186218262,4
412.0307765581057,17.92842119419249,410.4565715988783,34.0,40.0,-0.29408009551518943,3.483415126800537,12.382459786886663,0.20614946721665495,1.0,10.739533424377441,4
669.4290801052344,13.061597321639653,671.8559242573145,34.0,40.0,-0.2624774892827726,2.744090445978419,12.445369271189989,0.36342317797496615,1.0,10.341493606567383,4
657.1321522530815,7.334677781834205,652.9983893034179,34.0,40.0,-0.27031865395945753,2.8228058763679447,12.506387097787556,0.5159677444688846,1.0,9.930274963378906,4
618.5512467438213,5.746339389238228,615.7923376081122,24.0,40.0,-0.28157328256206166,2.778839588165283,12.478213010242687,0.44553252560671985,1.0,9.08980941772461,4
595.626812768108,34.37598265501386,594.7746316914213,34.0,40.0,-0.3224355758233554,3.0223331451416016,12.453931539328835,0.3848288483220836,1.0,10.383079528808594,4
677.8238229157222,27.382428943277986,678.194698067615,24.0,40.0,-0.1985073295245905,2.8382959365844727,12.543443462488641,0.6086086562215998,1.0,10.654475212097168,4
600.9769605111392,45.05971663662422,598.4878395612423,34.0,40.0,-0.2705751920457342,2.4803907871246333,11.866553521108363,1.2700882324698994,1.0,8.170492172241211,4
625.9093713145244,28.496242601320112,626.7948117671383,34.0,40.0,-0.2553662213261715,2.958977435598311,12.529776925281837,0.5744423132045882,1.0,10.033675505457103,4
443.14866318476965,70.42670355678503,422.39753792100873,21.0,40.0,-0.3038264518330353,3.8089964539104235,12.400125531454592,1.546146567973917,4.0,10.330037070347132,4
268.8894130454505,40.86081978445909,271.6595162972451,31.0,40.0,-0.26919082514411297,3.469041585922241,12.57224753504926,0.6806188376231486,1.0,10.19874095916748,4
691.261660683506,15.29549902152641,682.875612749906,34.0,40.0,-0.26582884328545264,2.808717028984171,12.525837388681541,0.33889655227562204,1.0,10.869263648986816,4
593.9197781262554,17.994349641135162,594.2470515022718,34.0,40.0,-0.30026272771769763,2.8123204708099365,12.425127856844057,0.3128196421101411,1.0,9.49120807647705,4
426.1995308510778,68.41234853387523,415.16298677119136,31.0,40.0,-0.2741271011689038,3.9380498196905056,12.937194182738953,1.5929854568473811,1.0,10.382560729980469,4
506.7698189499881,32.93688162821527,520.6342594934133,21.0,30.0,-0.26605053602033896,3.3602349758148193,12.022521274278969,1.3278263645054613,4.0,10.430794033783176,4
483.0032529386605,3.079961904201672,492.9156480321669,21.0,40.0,-0.23192845462723086,2.9064934463650287,12.59787218523326,0.7046586256263936,1.0,10.882827146163828,4
625.4845517813403,30.11530739924731,620.8144690385479,34.0,40.0,-0.2587478654246557,2.9655924746062663,12.450144713078,0.37536178269499765,1.0,10.630056567539434,4
484.23297715166973,22.483746557309047,482.6646689746225,24.0,40.0,-0.24563613636538562,3.3546619415283203,12.413031376311807,0.282578440779518,1.0,9.87067494802918,4
479.2521221860785,20.515536383425452,481.7468867379621,34.0,40.0,-0.24341640381416899,2.8777509570821618,12.391058361445952,0.22764590361487538,1.0,8.363947868347168,4
626.7289628180043,8.079857815111364,620.4133766010082,34.0,40.0,-0.23893903709087733,2.7642048212413455,12.575155465406922,0.6878886635173046,1.0,9.08980941772461,4
688.8402301680894,20.892492801393796,687.2432653523741,21.0,40.0,-0.23334925707984713,2.9572966098785405,12.606944003007344,0.7673600075183604,1.0,10.707939147949219,4
683.2799374036108,8.270816060350137,684.5869870504172,24.0,40.0,-0.24767584884228197,2.815210250492432,12.48093697782437,0.4523424445609293,1.0,9.930274963378906,4
650.2839290574254,19.611191109115104,641.715689802304,34.0,40.0,-0.25712119537810013,2.957565546035766,12.46872214503917,0.4218053625979234,1.0,10.443496704101562,4
644.5943481810762,22.965695466368818,639.2683227782692,34.0,40.0,-0.24083294356154628,3.0430989265441895,12.497542088822913,0.49385522205728155,1.0,10.714071100121284,4
419.2296885732429,0.0,419.119582408679,34.0,80.0,0.2895707553034475,2.722966194152832,24.39932637514928,0.2483159378731961,1.0,9.976746713878304,4
656.1589274374361,7.333360744676881,651.929267585782,34.0,40.0,-0.2910285951761036,2.823599338531494,12.41038360998995,0.275959024974869,1.0,10.859532356262207,4
412.41217065616047,14.339008494786246,414.8379443133501,34.0,40.0,-0.3136716584617228,3.0230151431201238,12.379226641027756,0.1980666025693899,1.0,9.559901237487793,4
537.3736473088736,11.170122517564344,539.5796285079446,34.0,40.0,-0.30834198105574784,2.846041202545166,12.417098534958203,0.2927463373955043,1.0,10.610278666414164,4
537.7697800702425,73.67538205268102,532.1578373135226,34.0,40.0,-0.27128937493660793,3.3349483013153076,12.52540560740013,0.5635140185003197,1.0,10.389555931091309,4
622.0694133046493,31.15970204373913,620.3741869844455,31.0,40.0,-0.2334816602882866,2.846254194319365,12.053626982192158,1.549280451683273,1.0,10.419346809387207,4
492.16732546234465,22.526183346255685,487.5616924594234,34.0,40.0,-0.24347592157670375,2.9287018775939937,12.532922906266343,0.5823072656658574,1.0,8.50411367136438,4
478.6933165718435,18.156678115286446,476.7972955820288,24.0,40.0,-0.2502526090745328,3.2847686623105936,12.599515795549737,0.7487894888743375,1.0,10.892833709716797,4
703.0262373478831,24.350565271043692,698.9264810699844,41.0,40.0,-0.24775136142010798,2.597461700439453,12.470692394439865,0.42673098609965704,1.0,10.343101501464844,4
732.2302004898847,16.502057679155822,731.9521508350526,24.0,40.0,-0.22664954838695592,2.9062721729278564,12.474167785742923,0.43541946435730344,1.0,9.581900596618652,4
622.1509603297,27.219495902835476,618.556968794268,34.0,40.0,-0.24357128823543803,2.9359642932093073,12.48949437373492,0.4737359343372993,1.0,9.631074905395508,4
584.2594834177887,33.80292911550394,586.5838950974094,31.0,40.0,-0.24750249849032538,2.9097572387449,10.728575525391943,1.1941003588202355,1.0,9.244165420532225,4
567.722103782999,49.335437628885124,571.1217670290134,34.0,40.0,-0.2709690374805939,3.2134914398193355,12.406299864301163,0.2657496607529081,1.0,10.141982078552246,4
653.9153620352247,14.223802335137478,662.1063320287311,41.0,20.0,-0.23967027021338916,3.0323257446289062,9.965285985725346,1.0741941182903543,1.0,9.428351402282715,4
687.5031330594471,11.676278415299954,689.3745687680047,34.0,40.0,-0.22549456559141223,2.744379043579101,12.475715970736044,0.43928992684010243,1.0,10.917342185974121,4
591.7271549098637,31.644578735168068,593.0727159606884,34.0,40.0,-0.2454574219488045,2.9889124330942396,12.451724521131851,0.37931130282962844,1.0,9.80090725818493,4
638.5786407641165,23.390652430741056,639.3504845485508,34.0,40.0,-0.22957327245956832,2.8182144554827997,12.452917134255417,0.3822928356385405,1.0,10.444868087768555,4
520.8780050802866,18.03949892548031,529.6238735795841,21.0,30.0,-0.24094673847499537,3.2862731759121875,11.071711223218555,0.9996422964571807,4.0,10.67199420928955,4
459.5203341066084,27.787676073816588,459.81176721683113,34.0,40.0,-0.2707016489980484,3.2047178745269775,12.391869511387565,0.22967377846890755,1.0,10.25272030072497,4
639.4411555060199,4.796230065518756,632.9824338200485,41.0,40.0,-0.34286147842921877,2.9515781402587886,12.488109803770007,0.4702745094250155,1.0,10.838663946625772,4
695.3508896981634,22.06786802299367,690.4243371639456,21.0,40.0,-0.22073696412282146,3.0011589527130127,13.738164158684611,1.3454103967115312,4.0,9.13681697845459,4
568.6338662018378,30.00847029277873,565.2600918908993,34.0,40.0,-0.25846494040617796,2.8479175343672125,12.511834154981713,0.5295853874542837,1.0,9.804272651672362,4
489.596541646687,33.75079746766681,502.04784526131107,31.0,20.0,-0.3446368743420482,3.5460352897644043,7.156591418252743,1.8138632347883261,4.0,10.929823875427246,4
683.3526490066226,11.62726747243152,688.072893516626,24.0,40.0,-0.2266063884165601,2.953179359436035,12.63592546143824,0.6236179718393086,1.0,10.808031606358409,4
688.7209471105868,18.211004716696554,690.3275734521533,34.0,40.0,-0.22973600336539063,2.8273582458496094,12.488722123945518,0.4718053098637893,1.0,10.75946245761896,4
606.2899230181049,24.663097777169064,604.9424774535369,34.0,40.0,-0.3016880862329372,2.9791247844696045,12.392174829853381,0.23043707463345356,1.0,10.455626487731934,4
502.6245383030289,14.949466890764642,504.20360778095903,21.0,40.0,-0.26376820402764833,3.3645318879539956,13.525816053894667,1.1711937550889076,4.0,11.020442962646484,4
489.6248396210521,47.23450129760443,474.9120076122985,31.0,40.0,-0.27298754240582646,3.483222321563999,10.426163230080673,1.63452087182235,1.0,10.483615875244142,4
666.0982361555708,15.698846216006086,665.8943812882641,31.0,40.0,-0.23883645300810014,3.000340223312378,12.454078754700141,0.3851968867503458,1.0,10.707939147949219,4
464.9015564857895,103.12379717887636,458.6538283156177,41.0,40.0,-0.25677990239950743,3.2721618024244394,12.826018638369902,0.7495795853883095,1.0,10.022557258605957,4
651.5139448685217,55.542772963914004,651.4690819400148,34.0,40.0,-0.23522102229523223,2.545775890350342,11.822936217577647,1.4101013298333607,1.0,9.999863624572754,4
333.7102616606843,45.00987939856921,328.2904446494434,31.0,40.0,-0.2734017389189438,3.5541530705244804,13.3186606937501,2.313285785255883,1.0,11.236557006835938,4
563.1454750456843,28.699738020186526,555.5590003072161,34.0,40.0,-0.19384614745572126,2.7827367782592773,12.532213423885258,0.5805335597131402,1.0,9.804272651672363,4
618.1090965643266,8.966006850302,617.1882865000946,24.0,40.0,-0.27733287122565303,2.797154426574707,12.429030820085696,0.32257705021423744,1.0,10.033443450927734,4
501.1514236466609,17.373503319690425,499.10431644831596,34.0,40.0,-0.2447733774122116,2.969130516052246,12.559209620603607,0.648024051509012,1.0,9.091113949453602,4
381.89423413382457,98.01466695354277,386.14843850221143,34.0,40.0,-0.24588525896703436,3.2748188972473145,12.802724689213179,1.256811723032948,1.0,9.6616792678833,4
735.997310817641,34.237924678485385,716.1750155139297,21.0,20.0,-0.197306690278202,2.790369272232055,7.573562514105161,0.7680161335021852,1.0,9.380571369089022,4
452.3073573437358,15.15822899172264,446.59628906914463,31.0,40.0,-0.2552832088804201,3.076139211654663,13.11565197143323,0.9915929604255846,1.0,10.174715995788574,4
424.23885447311477,82.18895673786778,420.2548620515414,31.0,40.0,-0.2640907415191934,3.264938739356617,14.041071439603293,1.2111952071393564,4.0,9.223479027779693,4
595.799351356255,14.115157949240979,596.5444450984033,34.0,40.0,-0.22874014142160323,2.917867422103882,12.466332643965428,0.4158316099135687,1.0,8.858155250549316,4
429.91987208563995,27.88094287937995,428.9325361455159,31.0,40.0,-0.28963115583633053,3.5373947620391846,12.706966689200012,1.4570032693124915,1.0,10.910099029541016,4
525.8639921722121,7.756541185055031,521.2228656391636,34.0,40.0,-0.2636187749707672,2.868960380554199,12.932045191960071,0.7839044030283882,1.0,10.92339038848877,4
423.9768600717978,16.280289514664396,423.46544115193035,34.0,40.0,-0.2857022057624927,3.345685891757739,12.421374302490932,0.3034357562273233,1.0,11.146705627441406,4
348.7715004989585,53.959302649700476,332.2615910798297,21.0,40.0,-0.28237813224847563,3.775333881378174,14.179130776944975,2.5522555073110564,4.0,11.236557006835938,4
428.44013167273596,14.261463659406758,427.4634449761874,34.0,40.0,-0.333867334872338,3.396067960854845,12.459938749603502,0.3998468740087515,1.0,11.175004005432129,4
468.9443112453184,48.72378959234463,465.72592173685496,34.0,40.0,-0.25986968102245833,3.161408722795398,12.972947485258972,1.68236871314743,1.0,9.57003402709961,4
633.446112673501,48.67542389392378,638.8423421770286,31.0,40.0,-0.23101232040804948,2.470592737197876,12.920341226490725,1.55085306622681,1.0,10.134450912475586,4
461.44631355218314,5.906075368255384,461.36038878270506,34.0,80.0,0.0017558212115044262,2.506378412246704,25.230953132793218,0.12281381395582497,1.0,8.98416805267334,4
641.3343787664751,31.260278183325205,641.8585803054327,41.0,40.0,-0.2762397057478015,2.941859722137451,12.444486701963914,0.361216754909783,1.0,10.887286186218262,4
687.2867121991675,20.884176233111063,687.5686949133207,24.0,40.0,-0.21827896495080334,2.95729660987854,12.531282199261685,0.5782054981542135,1.0,10.707939147949219,4
402.4437215691866,24.639884793869392,405.02332889189415,34.0,40.0,-0.2517200634691682,3.2508163452148438,12.528849756536465,0.5721243913411604,1.0,9.799393653869629,4
616.644386412825,16.926064841102058,617.7608934607312,34.0,40.0,-0.2878309216665728,2.778167247772217,12.393745138932772,0.2343628473319268,1.0,10.033443450927734,4
680.4147237594123,45.39268378099622,668.0183366140305,31.0,40.0,-0.2533178298277802,2.5655498208589114,13.960814958731863,1.902037396829657,4.0,9.625871658325197,4
619.3061747514937,6.40118862227915,617.5246225530757,24.0,40.0,-0.2955308195185029,2.814267158508301,12.492293637642357,0.48073409410588624,1.0,9.949196815490723,4
667.0877029846685,87.95040562724147,665.7285160748871,34.0,40.0,-0.26325537705582586,2.7255856990814205,13.69547804561731,1.2386951140432767,4.0,8.728100776672363,4
620.8436775054756,12.583072158071692,618.9292478560043,24.0,40.0,-0.20527948496708992,2.822752714157104,12.463227324060163,0.40806831015040695,1.0,9.616775512695312,4
487.953499825041,42.996114294209725,484.20125640316604,31.0,40.0,-0.2871277163003405,3.484440622497678,11.182776743426974,1.985330552337407,4.0,10.215607643127441,4
686.0275138995096,38.06065564577249,685.8648441282223,31.0,30.0,-0.24401775343110343,2.675776481628418,12.092833985660153,2.671069684410661,4.0,9.5340576171875,4
580.0381021500497,25.086494797851277,577.1727962139172,21.0,40.0,-0.23480544352942045,3.0722651481628422,12.666033426160876,0.9150835654021899,1.0,10.046506325930151,4
427.55403960550035,13.51870865680473,428.53935549639607,34.0,40.0,-0.30978941438472524,3.325585496727508,12.416355188940797,0.2908879723519907,1.0,11.175004005432129,4
769.6649991576055,72.79812852901654,757.3711048609282,31.0,20.0,-0.24632832496785545,2.81386661529541,9.346157293775107,2.28611743448697,4.0,9.712974548339844,4
722.3598547193534,20.217317579004856,728.3505698206626,24.0,40.0,-0.2581834309391602,2.883958743502763,12.47974318255344,0.4493579563835954,1.0,9.581900596618654,4
707.997608895686,38.373299922263726,720.1810905227255,31.0,30.0,-0.21365951677488756,2.533304214477539,11.723232579926796,2.6659889419438407,4.0,8.503599917118795,4
694.2460861056752,52.86944957031643,699.7164694530388,31.0,40.0,-0.2502790869390421,2.566955365313476,11.87132212058903,2.1161722290655933,4.0,9.33176326751709,4
414.8296062777828,56.51344284859821,414.4060182831826,34.0,80.0,-0.06162125189776328,3.1921331882476807,22.018024570081614,0.46301706341426513,1.0,9.57003402709961,4
421.3255692642657,16.266144814090012,418.9386635826794,34.0,40.0,-0.27885173482391623,3.3720743656158447,12.456763612952214,0.39190903238053554,1.0,11.146705627441406,4
665.027011702803,6.663971006696313,663.9146360173703,34.0,40.0,-0.22982394499914316,2.831629514694214,12.473103398456123,0.43275849614030726,1.0,10.194227438850172,4
479.4314744495276,21.77152691144595,480.00203406079237,34.0,40.0,-0.2746833594611101,2.927832407960686,12.426548163202195,0.316370408005489,1.0,8.363947868347168,4
545.104845712212,8.43188011331293,535.7644781551013,31.0,40.0,-0.25845449859132613,2.795349359512329,12.876097153548361,1.1528729690175488,1.0,10.92339038848877,4
632.6198208939753,41.03291173953366,625.3460567216941,31.0,40.0,-0.25567975756322114,2.443418025970459,14.811097799597832,4.0277444989945765,4.0,8.170492172241211,4
514.5462636565103,30.399000013580178,502.47735707878246,21.0,30.0,-0.2850879673382316,3.267223596572876,9.829901421683557,0.6662230141689227,4.0,9.799393653869629,4
514.8191184665827,30.282487854918216,512.8736746865352,21.0,20.0,-0.30503879769215336,3.297071958941255,10.127863390605958,1.1784083631156805,4.0,9.799393653869629,4
495.48179779940637,0.3606807483668921,493.8888526770464,34.0,40.0,0.11883470242726779,3.140509843826294,13.316016050353502,0.3644851175246071,4.0,9.748995780944826,4
519.7688534363213,22.140354734332703,519.0215348462119,24.0,40.0,-0.22839400038064975,3.0006923675537114,12.530152069542044,0.5753801738551081,1.0,8.5697660446167,4
643.4770415106076,10.169616575412892,641.9147605413973,24.0,40.0,-0.2546355085758901,2.8971067510705657,12.46707924779454,0.41769811948635227,1.0,9.949196815490723,4
724.1379323751634,27.114013547626516,713.4388727638066,41.0,40.0,-0.2157468518486269,2.7875800132751465,12.582551038142794,0.7063775953569844,1.0,9.823613166809082,4
615.4881125179822,25.82100390600487,625.6050296664353,31.0,20.0,-0.2561725070286427,2.9875705242156982,10.10046183184788,1.7988049470331424,4.0,9.13681697845459,4
481.24025090395395,22.014681866658563,482.6397404545575,34.0,40.0,-0.2699604808783649,2.928701877593994,12.42636319836176,0.31590799590439717,1.0,8.363947868347168,4
424.41651222767973,14.037063035574418,421.9018563141423,34.0,40.0,-0.25699580271222444,2.800162338263151,12.416968798361733,0.2924219959043345,1.0,9.044109344482422,4
753.601929731341,72.2153804214052,747.3571232964437,31.0,40.0,-0.2806937496092072,2.81386661529541,12.588755940198153,1.3173039845786358,4.0,9.712974548339844,4
676.8413317608638,51.36642701686489,674.004506024962,34.0,40.0,-0.25512916578319067,2.6146727186826344,13.189461890949223,1.900330768378213,1.0,9.82903684527669,4
631.5093635385754,16.908468876185864,628.5853748147265,24.0,40.0,-0.27085465574820405,2.8885881900787354,12.485448586825667,0.4636214670641645,1.0,10.033443450927734,4
643.2162426614484,23.749510763209372,643.3819785463987,34.0,40.0,-0.278012843684841,2.984066797408046,12.419444137120495,0.29861034280123744,1.0,10.441728591918945,4
677.5449611850551,31.145423938582674,663.6638078292466,31.0,20.0,-0.283357998287738,2.785473941177724,7.884832613130847,1.7120815328271137,4.0,10.78234947077682,4
558.8966965176711,32.378102307800845,562.0323455514317,34.0,40.0,-0.17456364969850535,2.795165245780273,12.49424103859427,0.48560259648567516,1.0,9.433505058288574,4
602.2373608429127,63.55048646208094,606.5083170511479,21.0,40.0,-0.27135416071325785,3.2484451216376846,12.619244323039156,0.7981108075978908,1.0,10.355779988876241,4
746.1319060146975,35.33239419864729,726.0699971858386,31.0,20.0,-0.24527268776668204,2.630625724792481,10.901791363351563,2.1851687830502278,4.0,10.266363143920898,4
487.0909300034992,19.721634622005965,481.97764845657355,34.0,40.0,-0.254690800350879,3.2347517068812404,12.461111739701751,0.40277934925438025,1.0,10.79122798805995,4
526.4132916888067,31.152613352317495,505.805730574612,31.0,40.0,-0.2634223126183691,3.140970433784636,10.8684707025909,1.8867260624735742,4.0,9.264348030090332,4
450.0366797993804,1.8106157632762723,451.00239435783897,21.0,40.0,-0.07152749452738724,3.459439277648926,11.749147136353805,0.5127685031362087,4.0,10.75760555267334,4
514.1844584699527,5.265907028903708,508.78114451737423,34.0,40.0,-0.28357184837435473,2.9684437023882824,13.249719688735832,0.444663460250138,4.0,10.195333480834961,4
611.495846347248,12.554177208821477,610.8951202150133,34.0,40.0,-0.23832400470036985,2.8870046154552735,12.523013188052534,0.5575329701313334,1.0,10.609347596073786,4
456.99178341390046,3.4507052850132705,456.81877996315865,31.0,40.0,-0.2500482198100105,3.4029417037963867,12.375313377018092,0.6859441778907744,1.0,10.75760555267334,4
457.46183953033267,4.870642695990075,454.3507307500546,34.0,40.0,-0.2692367092374183,2.9677906036376953,12.500677745887021,0.5016943647175456,1.0,10.52122908515706,4
358.44890553517905,56.558231277485305,360.8291606223047,31.0,30.0,-0.21761204945900095,3.930126190185547,13.441514320855662,2.2183984302801942,4.0,10.079187393188477,4
434.4384598437035,0.7642323090376865,432.8360912882491,24.0,80.0,-0.023291454375770945,2.9546559488536506,21.28754338327934,0.24064002531190493,1.0,8.822234153747559,4
666.8723837171627,17.549902152641863,667.2079653020171,34.0,40.0,-0.2616765305247886,2.8755407333374023,12.448992703183935,0.37248175795983535,1.0,10.869263648986816,4
644.7666891305191,1.228047301671054,643.6630049483141,34.0,40.0,-0.11167740250630206,3.0258515852176613,13.976168391036314,0.2967554600364158,10.0,10.83866394662577,4
628.9316234885493,30.873202342285595,619.9664649575287,31.0,40.0,-0.24164616038824616,3.0724897435966536,13.768275285550736,1.4206882138768449,4.0,9.779339254718936,4
735.1790541854056,54.18087335802571,747.6941538500621,31.0,20.0,-0.249424447878711,2.6129627227783203,9.123468352545283,1.719500186322474,4.0,9.854674339294432,4
462.7811394357254,7.29891155927942,463.15092818966093,24.0,40.0,-0.24882615098222294,2.929126739501953,12.44799604350952,0.36999010877379856,1.0,8.929386138916016,4
722.7292932958372,82.94583960804884,710.699606867973,21.0,30.0,-0.2411689022413887,2.846936225891113,13.025218659804581,7.063046649511454,4.0,9.158002853393555,4
603.7665206516243,46.2820674865748,595.959402293103,34.0,40.0,-0.23436736177902054,3.0559620857238774,12.642633802246907,0.8565845056172623,1.0,10.698840141296387,4
444.64900662251654,8.902906558399119,444.04458115239623,34.0,40.0,-0.23962964221057473,2.8330986499786377,12.395864902822874,0.2396622570571806,1.0,9.6857328414917,4
569.4012260079573,47.398156554570605,569.2930291325725,34.0,40.0,-0.24401393710015803,3.244595762120177,12.538557081584916,0.5963927039622889,1.0,10.141982078552246,4
461.18444875001626,5.6030177237870324,460.42324132557553,24.0,80.0,0.09595735042539702,2.516687175296,26.271354852985393,0.07380385852982721,4.0,8.98416805267334,4
432.819128186518,70.89028901343838,451.56629992188334,21.0,10.0,-0.2604384426957332,4.006404876708984,8.102032552947557,2.6178537025823623,4.0,10.180872917175293,4
688.9458534752021,44.128302273668716,696.5232089399082,31.0,40.0,-0.20690192627692428,2.496192216873169,14.02109926412834,2.072759079049235,4.0,10.167904226747279,4
598.3909714752269,22.025151564215683,596.9262865162214,34.0,40.0,-0.2274533306614195,2.8304772605634714,12.472011171638393,0.43002792909598264,1.0,9.49120807647705,4
610.2353423361535,73.8095601100887,608.5257221625876,41.0,40.0,-0.22787289783558265,3.302279597856776,14.176951907511082,1.0813894368743824,4.0,10.319398880004883,4
489.3220830471352,28.99183785125841,488.3470677886625,34.0,40.0,-0.2863957404245828,2.8566243648529057,12.412391913541487,0.28097978385371997,1.0,8.597109609853964,4
498.27371016446125,0.8805937578829639,494.8138906898834,31.0,40.0,0.049799343489403965,3.140509843826294,13.360975580839472,0.6484092285336647,4.0,9.748995780944824,4
457.1737276603461,17.010317267620188,450.85881473541565,34.0,40.0,-0.21564191174068542,3.0513896539511247,13.409234614324344,0.5230865358108627,4.0,9.79703426361084,4
755.0892938142333,46.851415989903614,751.534792302935,41.0,40.0,-0.21234003036858606,1.986100196838379,13.08918008226142,1.4928922748335978,1.0,9.459515571594238,4
479.4865281683752,28.28436206772454,476.6109303077573,34.0,40.0,-0.2926487999073582,2.7746992111206055,12.40025703066408,0.2506425766601956,1.0,8.580850601196289,4
687.1480670286819,57.136581048559975,670.7950497624053,31.0,40.0,-0.23968455998072652,2.4818835258483887,13.837454496466773,2.2582174415143923,4.0,9.845324516296387,4
631.0464515752777,27.96031258082418,631.2148413931845,34.0,40.0,-0.26555955976258766,2.869357109069824,12.401792641914483,0.2544816047862038,1.0,9.792197227478027,4
698.1564391337591,28.2874543830195,698.6315271319694,34.0,40.0,-0.22129384381190292,2.638423204421997,12.555554607920094,0.6388865198002299,1.0,10.695342063903809,4
612.2221264628506,6.970197826873234,609.1364319889419,34.0,40.0,-0.28279831507073483,2.81038562825184,12.436037504894088,0.34009376223521687,1.0,10.033443450927734,4
727.1214344033906,50.536239468684315,716.4436979701813,31.0,40.0,-0.27643953133385835,2.4169278144836426,13.830239663158261,1.7120962224749048,4.0,11.223792288867928,4
669.0478480061176,33.47897121418148,678.5508640276602,41.0,40.0,-0.271029958515048,2.661835904152978,11.775555528073252,1.6016621123906847,4.0,10.300724641684216,4
489.50171718873514,46.083879845417314,483.2627801867327,41.0,40.0,-0.2768076703067692,3.204526662826538,12.646317172945306,0.8657929323632655,1.0,9.95270824432373,4
665.4073301279144,5.150684931506845,663.8750545124841,24.0,40.0,-0.27974976312494465,2.788713216781616,12.464917760671598,0.4122944016789906,1.0,10.592938423156737,4
673.4067598916555,46.93372019221947,674.3037871157601,31.0,40.0,-0.24514309110083002,2.0991733074188232,11.919931687297332,1.2203590195679221,4.0,9.453945346541134,4
401.33756690556095,14.336810650462839,403.2569233690698,34.0,40.0,-0.26951067161631664,2.837884664535522,12.408777524730397,0.2719438118259883,1.0,9.09040355682373,4
599.8884993714439,17.401649871221306,595.7263473431835,41.0,40.0,-0.30720032916077317,2.7021994590759277,12.433428776460243,0.3335719411506034,1.0,9.759601593017578,4
499.7576755096486,15.31174224563598,500.7718358778894,21.0,40.0,-0.22242635585378023,3.0442662239074707,13.524833302072016,0.8120832551800418,4.0,9.120280265808105,4
399.1961223934376,41.794971986406324,396.0790321829751,34.0,40.0,-0.31441146830901784,3.499565254685465,12.695631679519183,0.9890791987979541,1.0,9.880780220031738,4
461.8382051813736,21.36372390310345,462.68531366920377,34.0,40.0,-0.2720781427456957,3.4618778228759766,13.314886483109795,1.7754745247999488,1.0,11.138628045454727,4
584.4607930171974,34.228861669816496,580.4649547768175,21.0,40.0,-0.25593872217037517,2.8674535751342773,10.545211071472217,1.1062010434636373,1.0,9.5896577835083,4
453.30280517359904,20.420295233205643,455.8409499792823,34.0,40.0,-0.2979703961909132,3.45267704188429,11.714877773222216,0.7651739175102855,1.0,10.82144832611084,4
606.2025991109501,50.82798455460263,591.4315328707901,34.0,40.0,-0.25509300414934855,2.4820851271866347,12.97923843055571,1.808538851884694,1.0,9.919210433959961,4
678.4513743989838,8.90591233784926,675.8062230106448,24.0,40.0,-0.2180046088467012,2.8052080167482987,12.39246561813136,0.2311640453284015,1.0,10.341493606567381,4
603.5667468021408,27.298998728964165,603.2933786082999,34.0,40.0,-0.2866138831946255,2.955789011835262,12.429583392385336,0.32395848096333535,1.0,10.455626487731935,4
672.1535879524633,27.25747917093262,670.2815878860406,31.0,40.0,-0.20428008001842007,2.712962041043504,11.60788924739164,0.8144024253827005,1.0,10.228522300720215,4
576.0257545910499,67.00433429518729,569.7649674668403,31.0,40.0,-0.26994892815298754,3.291147470474243,12.772068068541278,1.1801701713531942,1.0,10.389555931091309,4
561.4716696258467,39.16788800495651,564.6713864331946,31.0,40.0,-0.2271488933733345,2.7309799810211706,12.911681880702318,1.265235533393536,1.0,8.71932315826416,4
621.5145961042496,11.883193776247419,622.252043526221,34.0,40.0,-0.2855883728098151,2.860713243484497,12.385898339153117,0.21474584788279075,1.0,10.033443450927734,4
497.7987584401425,75.79331103367791,477.10793772612436,21.0,40.0,-0.3072039948078008,3.8406457840346535,12.752942567598204,2.391739397442793,4.0,10.911263465881348,4
454.20252783141757,81.58796603493737,439.52877829468844,34.0,80.0,-0.017640724534611525,3.3153586387634277,24.14059656157226,1.0629955964631483,4.0,8.923816680908203,4
712.6605733466387,68.06920218847877,708.8648008063598,31.0,40.0,-0.2222114828408589,2.4723381996154785,13.134609340688254,1.861963664832181,4.0,8.982027053833008,4
686.0906222055183,54.30477574614647,684.6025190795989,34.0,40.0,-0.24822851526598322,2.4646999835968018,12.675660378700345,0.9391509467508629,1.0,9.033552169799805,4
469.9722139422766,63.79728597009162,466.8079197537379,21.0,40.0,-0.2770015134965401,3.3921345913246888,12.090364839512178,1.4434118719818814,1.0,10.280324935913086,4
634.0632119853294,50.1978268120598,639.5781913914834,31.0,40.0,-0.2388377462066521,2.494385004043579,13.590801665236667,0.9770041630916662,4.0,8.902987480163574,4
621.2182773681004,10.488661032528704,618.2434852696897,34.0,40.0,-0.31288674774215164,3.020822048187256,12.405228085449119,0.263070213622795,1.0,10.580527305603027,4
431.63284560853486,82.9578182084689,424.64306796691585,31.0,40.0,-0.24785808011926727,3.393855333328247,13.429542828750385,1.5976506657901706,4.0,9.31805419921875,4
696.6346729565456,32.743378308805084,697.5669152842,21.0,40.0,-0.23592034629260084,2.6946404817088556,10.58959733773024,1.2394496629320932,1.0,10.271359326088264,4
443.63710942056207,42.659216017310555,445.448858247389,34.0,40.0,-0.2951296308250695,3.4825565814971924,12.544679556901979,0.611698892254945,1.0,10.2682305782042,4
442.0790554813973,82.39549462918717,439.83995175852124,31.0,40.0,-0.274379302161376,3.393855333328247,12.31332570135389,1.3272151553951197,4.0,9.31805419921875,4
566.7731626080533,30.484285475482515,568.280801771959,21.0,40.0,-0.21439811504997935,2.395087480545044,17.62364512885954,0.6526574884958679,4.0,9.12924711858223,4
646.8211920529802,27.014377183471932,645.6035057731629,34.0,40.0,-0.28122973553598296,2.8709747791290283,12.411690830288073,0.2792270757201772,1.0,10.799347621715633,4
678.4340469926518,47.757411641754935,667.2222381013178,31.0,40.0,-0.21757867452016394,2.4529786109924316,11.69674238170379,1.2014291194598365,1.0,9.048776626586914,4
418.98349554826933,6.455759680309546,416.28341027224224,34.0,40.0,-0.261837963456646,2.9290565903172805,12.451880032196888,0.3797000804922176,1.0,9.09040355682373,4
616.4728295382379,18.10178436719109,615.7302422394156,24.0,40.0,-0.23089793318927987,2.6398717997825303,12.612502083821225,0.6514357411687339,1.0,10.406181335449219,4
683.4125529736525,72.06406013273761,680.9018104950607,31.0,40.0,-0.24821224308595122,2.6187314987182617,13.8951876813582,1.7407879849042924,4.0,9.614411935111546,4
639.7171595754331,22.04639857942293,640.7429551515023,34.0,40.0,-0.30750208677272634,3.0280636750309675,12.416216124156087,0.2905403103902137,1.0,11.425531387329102,4
667.4348634672956,16.889543138155265,663.9499886347224,34.0,40.0,-0.27046177548700484,3.0067928490573412,12.453201435651705,0.3830035891292576,1.0,10.707939147949219,4
639.5945814595457,36.67250864622662,644.0545683216217,31.0,30.0,-0.2097907685461514,2.7085423469543457,12.088060202063847,1.7245536362750533,4.0,9.53612232208252,4
485.5454309819725,71.23896340445947,502.5656791939444,21.0,30.0,-0.24925420384511016,3.1932332515716553,11.10121545242893,1.4516687680586484,4.0,9.072463035583496,4
722.0687782688149,18.254270911540814,728.9350587808242,31.0,40.0,-0.258218653991275,2.9053986147191893,12.609030309110583,0.7725757727764563,1.0,9.581900596618652,4
503.1714564352456,2.8332943481926645,497.98165396592475,31.0,40.0,-0.29650449923649325,3.0964512825012207,12.935750178878589,1.0118800155665209,1.0,9.638222694396973,4
404.84976866551744,11.099437201343962,406.46164275561017,34.0,40.0,-0.2873791459318202,2.9546049943822905,12.424877625577553,0.3121940639438803,1.0,9.09040355682373,4
629.0816604243078,17.322992160484734,621.0370113798814,34.0,40.0,-0.26061214547567063,2.8959603309631348,12.508596592404231,0.5214914810105777,1.0,10.693098068237306,4
626.5568162672852,17.559950524812397,628.8514850193411,24.0,40.0,-0.32402808388104853,2.9843233152730573,12.468364521699513,0.420911304248785,1.0,10.97594928741455,4
579.9744171278231,76.78724309327438,572.1412153959506,21.0,40.0,-0.24716686754999756,3.2952656745910645,13.310084157226662,1.050044830152787,4.0,10.319398880004883,4
506.2514903902231,68.89533708666778,501.5369513553396,34.0,40.0,-0.2220752069717685,3.3109259092255146,12.552823769138927,0.632059422847316,1.0,10.335772514343262,4
587.4465889503766,37.64912104205659,595.8004811778181,31.0,40.0,-0.24641178636112904,3.013118028640747,13.253699041722694,1.1512178029822535,4.0,9.95270824432373,4
524.6232293516151,8.867588769890641,521.9919304002503,34.0,40.0,-0.2961865565366679,2.9649083614349365,12.958107687712868,0.5929208826872582,1.0,10.195333480834961,4
724.3415326395445,52.25930784073492,685.9985993095684,21.0,20.0,-0.25886275135015796,2.5844634601048053,10.371619116278854,2.5860960404604705,4.0,8.902987480163574,4
541.0905671258797,21.688958689890516,540.3125507403532,34.0,40.0,-0.25071125406881,2.537485349651994,13.560996901807988,0.7440815936939202,4.0,9.48456573486328,4
700.2121149285258,46.46438150033752,712.9594517185989,21.0,30.0,-0.2719764260112685,2.6291661262512207,10.967509351835933,1.2060250352189168,4.0,9.715983390808105,4
483.55884449398,25.75364284653322,481.72173662680405,34.0,40.0,-0.2957152052192032,3.2770867347717285,12.593222821015434,0.7330570525385819,1.0,10.67199420928955,4
424.4257591270207,17.710832658231094,421.1724380795929,34.0,40.0,-0.2408731399607476,3.4093721598794997,13.444123199832262,0.7593146220974232,4.0,10.318827325934603,4
624.3472479620525,19.60876862938607,628.0870009427348,21.0,40.0,-0.23919064957988947,3.012996321482374,13.669977026346704,1.1749425658667612,4.0,10.1961088180542,4
456.70463057762333,28.92306165902179,456.6200204597776,34.0,40.0,-0.2873316992709752,3.235048532485962,12.466702837812313,0.416757094530776,1.0,10.908015251159668,4
529.7432381643573,24.41077528891111,527.3119868976333,34.0,40.0,-0.3006639931559472,3.0883874893188477,12.537937958938729,0.5948448973468187,1.0,10.287328412402065,4
440.6870180531616,9.666979851111051,439.90655030315696,34.0,40.0,-0.2817772944886778,2.9023258686065674,12.398595529253154,0.2464888231328814,1.0,9.205620765686035,4
622.2317880794702,14.514076045212757,618.6931911199612,34.0,40.0,-0.24799923032351895,2.815324306488037,12.518354691145568,0.5458867278639136,1.0,9.616775512695312,4
471.355309029173,18.76571862270254,469.9155072900536,34.0,40.0,-0.2492267797402071,3.2870234116813206,12.526464150056096,0.5661603751402438,1.0,10.895830404501837,4
431.0118842420394,20.996035054379345,426.914806521252,34.0,40.0,-0.09646468402075656,3.091526746749878,13.734572270718509,0.6816277323031534,1.0,10.158910751342773,4
450.8465934863467,42.938029172265594,468.35951643899386,21.0,40.0,-0.2903679956312053,3.4666714668273926,12.86432943216937,1.4108235804234222,1.0,10.208433151245117,4
569.1517476445355,48.45537697678155,567.7453824481036,41.0,40.0,-0.2529424831150087,3.2134914398193355,12.5515708930357,0.6289272325892435,1.0,10.141982078552246,4
588.2002857661244,74.43783257049351,592.1885106971704,21.0,40.0,-0.23931715727645797,3.317339607816657,13.396816799891669,1.4653818346198213,4.0,10.319398880004883,4
468.5100018143886,89.40088600807798,516.956325898876,31.0,20.0,-0.24812855865477162,2.725585699081421,11.303104216313882,9.705012066814762,4.0,8.728100776672363,4
652.7056803307369,30.25670076025201,649.0234445882444,34.0,40.0,-0.2545009020624369,2.941859722137451,12.7655235106228,0.43061454631117324,1.0,10.887286186218262,4
632.9634109200246,58.76576277715947,627.2237833858852,34.0,40.0,-0.28833647406993157,3.2086982112001543,12.559859265503567,0.6496481637589167,1.0,10.349865913391113,4
652.8219404880705,7.953365100434132,655.9442648503809,34.0,40.0,-0.28290967376314174,2.905768871307373,12.471113960180105,0.42778490045026174,1.0,10.842040588244533,4
671.2978318062233,24.14321129418911,665.4616390289624,24.0,40.0,-0.2080117567845119,2.7765095233917236,12.545150719850332,0.6128767996258238,1.0,10.654475212097168,4
605.2764609064166,31.678251847159242,603.7742594468544,34.0,40.0,-0.2775333478588742,2.98746124363893,12.525076496191193,0.5626912404779804,1.0,10.383079528808594,4
454.5803352730011,97.0687981717179,495.30917376611535,21.0,20.0,-0.2844331124954734,2.7952330112457275,10.891253384552464,5.7350799758120665,4.0,8.85390989747766,4
471.1478855898705,10.086633786906997,476.48268217478164,34.0,40.0,-0.2715701425343269,3.088053703308105,12.44270972193722,0.3567743048430481,1.0,8.951800322112739,4
615.1759567657235,31.34607654515973,610.3014241437318,34.0,40.0,-0.27765325111167205,3.1081058979034424,12.531148164725998,0.5778704118149922,1.0,10.63705062866211,4
439.69146330400054,2.7806749598866283,439.83902509997836,24.0,40.0,-0.25711228214664467,3.229174195535918,12.411997832868355,0.2799945821708823,1.0,8.43904972076416,4
600.0804940319592,30.641199978245666,575.3482411407163,31.0,40.0,-0.2734017695029109,2.6844167200786497,13.320721254243422,2.551803135608552,1.0,10.90156802645868,4
558.2556051632304,34.28473249359755,560.4355529859513,24.0,40.0,-0.25041178198239206,2.806848023506191,12.58596585328806,0.7149146332201496,1.0,9.433505058288574,4
504.03641736110274,76.46881336351687,522.5799497807885,31.0,20.0,-0.25899341748645355,2.8638429286464175,11.184807551393337,7.760599119796975,4.0,8.207998275756836,4
466.92803683207825,1.9487463627443569,466.02911691043573,31.0,40.0,-0.19536250789699344,3.108770775479199,16.198888033613052,0.7072468462568945,4.0,10.106717109680176,4
617.7864335609956,23.039333661385946,617.9738104698841,34.0,40.0,-0.25801996786395937,2.8579959869384766,12.418727809173289,0.2968195229332229,1.0,10.097966238943815,4
703.2918443255014,41.236580975901575,686.1639790341608,41.0,40.0,-0.22925555829175376,2.1285581588745117,11.964442720441749,1.789406719456934,1.0,9.446487426757812,4
645.8982290276174,29.503851681863736,646.2236474980043,34.0,40.0,-0.2515237482136677,2.91006531925629,12.388028861646568,0.22007215411641545,1.0,10.444868087768556,4
613.1337722424541,10.995903609280175,614.2630628141687,34.0,40.0,-0.29250028643781395,2.7950024391641684,12.40252851931938,0.25632129829845424,1.0,10.033443450927733,4
631.9946929148146,21.380639976843387,630.7162085831364,34.0,40.0,-0.24397791286869938,2.8579959869384766,12.556998637841765,0.6424965946044151,1.0,9.812401771545408,4
564.7760073093921,33.754206827999184,559.5298811880809,34.0,40.0,-0.20564987848818864,2.7872865200042725,12.584298879550623,0.7107471988765537,1.0,9.466285705566406,4
601.8200775002917,33.69611678642455,596.5010306865981,31.0,40.0,-0.22190768633230082,2.9667506217956543,12.878473827865516,0.6117474835710381,1.0,9.753168106079102,4
630.833422972745,8.118721809613799,624.1904214048293,34.0,40.0,-0.23515428612148626,2.8508243560791016,12.485973584626457,0.46493396156613925,1.0,9.949196815490723,4
601.2222884617878,30.411034654265464,606.1803094628049,34.0,40.0,-0.3009197764468755,3.083073058473617,12.410314907062958,0.2757872676573928,1.0,10.455626487731934,4
506.15003693575807,86.96456697379898,498.17987505727604,34.0,40.0,-0.2165560084929142,3.3101062774658203,16.060336457982647,0.601577268127371,1.0,9.669099807739258,4
374.4243464962878,59.313563172267905,379.76640103779573,31.0,80.0,-0.2645782522946139,3.7444658279418945,18.965565055374093,1.0074281449748583,1.0,11.138571739196777,4
628.0425927605916,24.26102042580868,629.9514847777668,41.0,40.0,-0.2880352717878109,2.924891233444214,12.364036613227475,0.1600915330686861,1.0,10.747808456420898,4
649.686172418709,5.658188978033153,648.3700331895086,41.0,40.0,-0.2140301333125048,2.8228058763679447,12.413751549160999,0.2843788729024948,1.0,9.930274963378906,4
721.7668997291378,53.954736248597314,736.4697540020587,31.0,20.0,-0.2349678091647393,2.414623498916626,9.000728654974228,2.5031646086256854,4.0,10.572968482971191,4
458.6437837767785,5.083523672434459,454.6046213266774,34.0,40.0,-0.26208916020488204,3.000071380312083,12.537101233192308,0.5927530829807691,1.0,10.521229085157062,4
613.2757092313474,34.24507387685739,614.7431496376337,34.0,40.0,-0.2921139600210178,3.069901011637505,12.43641306829095,0.34103267072736876,1.0,10.797540058363353,4
488.5745745907906,16.131667441983666,487.9454801312281,34.0,40.0,-0.2569317419304346,3.146008823881084,12.665509366171031,0.6269356670831617,1.0,9.532247543334963,4
757.3975713119322,39.87867747521251,762.8004163657847,31.0,30.0,-0.28132804321072197,2.5493099689483643,11.284719472624182,4.549449826568867,4.0,8.170492172241211,4
750.9058591775639,75.04224131593215,757.1260368693335,31.0,30.0,-0.2287518401392917,2.7998464354796884,11.773565096712936,3.919235638064141,4.0,9.158002853393555,4
763.5879913427768,33.59508455116035,772.0390594530274,31.0,40.0,-0.23722994323779378,2.6564029816778665,13.181694144196477,1.6643998218122928,1.0,10.266363143920898,4
668.8271341740002,45.253626112607606,659.655605894045,21.0,40.0,-0.22982696572344996,2.470592737197876,13.179223836726516,1.3922865976870897,1.0,10.167904226747279,4
634.7788941304547,9.279106576522333,633.0719605267378,34.0,40.0,-0.23654091816723688,2.651369094848633,12.457643036258414,0.39410759064603346,1.0,9.089809417724608,4
501.95440053913245,88.93402593076452,501.9501328317723,41.0,40.0,-0.24915131681093475,3.367063283920288,12.572057524431727,0.6801438110793164,1.0,9.669099807739258,4
703.6871897720354,19.283809226707696,699.816045055651,41.0,40.0,-0.2136117349834296,2.7427667601001264,12.47815713372374,0.4453928343093426,1.0,11.105585098266602,4
469.99031894350844,69.67381584624029,492.45782053405685,31.0,10.0,-0.3014867594181853,3.979799509048462,7.529387957198982,3.372360362276134,4.0,10.382560729980469,4
477.1460841616878,28.828007781702603,476.46339540000344,31.0,40.0,-0.1946484499387678,3.235048532485962,12.737048716031918,0.8204441355652623,1.0,10.908015251159668,4
527.0982620754006,9.31540633866886,526.1212116752199,34.0,40.0,-0.284895617699518,2.9649083614349365,12.464777312422612,0.41194328105653155,1.0,10.195333480834961,4
512.5102318528794,7.335226843059985,505.11839834080706,34.0,40.0,-0.24887905902853086,2.8797457170802248,11.982578622735423,0.6112300614587357,1.0,10.849929809570312,4
510.9409125076124,48.27063700903132,489.90168093535885,31.0,10.0,-0.3159999217847167,3.750823736190796,5.73570374748373,2.966652093012797,4.0,11.081669807434082,4
452.6950532004514,79.10138187821201,510.3206024428982,31.0,30.0,-0.24125243223999554,2.909748077392578,11.995668940047825,5.010695528927549,4.0,8.207998275756836,4
678.6714272754373,13.343709537817439,678.7835599379426,34.0,40.0,-0.26710608843527484,2.7981628317189102,12.445785410459655,0.36446352614913935,1.0,10.74009895324707,4
435.1077195733594,24.034628622491233,424.5883427638951,31.0,40.0,-0.2461077192412091,3.366865873336792,12.631918535257105,0.8297963381427614,1.0,9.799393653869629,4
636.8412993610762,23.062687404811594,637.0241317757921,34.0,40.0,-0.2942522820335614,2.9281656378169347,12.436287896238975,0.34071974059743015,1.0,9.792197227478027,4
413.0051321263333,22.168801519599203,411.1225768945675,34.0,80.0,-0.00010773877209937534,3.479473797690787,24.711144173063648,0.21450588826487016,1.0,10.248946189880371,4
462.30641126994215,0.10909656432653182,461.98431947106735,24.0,80.0,0.2086436126082199,3.0226858646669026,23.655267301541212,0.09649564722511911,4.0,10.106717109680176,4
790.154025349593,40.6449430712412,757.8212857790149,31.0,40.0,-0.2186633448684883,2.5519006481233815,12.221485047758428,2.187400622402696,1.0,9.859397888183594,4
557.8067417477738,25.33660605730019,542.9153204262961,21.0,40.0,-0.24481893002714994,3.084841958697295,12.827289582398206,1.31822395599552,1.0,9.276783765878697,4
622.107048897759,25.468461070542702,620.3405872432522,34.0,40.0,-0.27797826903302114,2.9281015396118164,12.485209848732499,0.46302462183124543,1.0,9.880134582519531,4
513.1804927359677,30.37535621261672,513.09895001164,34.0,40.0,-0.2707101491479138,3.2265028953552246,12.479638068478451,0.44909517119612574,1.0,10.02496337890625,4
454.3884345718694,8.26724704678038,454.8275050170947,34.0,40.0,-0.2562999200652366,3.292848587036133,12.468859679822138,0.42214919955534175,1.0,11.175004005432129,4
484.4013815269375,22.21504170554811,482.9683827718232,34.0,40.0,-0.2630508411891752,3.2573750019073486,12.442982066616501,0.35745516654125475,1.0,10.640653610229492,4
463.6910680265935,3.7032126044161844,469.5722752533768,21.0,30.0,-0.25400159913344095,3.4029417037963867,11.532168947420999,0.9098958072068765,1.0,10.75760555267334,4
741.9874548022967,43.58848273873982,730.3049280114698,31.0,40.0,-0.2814529453406795,2.64961500179959,13.686980728442396,2.8348492109791366,4.0,9.715983390808105,4
792.3050375189533,67.87838616946702,764.9397624274827,21.0,30.0,-0.27437577314778244,2.8268847339200653,11.891561055462416,2.357231716817317,4.0,9.61602306365967,4
515.8924003058543,19.458966148733005,521.4211555706694,21.0,40.0,-0.26503200719849906,3.281411888548073,12.706779199305341,0.9778689946215708,4.0,10.67199420928955,4
556.8167921618435,35.07099158040125,555.1460273343117,24.0,40.0,-0.24699483968724864,2.4379850819619433,12.710835632189973,0.5924912914364353,1.0,8.865315437316895,4
485.0924722333819,84.9661295596324,465.25654980272384,21.0,30.0,-0.21200316300532002,2.6652776079868388,12.965945366616337,6.91486341654084,4.0,8.22628974914551,4
661.2708881429737,76.01502658925115,656.314642883262,34.0,40.0,-0.269339483371558,2.43947434425354,13.288169564164114,1.2067252802733057,4.0,9.078548183179882,4
499.2978447661382,10.034970646131878,499.37166319188685,21.0,40.0,-0.2451912906656285,3.374074202461019,12.707897322562518,1.019743306406295,1.0,10.991257667541504,4
770.5085146641438,25.863802478269612,752.4902497348405,11.0,20.0,-0.25802103074068405,2.741944475284474,8.952367292447391,3.1125880513646775,4.0,8.465778350830078,4
438.134588717098,18.862319872364374,427.8999201881544,34.0,40.0,-0.2662862214563835,3.3876407146453857,13.290353933866868,0.4856695704793297,4.0,10.320243835449219,4
440.306022472493,55.67209594665623,443.72210872444185,31.0,10.0,-0.26031123560945324,3.844181954679158,9.159847552831755,3.0798232599389506,1.0,10.702466661566922,4
649.4251564909732,3.2500112577302733,650.9311469308655,24.0,40.0,-0.2780203539319781,2.8291635513305664,12.473486204137284,0.4337155103432048,1.0,10.592938423156738,4
492.3803832246857,73.9947788960974,491.8689701519676,41.0,40.0,-0.22157985503016264,3.168684720993042,12.664059865964372,0.9101496649109301,1.0,8.966392540773807,4
634.3045677220357,24.511896726165986,633.4733023815353,34.0,40.0,-0.2487743704916488,2.8213653564453125,12.410612423633392,0.27653105908347503,1.0,10.444868087768553,4
644.6534810331647,18.083261149826892,648.7539676923293,21.0,40.0,-0.283173523762758,2.8972108364105225,12.566777102353377,0.6669427558834438,1.0,10.693098068237305,4
655.6832078381565,14.069497444134488,656.0411586282171,24.0,40.0,-0.31878957164262656,2.9142329692840576,12.398699111001552,0.24674777750387694,1.0,11.425531387329102,4
481.31252834981393,15.97493781903318,478.4797206699745,34.0,40.0,-0.24598918921627616,2.5500828184027027,12.630619641102403,0.7807682030787081,1.0,10.560352325439453,4
491.5226766112414,16.723527124318515,493.1633840825828,24.0,40.0,-0.28976993861471556,3.1832022666931152,12.438132429573084,0.3453310739327064,1.0,10.67199420928955,4
535.8995120592008,13.057248489604774,537.2734136104958,34.0,40.0,-0.2943207558351504,2.8897671699523926,12.868145611866053,0.468835731690792,4.0,10.474365234375,4
527.3628516996928,23.63453807903018,508.3427466507223,34.0,40.0,-0.2713652735573645,2.5851326446010643,12.848781402245217,1.3719535056130436,1.0,10.94233512878418,4
613.5157527766617,4.819061108108269,613.0868397308536,34.0,40.0,-0.26239372900622554,2.8138792514801025,12.421389620967174,0.30347405241793324,1.0,9.352738380432129,4
440.89069607703374,2.9982696792652392,442.2626125455185,34.0,40.0,-0.2471777100967033,3.0891033991908863,12.369954079431382,0.17488519857845514,1.0,8.749163150787354,4
441.9079846036212,20.453941447219172,450.41653268558287,31.0,40.0,-0.24055824393118236,3.3485229528502938,13.446010516958276,0.6246490292705393,4.0,10.174715995788574,4
615.9645222327345,2.6075864397802455,613.4599392547176,34.0,40.0,-0.26141534501099906,2.871461868286133,12.452824883155927,0.382062207889814,1.0,9.352738380432129,4
640.0410634906231,25.848759531407037,636.0929168718175,34.0,40.0,-0.2605063829413769,2.9125072956085205,12.689479374735996,0.5802451378936677,1.0,9.698505401611328,4
463.81195163359723,29.659201926698863,460.83594301808876,34.0,40.0,-0.2685808543152497,3.1967390768681945,12.563958110624364,0.6598952765609087,1.0,10.569264789732644,4
624.359793159757,7.796510980059754,622.9384572068702,34.0,40.0,-0.2862466151972058,2.814267158508301,12.431725254514836,0.32931313628709,1.0,9.94919681549072,4
485.8656737211794,65.4077328849392,487.88729832858644,21.0,40.0,-0.27582712901896456,3.232692241668701,12.89268458188658,1.4817114547164514,1.0,9.072463035583496,4
418.0400688171484,14.876373730860026,422.8549436772727,24.0,40.0,-0.24915137894158496,3.3876407146453857,12.457175984732876,0.3837692019923701,1.0,10.320243835449219,4
642.2148559505449,27.499998227532924,643.017102244025,34.0,40.0,-0.28217602616262627,3.052845001220703,12.406035975563356,0.26508993890838844,1.0,10.361052513122559,4
444.58458288513583,34.87198390555443,437.41802305365695,34.0,40.0,-0.29102279343397286,3.4723103554981343,12.715939019858201,1.0398475496455026,1.0,11.055930137634277,4
649.2556051632301,16.940170292523508,647.0971573397453,34.0,40.0,-0.283024197777375,2.93987512588501,12.448262047198444,0.37065511799610873,1.0,10.700209662405712,4
495.49488731353864,31.168385143031838,501.8729976464651,21.0,30.0,-0.26665194644156526,3.257208841525955,11.791254880318636,1.0601443028298942,4.0,9.799393653869629,4
575.2412520573865,29.682245532042145,571.6174887725404,34.0,50.0,-0.1415653470726691,2.762149572372437,15.50475335349988,0.5118833837496947,1.0,8.465778350830078,4
662.0666269229272,29.60612655856718,655.925049152439,34.0,40.0,-0.27312777254608084,3.03347897529602,12.516644658886442,0.5416116472161046,1.0,9.792197227478027,4
599.3383898601624,48.24372849214676,593.0863796661321,31.0,40.0,-0.23225322826448122,2.5701773166656494,12.815119883496024,0.7886275233094968,4.0,8.39833927154541,4
605.5611513588469,4.281362155232408,601.5223326870228,34.0,40.0,-0.28741022851367665,2.81549334526062,12.447982754497461,0.3699568862436512,1.0,9.352738380432129,4
546.1785357888047,76.7386405868964,531.5230192805218,41.0,40.0,-0.28951941979235585,3.2848361963467863,12.649698156571837,0.8742453914295916,1.0,10.319398880004883,4
720.1782539106547,15.888753182988525,716.3064333776953,34.0,40.0,-0.2404826563428359,2.9217501204541048,12.451260129811853,0.37815032452963293,1.0,10.28452582275329,4
630.7180829693759,57.293729484397055,628.9387209283656,41.0,40.0,-0.22287961559628727,3.113849401473999,12.917041317504866,1.4909904323425305,1.0,9.955197903508076,4
524.9730952164954,16.64477224659007,525.7195969775885,34.0,40.0,-0.23754670737387923,3.092242479324341,12.659246673835003,0.8981166845875093,1.0,9.091113949453604,4
544.8490299503633,40.659206950436875,548.3977228228621,41.0,40.0,-0.2487788755336655,3.013118028640747,12.59194248950012,0.729856223750299,1.0,9.95270824432373,4
582.0722191262419,37.80960264900665,580.5083280574643,24.0,40.0,-0.2436149852370807,2.961960792541504,12.58113451932353,0.7028362983088233,1.0,9.243315696716309,4
646.0687199491971,27.2268438944721,648.0415346706234,34.0,40.0,-0.2878879579017183,3.0426315062200024,12.459221714220414,0.3980542855510287,1.0,10.361052513122559,4
641.8860564274698,12.102623703422339,645.8728051477478,24.0,40.0,-0.28254585465310406,2.945711851119995,12.49812527932993,0.49531319832482223,1.0,10.580527305603027,4
664.2559842407433,50.00124454479781,665.0922053160072,34.0,40.0,-0.33848781754105617,2.6011393070220947,12.593346865547552,0.9241209125242498,1.0,9.297165172673948,4
430.9669781366233,18.1830150193139,429.1905351701258,34.0,40.0,-0.2605708596174695,2.8483259677886963,12.444819120217593,0.3620478005439821,1.0,9.68750286102295,4
648.6664636279986,26.264276064450357,644.3277023647059,34.0,40.0,-0.27355539365785825,2.8693571090698247,12.41636403469521,0.29091008673802254,1.0,10.441728591918947,4
611.3237840359769,57.351291379369094,610.857132135392,41.0,40.0,-0.23426507707090485,3.110391616821289,12.571856384029628,0.6796409600740705,1.0,9.808762550354006,4
433.542534440974,2.8988751618238195,431.4584446033211,34.0,40.0,-0.06723601243478208,3.1768481731414795,12.98509122133284,0.18175061654396155,1.0,9.02236530878773,4
672.484710540299,10.55099957067358,667.4415886188406,34.0,40.0,-0.2557675827510059,2.923338174819946,12.4741055115586,0.43526377889649664,1.0,10.77517247619927,4
493.3144204974014,20.629598714545548,496.1160576436328,21.0,40.0,-0.30300128396201603,3.330989122390747,12.427647832896897,1.0406790488119761,1.0,10.908015251159666,4
619.2902113762133,3.602079678440489,617.2178459632694,34.0,40.0,-0.22376928860200815,2.7992916578416023,12.474575828167113,0.4364395704177825,1.0,9.304371800208047,4
485.0825546584413,19.307764091967073,492.79279334501797,31.0,40.0,-0.26011489252205994,2.9513258507709637,12.556551995021149,0.64137998755287,1.0,8.388114386108755,4
465.9310824120994,2.4178046380316447,465.33036537658364,34.0,40.0,-0.23598451638518653,2.462830066680908,12.962200017789957,0.3828712229199653,4.0,8.47121238708496,4
629.9534609452962,22.461870413560543,623.8376056484612,34.0,40.0,-0.2769439479228516,2.989020586013794,12.447824379128,0.3695609478200003,1.0,10.443496704101562,4
664.4550485348815,25.03794556058076,661.6561405113017,24.0,40.0,-0.315894921018674,2.997682809829712,12.416562700153188,0.2914067503829697,1.0,10.441728591918945,4
427.91409844351426,27.087365669028998,432.6666646189055,31.0,40.0,-0.28647803835578267,3.4996376037597656,12.269856489935211,0.839481623485056,1.0,11.258005142211914,4
599.0263928668628,96.74295088317305,599.6659003745816,21.0,30.0,-0.22679029540246365,2.419122510681185,13.069552758780523,5.158856495517915,4.0,9.29942512512207,4
474.6230349528904,24.89996852702131,478.32505483141915,34.0,40.0,-0.2746393694952054,3.3492915630340576,12.588870517448063,0.44753463526945203,1.0,11.020442962646484,4
623.5957478518941,26.452488840374436,621.5990623845599,34.0,40.0,-0.32347798142440043,2.9489848613739014,12.411494541536179,0.2787363538404452,1.0,10.747808456420898,4
446.0252621142805,31.093038604009667,443.43090023873754,34.0,40.0,-0.2993682627728799,3.525558233261108,16.11293836167821,1.22815725967267,1.0,11.258005142211914,4
606.7802387216341,13.263316232187034,607.4272898757822,34.0,40.0,-0.24449873983643094,2.8837452590070827,12.461410709910755,0.4035267747768831,1.0,9.616775512695312,4
392.973231295603,50.39541029314289,384.64751916180086,34.0,40.0,-0.2923766832848776,3.4249143600463867,12.602011915021446,0.7550297875536134,1.0,10.205185890197754,4
611.3506369798216,35.13094133889271,611.9856247343947,21.0,40.0,-0.21312820671922134,2.9787872297954694,13.002680372762972,1.2427520134123022,1.0,9.779339254718936,4
584.7447901141768,20.374059310199243,584.0441279350568,41.0,40.0,-0.23649199763630324,2.843270498395756,12.427105684545609,0.31776421136402017,1.0,9.49120807647705,4
469.9791863765378,67.56114444673524,438.2780739579361,31.0,10.0,-0.27665907552913405,3.9647061857458663,6.457693657956019,3.310574653696377,4.0,10.40513801574707,4
722.4095883931002,23.603858735840678,722.8800526974159,34.0,40.0,-0.22664267249924228,2.8418984413146973,12.503731401195592,0.509328502988973,1.0,9.823613166809082,4
555.8567994193966,82.33128085847105,611.8034214399422,22.0,20.0,-0.23709568419363375,2.841480016708374,12.7964613294597,8.132063239280226,4.0,8.764789038146573,4
588.9473373854665,73.73681271371504,582.4983348166412,21.0,40.0,-0.2153585893693829,3.287148952484131,13.057617961972138,1.6286906456542816,1.0,10.319398880004883,4
617.8312554269642,21.751548497250358,618.8702302086531,41.0,40.0,-0.2748646292893361,3.022084174228368,12.384330823161124,0.2108270579028071,1.0,10.887286186218262,4
452.3434377470483,57.643835307976616,449.20435545529483,34.0,40.0,-0.2510747010287137,3.4108705520629883,12.53994127842016,0.5998531960504013,1.0,10.830222129821777,4
518.4232060237683,28.351318397688242,517.6943965621217,24.0,40.0,-0.27844622014568043,3.2210516976994406,12.512731619789404,0.5318290494735105,1.0,10.02496337890625,4
452.6473509933775,11.684886314996053,452.4126119504018,34.0,40.0,-0.23198788127795342,2.8465354442596436,12.385947815050564,0.21486953762640762,1.0,9.628052708328957,4
431.90177356436556,13.480490652537817,429.6645222438678,34.0,40.0,-0.2455879061874114,3.242437839508056,11.98365275044521,0.750959191725824,1.0,10.320243835449219,4
506.1063620222651,5.994371795400263,509.00304884531204,41.0,40.0,-0.24368234037272665,2.8632937186851426,12.554913949868519,0.6372848746713,1.0,10.92339038848877,4
487.83557107865386,23.697165477146008,491.3445420983722,31.0,40.0,-0.2811691718758815,3.3475938810417984,13.052665636892673,0.9987998538210635,1.0,11.020442962646484,4
386.8164811238839,30.80284028316678,386.85621316596627,34.0,40.0,-0.27568173539461643,3.242110013961792,12.367986423807423,0.16996605951855784,1.0,10.444701194763184,4
448.8112258783581,1.739472533202303,447.7476461870816,31.0,40.0,-0.17558070382969693,3.490127516108636,13.106303009676395,0.5893180016341981,1.0,10.683805434119618,4
609.6318476950793,41.62267762045887,614.406785129634,34.0,40.0,-0.28633548406571,2.9876866513269063,12.673977620768103,0.9349440519202573,1.0,10.230292320251465,4
666.8772955249412,6.231704891821151,665.6834181599213,34.0,40.0,-0.2582996237440162,2.70813415934708,12.48746133547617,0.4686533386904205,1.0,10.341493606567383,4
640.6872610515672,12.592586837908962,638.4383287746581,34.0,40.0,-0.28794829517723053,2.990077358869191,12.463076764915911,0.40769191228977,1.0,10.580527305603027,4
590.2578115887553,5.841055484939328,589.5364724442998,31.0,20.0,-0.24473691425406593,3.089353084564209,7.849756643524994,1.0685692050073943,4.0,9.748995780944824,4
663.8377159445836,68.4614606180778,680.4663313782125,31.0,30.0,-0.25165068867120716,2.6802399158477783,11.032029443774476,1.1936640242830845,4.0,9.712974548339844,4
592.5808050699185,34.052500660821366,591.644263369174,34.0,40.0,-0.25969496780606244,2.912114381790161,12.49004834660424,0.47512086651060176,1.0,9.813133030721598,4
520.4697774782595,13.817517810399215,515.5697978322237,31.0,40.0,-0.2215589238664452,3.0568756576620197,13.377099598316924,0.8182544324766404,4.0,9.120280265808105,4
457.1436185378622,18.03887743700344,459.791241332412,31.0,40.0,-0.26668739553118825,2.849389553070069,12.41574136714214,0.2893534178553439,1.0,10.158910751342773,4
328.4222016303572,67.92372983919557,327.81493204404774,34.0,80.0,-0.2582134102596919,3.7383270952932404,17.629744422909198,0.3900321864686622,1.0,9.845768928527832,4
560.2122250878033,27.920953408330256,557.6711334253432,31.0,40.0,-0.20956242676447784,2.7171764373779297,12.65210611399116,0.8802652849778969,1.0,9.755254745483398,4
507.6980501807907,7.145403767387003,510.69407376648445,34.0,40.0,-0.2263537706255594,2.759920587810628,12.566095689053768,0.6652392226344194,1.0,10.92339038848877,4
681.4647781910548,22.303184320538172,680.3702695566761,34.0,40.0,-0.21737087045885828,2.77848645669735,12.51828182359256,0.545704558981396,1.0,10.654475212097168,4
435.97823058280727,0.9387417218542851,433.41330146381694,24.0,40.0,-0.20579337412808218,3.1902583383566543,12.839421111816527,0.3164826599209366,1.0,8.568027651239987,4
634.1271140861315,34.75159652600177,632.1768160524231,34.0,40.0,-0.27977086756503944,3.0396664142608647,12.482256674936698,0.45564168734174315,1.0,10.188267593981001,4
753.0411153302836,50.05862157288477,752.1957481877572,21.0,40.0,-0.25018330570813707,2.579233148451753,13.244462424822785,1.8753244891121306,4.0,9.715983390808105,4
577.6026230867928,34.22883341891692,573.7417843536214,24.0,40.0,-0.2225001631405647,2.430532693862915,12.52976540931469,0.5744135232867243,1.0,8.865315437316895,4
663.4629476030636,28.376432176518904,664.9420254262727,24.0,40.0,-0.221321503385896,2.846254194319365,12.578569131080863,0.6964228277021602,1.0,10.444868087768555,4
604.9470295874858,10.510609347934441,602.640201712518,34.0,40.0,-0.2744840130782907,2.863986950441703,12.49446073045551,0.4861518261387728,1.0,10.18936361066555,4
781.3289615220126,72.24535173361558,799.8921486561671,11.0,30.0,-0.23965764970768832,2.7998867034912105,11.053748651064442,2.1343716276611064,4.0,9.616023063659668,4
460.34770155907773,8.991193755222696,460.4692672085016,34.0,40.0,-0.27683141962031926,3.2906422829674646,12.501273368452441,0.5031834211310978,1.0,10.75760555267334,4
449.9582723137337,3.081387309842723,450.2647822698411,24.0,40.0,-0.22927051307422394,2.9495036602020264,12.425204608249551,0.31301152062388193,1.0,8.822234153747559,4
675.0467334534285,9.5301201861241,670.9604165298482,24.0,40.0,-0.2645248845032292,2.9233381748199463,12.46127072946001,0.40317682365002505,1.0,10.592938423156738,4
693.9987040085016,48.520091746442105,696.6875193046096,34.0,40.0,-0.29185700769931855,2.5391201972961426,12.68445045778672,0.9611261444667958,1.0,8.816106865737618,4
664.1248363810735,41.62149134103313,678.7952492793612,21.0,30.0,-0.24615675440260806,2.6499180793762207,11.125807151594703,2.31451787898676,4.0,9.625871658325195,4
547.2297922525628,54.283250380448884,541.7465990889946,24.0,40.0,-0.2409124765244593,3.2207501479332024,12.540291347425304,0.6007283685632578,1.0,10.141982078552246,4
674.9167455061495,5.714285714285694,675.3665369010355,24.0,40.0,-0.2664683926973903,2.7944727015021624,12.455408355681087,0.3885208892027148,1.0,10.592938423156738,4
485.08731094724084,30.690921987520912,477.6592892023029,31.0,40.0,-0.328437371219075,3.4572670459747314,13.192344016868972,1.2916371834743512,1.0,11.258005142211914,4
460.3205440572309,0.9447975288427133,455.3006124569753,24.0,80.0,-0.017524383236441482,3.2164664268493652,25.124468672689243,0.28577672831396955,1.0,10.106717109680176,5
462.7146874716503,1.3013167212167058,460.4286715214501,31.0,80.0,0.038411116077453365,3.2164664268493652,25.51316767483891,0.3338386930653866,4.0,10.106717109680178,5
440.46330724070447,0.6642490036538584,438.7457086372749,34.0,80.0,-0.017897441520296806,3.560107946395874,24.701694999725746,0.35110638385416365,10.0,10.577866554260254,5
709.7344578219574,41.256921382587215,682.7411876495601,31.0,20.0,-0.2626902360632626,2.6554569166933724,10.392982951586287,5.047036635325883,4.0,9.5340576171875,5
645.9346172289112,35.04205746012734,655.561252752147,21.0,50.0,-0.21697994661211248,2.954221248626709,14.949048178283206,1.2999833622072199,1.0,10.419346809387207,5
563.755096486567,16.091510479703402,558.5220744561287,31.0,20.0,-0.2665646059350939,3.1839203834533696,10.109721495870579,1.622549615183662,4.0,9.532247543334961,5
463.4363862573062,0.35812133072406027,459.9588832245405,34.0,80.0,0.212867537258823,3.1101901818547817,25.557931662859275,0.2827064526730599,4.0,10.106717109680176,5
461.42322546364096,0.1410751545469765,460.4255492068908,34.0,80.0,0.22185250304127815,3.066052913665771,25.2355968571296,0.08899214282400547,4.0,10.106717109680178,5
604.0497725534922,23.65444334380002,579.6405858912575,31.0,40.0,-0.2659177086588164,2.554396792633893,15.212090132374641,5.491533504754971,4.0,8.465778350830078,5
532.7296172937106,15.842253410294994,526.2262181217418,31.0,40.0,-0.241209719724372,3.1568567752838135,13.839379589037407,1.657934982365294,4.0,9.532247543334961,5
460.0,0.534246575342479,459.5265888752938,24.0,80.0,0.20152549080230858,3.0314424037933354,27.0,0.0,10.0,8.471212387084961,5
634.0283789738342,19.032650707051076,617.149349064777,31.0,40.0,-0.2639566399469411,3.0461888313293457,13.516839475072473,1.517448929383683,4.0,9.13681697845459,5
455.7582716657379,2.965528520097906,456.38285256705166,24.0,80.0,-0.2716363270781356,2.777729988098145,23.66051891574258,0.32237950705741064,4.0,8.166120529174805,5
440.3174077578051,0.8317573966526891,439.93813753443834,34.0,80.0,-0.049709782103044796,3.583256959915161,22.809708675818513,0.08387433855230812,4.0,10.722140312194824,5
325.50392685424225,41.73182514038993,303.0871259241652,31.0,40.0,-0.24164527058464189,3.4716287419753997,13.910341844727208,2.5366486010093667,4.0,10.198740959167482,5
600.8531252834993,30.901850671038446,614.0164514603612,21.0,80.0,-0.15202506485915457,2.6936228275299072,22.83662835798708,1.6900338490518676,4.0,10.934926986694336,5
461.23506045800343,0.08278145695365424,460.1791191536625,34.0,80.0,0.22396160697002507,3.0660529136657715,25.236615241090302,0.09153810272575195,4.0,10.131478358154894,5
655.1593227148417,10.704063672345514,657.8843234038911,41.0,40.0,-0.2545455170260414,3.0380319151657313,12.783065334494104,1.3203854367780514,4.0,9.748995780944824,5
444.4581783543507,30.111946217006494,444.70885897275434,31.0,40.0,-0.2660753733279012,3.337295808539487,13.266358619859702,2.415896549649248,1.0,9.799393653869629,5
453.8943507730587,28.69517109319264,451.1773705667567,34.0,80.0,0.18012011292691618,3.1495985984802246,20.454367175425542,0.5099070651944466,10.0,9.264348030090332,5
415.5009784735812,17.546085583095813,415.53500925672864,34.0,80.0,-0.05695513506531506,3.510155730051537,19.48382360541505,0.35983570772312024,4.0,10.320243835449219,5
472.03733751506604,8.518197905505254,477.6577275469821,42.0,40.0,-0.24106732975406764,3.3840145248256315,12.71524450035474,0.6406047385295546,1.0,10.991257667541504,5
616.8210235740846,30.224803284023906,649.1833077311057,31.0,40.0,-0.2001897947892276,2.944327116012573,14.187359168495334,2.468397921238334,4.0,9.244165420532227,5
461.54683389276965,0.14921311715643032,460.55108661048223,34.0,80.0,0.2733011913637955,2.995760917663574,24.11330294070548,0.23775833023726453,1.0,10.16055965423584,5
565.1919071810892,30.183661028919676,582.4741204544163,31.0,40.0,-0.22992642415209902,2.9443271160125732,13.739523007166897,1.3488075179172427,4.0,8.719323158264158,5
606.0534078096447,2.1685825098409923,605.029194172578,34.0,80.0,-0.17246051640134333,2.9016427993774414,16.521690437174406,0.19666203855579623,1.0,9.352738380432129,5
447.8317414237772,21.198756007165084,451.8983195706288,34.0,40.0,-0.24492284447573548,3.3716931343078613,12.484066311212556,1.9381501224540911,4.0,10.248946189880371,5
623.8383509804174,37.06008160833795,620.3904095386447,31.0,60.0,-0.195826510929535,3.0600643157958984,18.422308568118403,1.1987225225368612,4.0,10.145605087280273,5
459.99999999999994,0.5504928595369231,457.3999938964844,34.0,80.0,0.18211603392421513,3.007694721221924,27.0,0.0,10.0,7.661770820617677,5
548.9537752232346,4.713103534834284,547.3933269087282,31.0,40.0,-0.23380289015060213,2.939120292663574,12.815438273729633,1.641108611839309,4.0,9.120280265808105,5
712.6845621492724,18.19725877395574,717.9390079356258,34.0,40.0,-0.2617919458594715,2.9067897386108803,12.543289707498662,0.6082242687466545,1.0,9.581900596618652,5
684.8715704824974,25.43354847413974,663.6658812841378,31.0,40.0,-0.24946674309818934,2.774479866027832,11.712505289283524,3.4974410850819138,4.0,8.465778350830078,5
421.3871385803713,20.225768670232547,422.22481317646606,34.0,80.0,-0.1256408511813503,3.479473797690786,18.171111617099157,0.939611445127763,10.0,10.248946189880371,5
708.1031220435193,76.18737735294388,717.3122346587132,31.0,40.0,-0.2876007504105297,2.7793097496032715,14.342019570348263,2.8550489258706597,4.0,9.158002853393555,5
502.06785163489326,32.61539058852692,503.3706716988672,31.0,40.0,-0.30571748431695195,3.5460352897644043,11.84688170230247,1.214320998670399,4.0,10.929823875427246,5
463.57679397623156,1.1827519602418153,463.6211867257623,34.0,80.0,-0.02774293232392867,3.033075927055043,23.501424075912922,0.2741081349880893,4.0,10.16055965423584,5
461.09557937299934,0.04892367906066397,459.7146245997677,34.0,80.0,0.24910389279527353,3.2164664268493652,25.186904842218905,0.07734038343376354,4.0,10.106717109680176,5
642.3141029794842,27.638145483229245,616.5738614327884,31.0,60.0,-0.22863065474519084,2.683243056006779,19.187815081812566,3.0076981741987563,4.0,8.465778350830078,5
643.0133227926023,11.337318035600076,640.3229403141873,41.0,20.0,-0.24128348423730442,2.991815090179444,9.118262044055438,1.5987680817176815,4.0,9.58190059661865,5
607.8489781107036,31.998197136312733,621.5354225816318,31.0,40.0,-0.22043432768673402,2.9443271160125732,13.751580987168385,1.3789524679209637,4.0,9.244165420532227,5
452.0303262010598,16.641130360397963,459.1939967154424,31.0,40.0,-0.2625824741436831,3.214065547431978,12.351885513234086,1.2407705345528304,4.0,10.255026858380164,5
469.2738851233127,17.578148883123784,492.7497312719025,21.0,40.0,-0.3178652488572446,3.4049124717712402,13.41135738314852,1.4962804085328485,4.0,10.821448326110838,5
607.2397487072484,0.9064003123955758,606.0114407681685,34.0,80.0,-0.014694988539658498,2.902348518371582,19.872969159240245,0.30571056933297563,10.0,9.352738380432129,5
460.1341351200736,2.489507858576719,459.82378117884707,34.0,80.0,0.11419877948825333,3.031442403793335,27.03188411067697,0.079710276692429,10.0,8.471212387084961,5
432.6011845362293,0.7906066536203298,434.59805847801545,34.0,80.0,-0.1623570858768535,3.3957600593566895,24.35936333100286,0.27425234197038073,1.0,8.43904972076416,5
630.2236622127751,29.661336918780766,659.013247754187,31.0,40.0,-0.24062556333125404,2.9443271160125732,14.063692423537239,2.1592310588430985,4.0,9.244165420532227,5
598.1002838221393,24.28821963788794,601.6973755691242,34.0,40.0,-0.2303766135263802,2.7297390691491943,14.209782984579267,5.504589911779404,4.0,8.465778350830078,5
545.7459953862699,3.0983341917698057,557.153926244687,31.0,40.0,-0.25420276399880065,3.1430785509924224,13.830408481507893,1.6601764117115954,4.0,9.748995780944826,5
546.7496371223796,14.72804890585762,556.4143853085893,31.0,40.0,-0.22781742618919487,3.0695345401763916,13.862354239964972,2.011358248011901,4.0,9.120280265808105,5
682.161525900391,23.306677933454502,641.8188830820494,21.0,40.0,-0.2569080852003966,2.5480005149020264,15.303489346323804,5.258723365809511,4.0,9.484565734863281,5
461.0,0.0,459.8000183105469,34.0,80.0,0.2693769126615657,3.0660529136657715,25.83682362278328,0.03590212534767732,10.0,10.106717109680176,5
602.9399372740126,5.291998679610524,609.0472324220221,31.0,40.0,-0.24008190581906794,3.089353084564209,13.637657776329876,1.6614242194692541,4.0,9.748995780944824,5
729.2745525589352,40.85908673942413,734.8507959570989,31.0,40.0,-0.24678756332255192,2.5493099689483643,14.464620267675448,3.161550669188619,4.0,8.170492172241211,5
429.0,0.0,427.4133114181888,34.0,80.0,0.3355764317941594,3.2611241340637207,27.0116091791586,0.02902294789650209,10.0,8.822234153747557,5
674.6493047005613,12.919474676820974,667.2583408324815,31.0,40.0,-0.231902253233276,2.9244532585144043,13.766411870305893,1.7140429207978363,4.0,9.581900596618652,5
722.1990383743083,16.98898265950766,725.2265143322104,34.0,40.0,-0.23061999228145189,2.9062721729278564,12.525428859508931,0.5635721487723258,1.0,9.58190059661865,5
413.42474825365144,19.9059599827472,413.1104487755074,34.0,80.0,-0.034013927693262315,3.5210039615631104,21.797524699244605,0.2658112037950235,4.0,10.248946189880371,5
464.12869195578077,1.3269327975250222,463.69268213411186,34.0,80.0,-0.006548681081132701,3.0140321815250735,25.06996044338204,0.3794020869286706,4.0,10.16055965423584,5
464.7153354673994,0.34105960264901114,462.3337096964284,34.0,80.0,0.10568226726187593,3.0240151882171626,26.55148495797659,0.41348060686202864,10.0,10.106717109680176,5
435.6893443579006,15.83797864148469,431.47998241641477,31.0,40.0,-0.25751128631325737,3.3876407146453857,13.339899615451891,1.191636455848341,4.0,10.320243835449219,5
641.7133364005139,31.93448337455422,651.0065603326559,41.0,40.0,-0.2166151686882181,2.94524884223938,15.699110545557678,2.2634773008961333,4.0,9.244165420532227,5
627.5905314861136,27.214788234172335,597.2742878196075,31.0,60.0,-0.22241282990478367,2.774479866027832,18.96251492600294,3.209017969094258,4.0,8.465778350830078,5
795.2126203652099,67.31648149929022,769.997125744929,31.0,40.0,-0.30309896360213195,2.8268847339200653,13.236435880568411,2.472182481452464,4.0,9.616023063659668,5
467.83340677285196,14.39851918807569,474.4094739833288,31.0,40.0,-0.2411569043425411,3.2749706522518447,12.566134114568499,1.3250006290165264,4.0,10.356829667511285,5
602.8909423154183,0.5480132450331325,599.7883451680334,34.0,80.0,0.061484479096695833,2.902348518371582,25.14062641548626,0.20888304471670066,1.0,9.352738380432129,5
460.0,0.00539456461165605,459.440830082349,24.0,80.0,0.2180164118088867,3.030745309393,27.0,0.0,10.0,8.447451871435236,5
615.9353429841498,32.058285075305065,622.574363367274,31.0,40.0,-0.21721257623463947,2.944803311166931,13.74267591373807,1.3566897843451766,4.0,9.244165420532227,5
460.3330050154871,2.555900679639868,459.9648557247115,34.0,80.0,0.11985941880326866,3.031442403793335,27.061498612028164,0.1537465300704084,10.0,8.471212387084961,5
663.4329551198147,23.660513961159612,670.0380170683746,41.0,40.0,-0.2501752815764168,3.0064127851139077,10.347762710643561,0.9579246159318959,4.0,9.13681697845459,5
682.0035898964503,16.74047940564546,673.9884214103258,31.0,40.0,-0.23133771061162267,3.0109418046395513,13.757122068922492,1.3928051723062311,4.0,9.428351402282715,5
443.11195422558023,4.202849579132925,441.2346271812461,42.0,80.0,-0.2598845165677338,2.777729988098144,21.26912094731559,0.2208447731307446,4.0,8.166120529174805,5
670.5529315327688,12.965157893301376,670.0192810229448,41.0,40.0,-0.28191921788236457,2.9094371795654297,12.533650020749066,0.5841250518726593,1.0,10.812978744506836,5
595.334579645156,8.359719179640862,605.2814343343015,21.0,40.0,-0.2857083695355775,3.0134470462799072,13.320875074684302,2.14800357815823,4.0,9.428351402282715,5
460.0,2.069133048118883,459.69376836299085,34.0,80.0,0.1148489920927415,3.031442403793335,27.04666801693966,0.11667004234913977,10.0,8.471212387084961,5
430.75917561980793,0.6634050880626035,429.90940871933117,34.0,80.0,0.12166875439796389,3.2611241340637207,25.91108550157263,0.10464785924382754,10.0,8.568027651239989,5
409.0196083513689,84.93288029760183,401.37399727947655,34.0,80.0,-0.11643517070045624,3.412190377129033,19.75086088361318,1.1974986275599828,4.0,9.276137096307982,5
706.6838428739908,70.89171525168166,696.292616758266,34.0,80.0,-0.15308302425434106,2.787047993646909,19.76224940198633,1.2001440529110408,4.0,9.616023063659668,5
429.8652525239434,0.0998043052837545,428.33671339215016,34.0,80.0,0.2673485583958543,3.2611241340637207,25.33008582560824,0.07351438517376999,4.0,8.783990697618101,5
625.6891499591774,34.84355371974766,612.1540364069322,31.0,40.0,-0.2519244649672672,3.0154647827148438,11.575403934781448,2.4181206507068804,1.0,10.97518062591553,5
470.3311582276012,23.383377577682133,472.2408685875894,31.0,40.0,-0.293126180347402,3.3716795444488525,13.72888818141324,1.440317678815312,4.0,10.82144832611084,5
429.02644470652274,0.9652317880794783,427.4204383468732,24.0,80.0,0.0642462365421674,3.261124134063721,24.443390608506103,0.06429050112560383,1.0,8.822234153747557,5
652.2265198740295,29.18861527542915,663.3881090809623,21.0,40.0,-0.25651684005891373,2.9443271160125732,14.285400254933387,3.257865666298759,4.0,9.244165420532225,5
694.8828229286817,36.41686835393888,700.4665793289369,31.0,40.0,-0.21070975312214496,2.6199941635131836,15.88576177017396,2.5725451960314496,4.0,9.53612232208252,5
675.1556647788384,9.757887801590563,674.2990759893057,31.0,20.0,-0.2457180265303679,3.001044988632202,7.967532494165734,2.4357252945893455,4.0,10.58407974243164,5
669.5208492632286,11.48203442935092,660.3255248826476,21.0,40.0,-0.23145941266956271,3.018503427505493,11.990498062785138,1.272602772857081,4.0,9.428351402282715,5
471.25407265328363,3.15804427722369,464.5951088677315,21.0,80.0,-0.22247914809869998,3.4366568203308336,20.214087326914665,1.2072344588607056,1.0,10.991257667541504,5
459.9658247041899,2.0719291247678138,451.9618405811901,24.0,80.0,0.12006670025432559,2.777729988098144,25.704628413405636,0.010615239784080516,4.0,7.665110884912755,5
712.0914062803748,14.401086984267518,711.2016716259013,41.0,40.0,-0.26348711338868336,2.9228882789611816,12.528818270208472,0.5720456755211798,1.0,10.812978744506836,5
712.8561125439022,8.850272842026264,716.4915760002863,21.0,40.0,-0.24599009067091668,3.039924589927708,12.044069710441287,1.5463361648809961,4.0,9.770240578399479,5
563.6683395756926,27.422725657277454,571.7175502715056,34.0,50.0,-0.19220507230319817,2.774479866027832,18.017085899969302,1.8550065812887369,4.0,8.465778350830078,5
488.7283893417666,13.588569922515823,494.76755666874345,31.0,30.0,-0.2762196538656661,3.243364816864595,11.420011340690587,1.3939431856451143,1.0,10.384489059448242,5
463.6192052980134,0.9056291390728575,461.7506311688809,34.0,80.0,-0.11098006519527587,3.024015188217163,25.651918866883925,0.7051282930376737,4.0,10.106717109680176,5
577.8419603167403,19.512232733747997,583.9776465319464,41.0,80.0,-0.1757202854546,2.5908036231994624,19.191799554517473,0.5751657387191836,1.0,10.40618133544922,5
463.6960673137985,0.7463712238047716,463.62425616700847,34.0,80.0,0.06536334899323477,2.9319722652435303,25.527542722382044,0.18709497031274475,4.0,10.219424040901737,5
484.25860862352727,10.81307635347713,475.9407731452194,41.0,40.0,-0.24702769297609137,3.374929428100586,13.107086560488764,0.977017408207255,4.0,11.016799564697505,5
779.530776558106,43.77596786201596,774.9902503247374,41.0,30.0,-0.2995171683703982,2.6477243232250585,12.440422466436324,3.1655317431310435,4.0,9.715983390808105,5
616.2640096680975,17.875753916786167,613.8918153263477,31.0,40.0,-0.23765212826041612,3.092242479324341,13.033061038967922,2.9287406470823996,4.0,8.5697660446167,5
461.62630085146645,0.32119205298013387,461.59596578693663,34.0,80.0,0.14015810145813987,2.8037068162645595,25.808550540083516,0.22182573526111496,10.0,10.30557320765312,5
454.3027889737043,2.626218144026545,446.07768794369593,34.0,80.0,-0.15354045698346025,2.7777299880981445,23.3438032143425,0.221906138524609,4.0,7.949851366068357,5
473.81644872409606,5.201060153122735,470.64713883231536,41.0,40.0,-0.25249471510222266,3.3416237732432577,12.577949120356816,0.69487280089204,1.0,10.75760555267334,5
688.3746614222208,13.707190771210353,688.8899931030924,31.0,20.0,-0.23635867648743486,2.9244532585144043,8.904101415157127,1.4799532566623559,4.0,9.581900596618652,5
591.6161532380355,22.553130285175,567.9641063147012,34.0,40.0,-0.26548662272463797,2.5491042137145996,14.987134280968421,4.467835702421053,4.0,9.484565734863281,5
543.5061494796596,9.301225419519547,548.3663253856362,31.0,80.0,-0.19611591534899142,3.0134470462799072,18.57518932492294,1.0633280899802204,4.0,9.296320915222163,5
595.1704228820262,18.436376072791813,591.5990455206133,31.0,40.0,-0.23001564799518012,3.092242479324341,14.341460420014686,2.853651050036718,4.0,8.5697660446167,5
439.0,0.4837806663988098,438.5663158702352,34.0,80.0,0.20915941764656015,3.583256959915161,26.183285934622067,0.1352278353498078,4.0,10.577866554260254,5
580.2913518487318,11.620750422683992,627.2081070546467,31.0,40.0,-0.21454717915891075,3.068569489267488,13.4403091307682,3.790175504438937,4.0,9.120280265808105,5
439.1373750988193,0.3311258278145601,438.5395466921215,34.0,80.0,0.2285584276067131,3.583256959915161,25.79218847852673,0.04640152381375654,10.0,10.577866554260254,5
591.144749290444,16.066318312440245,587.0580092676423,31.0,40.0,-0.2511588346597264,3.0461888313293457,13.711132423857416,1.2778310596435414,4.0,9.091113949453602,5
461.7815055533236,0.1759699582227015,460.3304789004239,34.0,80.0,0.17626739845179376,3.070944786071777,23.996010488095784,0.2358774274554886,1.0,10.106717109680176,5
569.7720545353222,22.928347109927646,562.1414384478425,31.0,40.0,-0.2496662048094039,2.554396792633893,13.602356688746177,3.888970608867967,4.0,8.465778350830078,5
698.8343917263909,23.2226820899617,665.0664083651624,31.0,40.0,-0.24785756014852445,2.545577049255371,13.91200551624032,3.9924413770758598,4.0,9.484565734863281,5
619.3647794870466,34.804755505837,614.484330725366,31.0,60.0,-0.15929038399867795,2.7085423469543457,19.45355243927539,2.4524325684908876,4.0,9.536122322082521,5
460.0,0.02196705589611291,459.3707077286017,24.0,80.0,0.21905363832037514,3.0307453093929997,27.0,0.0,10.0,8.447451871435238,5
460.19747670455286,0.33141404795102564,459.45094353955454,34.0,80.0,0.1893016196189844,2.8495667012322023,27.00894648791066,0.0223662197766513,10.0,8.471212387084961,5
626.7727122510076,33.871102804382936,623.0732048259018,41.0,80.0,-0.170356549192739,3.0577091764797206,19.612170659473314,0.31137492566322234,1.0,10.291495811070822,5
542.8173818379748,16.38345723076369,553.4412294844794,31.0,40.0,-0.22514742823047457,3.092242479324341,13.91979830871741,2.35429029234152,4.0,9.091113949453604,5
550.5508644263286,11.759882814069986,534.3116751778227,31.0,40.0,-0.22294837819851948,3.1015729904174805,11.960871253349122,1.7218085165973125,4.0,9.532247543334961,5
713.2854259276061,39.32052876315641,747.7282802315665,31.0,30.0,-0.2624225349280485,2.5493099689483643,11.229763755447532,5.773459102852669,4.0,8.206587438714013,5
572.5094607379381,10.991349197716156,570.0058628107547,31.0,40.0,-0.25103503742317834,3.0765145215767102,13.867498242528015,1.668745606320036,4.0,9.296320915222163,5
538.22326045541,17.33261013062365,550.4174767589107,31.0,40.0,-0.2849044332316758,3.1226749988581153,10.494268988072758,1.5521471141081973,4.0,9.532247543334961,5
461.4431318930548,0.2215659465273883,460.70685679373594,34.0,80.0,0.20069914987321863,3.0660529136657715,25.24061112076358,0.1015278019089568,4.0,10.131478358154894,5
465.0030520599787,21.689651228350236,481.6318409847403,31.0,40.0,-0.2575753651593343,3.3716931343078613,12.493973951042877,1.962919222029892,4.0,10.248946189880371,5
718.2286129002991,12.61863153659365,728.1169199181763,24.0,40.0,-0.23793608733255003,2.9975914173568325,12.259341315276696,1.4644877343496538,1.0,10.58407974243164,5
515.0449611850546,4.213001966626294,508.66612810213564,31.0,40.0,-0.33313369596453357,3.143246173858642,13.56802812122509,1.7025591899356272,4.0,9.428351402282713,5
676.126916447427,13.998627488698206,669.5544021469386,21.0,40.0,-0.22804257331261715,3.0167102617760233,12.672011111555427,1.6193364970234092,4.0,9.923289116114775,5
597.0248473970005,47.09083328689599,590.8133566909984,34.0,40.0,-0.2517223628385939,3.1838340759277344,12.805706069894645,1.2642651747366118,1.0,10.141982078552246,5
679.5622788714508,7.6631120600562275,676.478826847265,41.0,40.0,-0.24312464095422967,2.863907814025879,12.525753649603939,0.5643841240098447,1.0,10.812978744506836,5
429.57045009784736,0.9652317880794783,427.437438515352,24.0,80.0,-0.001079286832386818,3.2611241340637207,24.966389995196757,0.14777683737178074,4.0,8.822234153747559,5
724.549723953812,50.50582128064309,704.2686930625159,21.0,30.0,-0.26846480068323436,2.546440362930298,11.720849960958759,7.001096857140849,4.0,8.269965171813965,5
775.3108176410358,68.92522872815674,760.7934481802383,31.0,40.0,-0.23085918413447318,2.8408231735229488,13.658507339059657,2.6286558231872634,4.0,9.616023063659668,5
713.0147872629946,21.886822517626044,715.9984472987201,31.0,40.0,-0.2315685015067338,3.0011589527130127,13.78043585582979,1.4510896395744788,4.0,9.13681697845459,5
464.477559907207,1.7086195636050012,463.8891733095671,34.0,80.0,-0.24339017297062274,2.8241727352142334,20.754518088452027,0.3750654547974794,4.0,8.4712806979552,5
510.9484713780272,12.204164826209247,506.8745805694845,31.0,40.0,-0.2767600572069755,3.111275111602632,13.569522112437607,1.3186728307629179,4.0,9.532247543334961,5
778.517930042379,45.811182140370846,793.943148783896,31.0,40.0,-0.28906388791326443,2.4848716606367502,12.579328039125683,2.5239088019522073,4.0,8.170492172241211,5
690.5357888052251,12.652173009306068,687.3013751176954,21.0,40.0,-0.23281268536865998,2.9631040128943056,13.746557516378164,1.3663937909454071,4.0,9.518798187987443,5
467.5077565091175,1.089847909227316,467.07316531631506,34.0,80.0,-0.014474007324274701,2.9143325802549453,21.37502324968163,0.3968477912648044,4.0,10.160559654235838,5
632.2455353092878,8.374980077604338,637.5384127333753,21.0,40.0,-0.258309177172461,3.016059344995278,11.353158437918227,1.6163398034051941,4.0,9.428351402282715,5
592.2334145487999,13.297456683386365,593.6255360596639,31.0,40.0,-0.2510897247182656,3.078341007232666,11.292201187271107,1.7107358578497793,4.0,9.428351402282715,5
711.6453000868315,13.607558396764354,714.3474622274009,21.0,40.0,-0.2535851936405913,2.9244532585144043,10.171600946954808,1.4817913410912693,1.0,9.581900596618652,5
646.2876193932163,9.507991759660015,651.2571780004705,41.0,40.0,-0.2730063077015681,3.022688388824463,13.81926636211368,1.5481659052841983,4.0,9.748995780944824,5
480.7363370096275,21.902152641878658,474.02602202396486,31.0,40.0,-0.27813919526668646,3.441149950027466,13.550759667839493,1.2858144571145258,4.0,11.146705627441406,5
535.4337651145004,14.861570511538439,536.795692889087,34.0,40.0,-0.23079941528531717,3.0695345401763916,13.288543219220937,1.38933960609336,1.0,9.120280265808105,5
580.9427690154358,25.941664980336295,562.2830908663814,34.0,40.0,-0.24365870229047923,2.729739069149195,14.434515716276842,3.7864746174763577,4.0,8.465778350830078,5
632.6427599434949,31.00269066201773,645.5076813528428,41.0,40.0,-0.2435550577096085,2.94524884223938,11.85348531999354,1.5376155303852923,4.0,9.244165420532225,5
654.1241397856434,38.76262664467257,660.6254517161999,31.0,40.0,-0.26123856453556227,2.5493099689483643,12.41594420043059,4.5119043444688405,4.0,8.503599917118795,5
431.49852904964945,1.2270058708414808,430.4503531463718,34.0,80.0,0.014235933343183455,3.261124134063721,25.47300410339991,0.072428740634587,10.0,8.43904972076416,5
507.10146641437996,9.375552811951628,508.31594022896957,31.0,40.0,-0.24234040792724865,3.1015729904174805,13.785238022001241,1.803149454246272,4.0,9.681845890088473,5
649.5161610139844,17.315372077784545,641.627671472427,21.0,20.0,-0.25484845328197525,3.092242479324341,9.926053528931288,2.618842949996452,4.0,8.5697660446167,5
736.2805853993598,50.21326725884392,737.5934941739756,31.0,40.0,-0.257681355998002,2.5391201972961426,13.050648696533557,2.6523236827291696,4.0,8.269965171813965,5
670.4927294876945,30.616034225230358,676.5425157308085,41.0,20.0,-0.20738896678616273,2.94524884223938,8.580070911093246,1.6342501902148814,4.0,9.244165420532227,5
580.405243581602,16.604100081560183,584.8655504659342,41.0,40.0,-0.24339477043953306,3.183920383453369,10.826394288754138,1.054425477720488,4.0,9.532247543334961,5
570.0172107670973,9.373879317978366,570.4458880558043,31.0,40.0,-0.30039407915300986,3.0134470462799072,12.77524949118338,1.941622905003793,4.0,9.428351402282715,5
460.05342076955975,7.590535186429413,459.6923452869649,34.0,80.0,0.14240692596845483,2.5499203205108643,26.880159504608194,0.042618276560466115,10.0,8.98416805267334,5
457.575958061715,13.952928326175167,454.97556690311893,34.0,40.0,-0.26681850905379106,3.076139211654663,13.839550537317342,1.701686538858519,4.0,10.208093933711778,5
603.0528278534492,0.3823491799117387,601.638841958855,41.0,80.0,0.12354117996532517,2.8869432832197592,23.688973670857376,0.19785893835772606,10.0,9.352738380432129,5
746.1587686784776,55.136577474828556,737.6076387712483,41.0,40.0,-0.2723345784307867,2.4552364349365234,11.205422635689633,2.315853086159167,4.0,10.572968482971191,5
412.6232552714453,20.047878637106507,418.16815325446953,34.0,80.0,0.00011960434567773615,3.521003961563111,23.408786101358533,0.3318611204789667,10.0,10.248946189880371,5
461.5085211441013,0.5629139072847522,460.6245729722251,34.0,80.0,0.20176699154179673,2.9957609176635738,24.02867276971274,0.1917717364925466,1.0,10.106717109680174,5
459.7440481590437,23.872285978242644,461.6810334194834,31.0,40.0,-0.29295378364591257,3.3716795444488525,13.523008944905602,1.240545521632142,4.0,10.82144832611084,5
616.5735669574007,34.51666493957957,597.8303149448232,41.0,40.0,-0.22338759553400647,2.881258010864258,13.777919767449859,1.4447994186246558,4.0,9.244165420532227,5
558.8897305633667,12.51445901114648,570.3914386216661,41.0,40.0,-0.28454457705475983,3.045973539352417,11.789628471992334,1.5965480465324622,4.0,9.532247543334961,5
502.65608921605485,0.9492039790801166,508.31268907285175,34.0,80.0,-0.20693573783006425,3.140509843826294,22.730527801816926,0.8845484025601835,4.0,9.748995780944826,5
614.8048107204418,7.618485107592817,598.8930595782479,41.0,20.0,-0.27044028774775003,3.0134470462799072,8.466046004249545,2.176597495298794,4.0,9.428351402282715,5
590.333273933723,23.451194857622447,575.1826957200049,31.0,40.0,-0.26529678931932854,2.554396792633893,14.913835567565412,4.6464621450251595,4.0,8.465778350830078,5
441.9916408548359,1.958675074349678,440.03383485994755,34.0,80.0,0.07122325552893054,3.560107946395874,22.086494616345156,0.13634676493929726,10.0,10.577866554260254,5
584.0244942393178,21.96261696994287,578.314005388572,34.0,80.0,-0.08181913269189867,2.813334072639332,21.549987823086575,0.45224629078182443,1.0,9.49120807647705,5
529.9082178820902,11.78218231703771,534.9409946342716,31.0,40.0,-0.20512611536561512,3.0597362724483093,14.070275687238855,2.1756892180971414,4.0,9.120280265808105,5
804.1035756405444,49.88484482233162,768.9244318059724,21.0,30.0,-0.24481035259000294,2.546440362930298,15.998247131008961,6.957224079385502,4.0,8.269965171813965,5
717.257665789712,14.658677543476358,723.5875335266999,21.0,40.0,-0.23505970257983563,2.9244532585144043,10.025202442150889,1.299307475240461,1.0,9.581900596618652,5
486.29755964800916,11.632450331125852,490.02511973200694,31.0,40.0,-0.25796115282420473,3.1965136593335286,12.791376987397324,1.228442468493312,1.0,10.384489059448242,5
545.0483404828865,8.770480824481874,555.0137874521058,31.0,40.0,-0.3083507695498719,3.0134470462799072,12.107164036005504,1.3681096727046957,4.0,9.122691781553502,5
690.8078077007814,36.197086867790986,684.5127185778965,31.0,30.0,-0.1272252136511546,2.619994163513183,12.364701121098705,2.3446998226142957,4.0,9.53612232208252,5
680.1974054250201,17.708466503531245,666.2111829204795,41.0,40.0,-0.2193765590052028,2.9885430335998535,13.759746025255662,1.3993650631391574,4.0,9.412905869894473,5
429.2495107632094,0.0,428.6000042129018,34.0,80.0,0.31575867394098256,3.3179654601393938,25.240139504354932,0.10034876088733054,4.0,8.822234153747559,5
460.0,1.7249979651013823,456.0570660584933,24.0,80.0,0.12044536245364056,2.7777299880981445,26.88001491858666,0.01146405350712132,10.0,7.661770820617676,5
561.45575161027,15.038802575002856,550.7354093766626,34.0,40.0,-0.26176362015475213,2.3874354362487793,14.337123775525429,3.1484042341117315,4.0,9.264931678771973,5
460.0284340534726,1.0066225165562912,459.59499050844425,34.0,80.0,0.18097187716660668,2.8241727352142334,25.232044607872872,0.09955139215662229,4.0,8.4712806979552,5
430.23212827723853,0.21473893493935078,429.31273599766695,34.0,80.0,0.20788618649122761,3.3957600593566895,24.38721593236906,0.1482992884206608,10.0,8.822234153747559,5
602.9484389782402,0.016556291390713795,600.0091373234333,34.0,80.0,0.27745935331128163,2.9023485183715825,27.084661993621943,0.2545199028609662,10.0,9.352738380432127,5
719.2681665608277,15.770180869859812,725.1552411065305,34.0,40.0,-0.27387841864926915,2.9607417583465576,12.561597704945791,0.6539942623644722,1.0,9.581900596618652,5
719.6105707546562,17.768782298174177,728.5666016151417,34.0,40.0,-0.2648255330157152,2.906272172927856,12.58651237756292,0.7162809439073002,1.0,9.581900596618654,5
460.24338720338,5.518406374190496,459.5338331806324,34.0,80.0,0.13529379672263106,2.5432948111295093,27.013733831523798,0.03433457880949041,10.0,8.971189937479577,5
617.9458405152866,27.504217863028686,619.0062308327101,31.0,40.0,-0.25069829436741486,2.9875705242156982,13.83742342804543,1.8361681785945296,4.0,9.13681697845459,5
460.86581304026646,3.067633003063985,460.38860535299983,34.0,80.0,0.11972880870811319,3.031442403793335,27.065217059635856,0.1630426490896226,10.0,8.471212387084961,5
575.0503103899639,29.647668474422,576.4810426328173,31.0,40.0,-0.23002171996007176,2.9118152947808422,12.411207688858118,1.3405734917895045,4.0,8.71932315826416,5
598.9142896022596,26.890598864379516,606.2811926491722,41.0,40.0,-0.232937023185525,2.9875705242156982,13.304053879481845,1.5464224606569517,4.0,9.13681697845459,5
611.0942574616708,16.757941124335296,602.4812800712107,21.0,20.0,-0.241977037011525,3.183920383453369,10.459045200632819,1.2314895713518976,4.0,9.532247543334961,5
475.17665660113266,13.15644393529704,489.8325458082213,31.0,30.0,-0.2893576722071326,3.2233998775482178,11.29907699271817,1.6802976839053725,1.0,10.384489059448242,5
658.7720480553652,15.426214976815707,657.1226734753602,41.0,40.0,-0.223375265850602,2.964087963104248,13.245625103893781,0.5783743938502376,4.0,9.812401771545412,5
460.0,0.9968526999973202,459.5,34.0,80.0,0.1441544382583165,2.7028157711029053,26.998831197842605,0.0012478472522793097,10.0,7.8788652420043945,5
536.4410907064448,3.3039171134612575,529.5643137078284,31.0,40.0,-0.23756382451682112,2.939120292663574,13.34666457249438,1.6193959732973768,4.0,9.638222694396973,5
428.99999999999994,0.0,428.3999938964844,34.0,80.0,0.29327063140793513,3.3957600593566895,27.022888426505567,0.05722106626392701,10.0,8.783990697618101,5
460.56855795025973,73.94814702396187,449.8176818829654,41.0,40.0,-0.3100015166268959,4.016336917877197,13.76487045370802,2.451315077518583,4.0,10.382560729980469,5
663.825520664585,23.062333515805527,650.2022126730852,31.0,40.0,-0.246313902776709,2.546009185298389,15.251261858353596,5.128154645883988,4.0,9.484565734863281,5
415.9217480333329,14.465802643002409,417.40035661946126,34.0,80.0,-0.12042122723190732,3.3788319296566245,18.012357651774863,0.09756317208781307,1.0,10.320243835449219,5
432.0621298324283,1.7906066536203298,431.2147095301627,34.0,80.0,-0.1361781631302634,3.2611241340637207,21.609531744967043,0.07147648985269639,1.0,8.43904972076416,5
640.5237490442063,0.337350607720134,635.5065368548723,24.0,80.0,0.05072673185435198,2.970959186553955,25.910533940870433,0.13165360128523307,10.0,10.838663946625772,5
460.0,1.3522584120787224,457.3999938964844,34.0,80.0,0.16630264446727339,2.9357355580424604,27.032363311886645,0.08090827971660663,10.0,7.661770820617677,5
439.0,0.0,438.3915962844829,34.0,80.0,0.2499266333161178,3.615281343460083,25.22350306554067,0.05875766385168047,4.0,10.577866554260254,5
586.0858594367619,9.522784969184306,590.6004924891089,31.0,20.0,-0.24738616032252836,3.0352468490600586,8.632217802252688,2.287987384806456,4.0,9.120280265808105,5
456.458631951374,17.09622086420726,476.1495630893602,21.0,40.0,-0.3013897690319447,3.4049124717712402,13.435592025765526,1.5444595164686106,4.0,10.82144832611084,5
460.0,1.0153844308276592,457.350893031086,24.0,80.0,0.14252340701463426,2.805904475268938,27.02449454505124,0.061236362628102024,10.0,7.661770820617676,5
460.0,1.5398906183175505,459.66068947586973,34.0,80.0,0.15173901759516822,3.031442403793335,27.0,0.0,10.0,8.471212387084961,5
447.41543979471453,16.927465411515737,456.7159670048903,41.0,40.0,-0.2636437753864764,3.2806485704751815,12.28676821829982,1.0779772972171644,4.0,10.255026858380166,5
688.4182942159903,40.91573040585317,636.244542111839,31.0,40.0,-0.2833029910744576,2.443418025970459,15.278765477988438,5.196913694971099,4.0,8.170492172241211,5
578.4338201941387,13.256523327123434,576.2859477925874,31.0,40.0,-0.24511061628358985,3.078341007232666,12.46744363996848,1.258353271199268,4.0,9.335508046084882,5
637.3960161221341,23.67387874455703,614.7400768367681,31.0,60.0,-0.18514428510713477,2.9572966098785396,18.28857581947537,1.3228800432386913,4.0,10.707939147949217,5
620.727851505294,16.72190976214815,649.7990853060237,31.0,40.0,-0.2485615288528623,3.0461888313293457,11.825232632715663,1.30067570317172,4.0,9.248314415382238,5
807.3310091885794,47.49783984277529,766.5629923978654,31.0,40.0,-0.28166774033865144,2.5408532828684676,13.35341215471472,2.565753271404603,4.0,8.208840862878848,5
689.950749083086,11.511834836206129,690.665228141284,34.0,50.0,-0.16443304604161257,2.9462016659067167,14.529773499150497,0.5799660115844676,1.0,10.74009895324707,5
572.4052824613469,24.524276459623053,577.9909640746123,31.0,40.0,-0.24272306722656753,2.9992729634638655,13.319576584392285,1.355255531560367,4.0,8.646334566015552,5
658.8461528492375,23.10245185175332,667.8109794422218,41.0,40.0,-0.25249693290458775,3.0064127851139077,11.903713434279883,1.0087425092493345,4.0,9.13681697845459,5
583.4967017016368,4.552297025580052,574.7633100620803,31.0,40.0,-0.25778510709404856,3.089353084564209,13.327703230216738,1.7055153816938804,4.0,9.748995780944824,5
447.9538141029791,18.177519812711992,450.53264928678175,34.0,40.0,-0.30326367157857714,3.390710592269897,12.81119074824607,1.2260967109490473,1.0,10.82144832611084,5
639.462578245486,35.72013190063629,645.1953226383796,31.0,40.0,-0.23266659026018927,2.8812580108642574,12.795308792830777,1.8605131401747843,4.0,9.244165420532227,5
802.2524980236125,43.97138963167087,799.290637091306,41.0,30.0,-0.30062871310115946,2.647153238494335,10.566714478840538,2.4777593571173684,4.0,9.715983390808105,5
558.2963284560859,75.90774243115968,565.8635178934286,31.0,20.0,-0.27221092317882495,2.8944667808403413,12.311826909450334,8.72066770000707,4.0,8.207998275756836,5
705.1889555604522,40.801742332787725,713.4504918986993,31.0,40.0,-0.24222242841144512,2.546130017728995,14.110288835313078,2.5539066633919,4.0,8.170492172241211,5
749.3763980508284,49.086289121496925,741.7644038121829,31.0,40.0,-0.30809137890837673,2.5391201972961426,14.6516803004553,3.6776279034561514,4.0,8.269965171813965,5
723.5427741994013,16.31273673486999,729.628595891914,34.0,40.0,-0.26754883463072865,2.942976016082512,12.580686315995282,0.7017157899882045,1.0,9.581900596618652,5
640.0940501030311,18.314944892490324,636.6818681053632,31.0,40.0,-0.23640942879909405,3.0461888313293457,12.954844328310347,1.4125511338873649,4.0,8.64633456601555,5
703.3470211635419,81.22331809487221,703.3843836413146,21.0,40.0,-0.20071021457675495,2.8460870807534024,14.709705013757388,7.338116035514453,4.0,9.158002853393555,5
603.0077143893936,25.76632406848063,616.3489328490865,31.0,40.0,-0.22516859059928904,2.9875705242156982,10.920703972248191,1.3020094089838847,4.0,9.13681697845459,5
563.3742726247713,7.701328254742357,569.7311906019982,31.0,40.0,-0.2723217221896356,3.0134470462799072,13.949846953338145,1.874617383345365,4.0,9.428351402282715,5
732.8120455929806,41.41945395653309,738.6856073133386,31.0,40.0,-0.2275130271049252,2.536497205204226,13.911481780340196,2.425080210625524,4.0,8.170492172241211,5
460.0,1.7763904003599198,457.3999938964844,34.0,80.0,0.15509756361531646,3.007694721221924,27.0,0.0,10.0,7.661770820617676,5
668.6045605940827,11.445513178789708,668.804146027649,41.0,20.0,-0.2604789581176902,2.991815090179444,7.684506676959511,1.2112666923987783,4.0,9.950251209814821,5
616.3055429556377,34.04992692830503,617.3217627134184,31.0,40.0,-0.2123064419627115,2.9097572387449,13.854512943660325,1.8657190240463153,4.0,9.244165420532227,5
624.837832583818,12.664234066425463,636.6115784671465,41.0,20.0,-0.24384337649282473,3.0323257446289062,7.7179572302363155,1.2948930755907895,4.0,9.428351402282717,5
701.8541750366121,12.058843621671897,718.8413643781794,21.0,40.0,-0.25617000629496695,2.9975914173568325,11.509841776970514,1.6627474162080094,4.0,10.58407974243164,5
539.477206749522,4.908028845965862,562.9753132048137,31.0,40.0,-0.2907136529535372,3.0751476287841797,12.847244842531914,1.5767213778525784,4.0,9.748995780944824,5
327.6518448438968,58.183699498587835,324.48242210597454,31.0,80.0,-0.08472415774816762,3.930126190185547,20.873646398750324,1.3317035087009104,1.0,10.17231614249093,5
699.3546189137,17.446216403120136,691.7680672902045,31.0,40.0,-0.22741620849077251,3.0081810776801206,13.641771281924239,1.1337119427092759,4.0,9.432257741864648,5
439.2336543072254,56.9586626862573,429.54178092680286,31.0,40.0,-0.24326834841228023,3.930126190185547,10.431649028075855,5.387769425465789,4.0,10.40513801574707,5
566.9293360635552,32.47908289151858,574.3639945476152,31.0,40.0,-0.22088292996013234,2.9443271160125732,13.643316187281798,1.5001691374804813,4.0,9.244165420532227,5
649.1247456616685,14.584558573293476,624.1751327234829,31.0,40.0,-0.23792175904743487,3.068402222165938,13.838362096685596,1.5959052417139976,4.0,9.549136382026449,5
561.8429258304083,79.60258165418196,575.1414428533767,34.0,40.0,-0.23837100917981605,2.8952166860466755,12.640809751909977,7.462718253623198,4.0,8.207998275756836,5
458.5184484389785,35.4409785716545,464.3619303274745,41.0,40.0,-0.3192203329028461,3.5460352897644043,12.104269929922461,1.6404051937747854,4.0,10.929823875427246,5
460.0,0.6341156802011365,457.3999938964844,34.0,80.0,0.18476579211192412,3.007694721221924,27.0,0.0,10.0,7.661770820617676,5
538.0387890255441,8.73815628074233,541.5215342223028,31.0,80.0,-0.25850545737607183,3.0134470462799072,17.5616079054918,0.8808409557832139,4.0,9.296320915222163,5
715.9287852671688,16.00414547889192,714.2115733137932,34.0,40.0,-0.2693882767595353,2.9122241474934767,12.595037483047532,0.7375937076188305,1.0,9.58190059661865,5
542.866188877801,3.4947522336562984,550.6762967174881,31.0,40.0,-0.26471842937208595,3.1432461738586426,13.266655839782825,1.2990899305828543,1.0,9.748995780944824,5
593.8964340793926,32.560401553986026,595.9005633927536,31.0,40.0,-0.22797286573505998,2.9443271160125732,13.428170556773114,1.482829516568279,4.0,9.244165420532227,5
516.1839562732466,17.87690096627326,531.8260074183927,31.0,40.0,-0.2676449600795717,3.0954222679138184,12.18309808876598,1.4292139690800283,4.0,9.532247543334961,5
429.0,0.0,428.2691785467522,34.0,80.0,0.31331812211782173,3.2611241340637207,25.458338817244712,0.005118566290542007,4.0,8.822234153747557,5
490.1438356164389,32.61440058915775,494.54973081226717,31.0,40.0,-0.3016319350574574,3.5460352897644043,13.042348334607382,1.3131849265378226,4.0,10.929823875427246,5
412.72742706807844,21.151589133508917,411.438731764615,34.0,80.0,0.032590766269950465,3.479473797690786,23.646530936613726,0.22506102824192972,10.0,10.24894618988037,5
540.7526535425927,78.01532653677961,630.2510240927357,41.0,30.0,-0.23476139853904626,2.9097480773925786,13.516824768378763,8.292061920946905,4.0,8.207998275756836,5
711.5429491582537,38.44659724780843,706.3206742911667,41.0,40.0,-0.21312984461809578,2.5997672080993652,13.097794101768342,2.503780753442408,4.0,9.65505736401403,5
630.9541251409393,16.795531803569304,655.8418108644154,31.0,40.0,-0.24790348192813955,3.0461888313293457,12.34469482164982,1.3644132765686923,4.0,9.248314415382236,5
757.1589922370105,69.00226518321008,726.9180869079748,34.0,40.0,-0.264370590091884,2.826884733920065,13.644262536858292,2.59304381768385,4.0,9.616023063659668,5
607.9741870893326,32.93777184825059,611.0475037498718,31.0,80.0,-0.20149437853989327,2.94524884223938,18.62741043433143,1.7914576833975837,1.0,9.244165420532227,5
481.4941745182145,23.02643049909197,476.5595934202872,31.0,40.0,-0.3146683465596187,3.3716795444488525,13.60178289856099,1.250099474989503,4.0,10.82144832611084,5
586.0263086274149,35.25825395681493,587.1452820632628,31.0,40.0,-0.24083767426589192,2.876089334487915,12.500843678967355,1.364306421404488,4.0,9.085993779848689,5
623.3445587796939,28.134016476939145,617.382147918146,31.0,40.0,-0.24494683606983503,2.9756775933469113,13.477648519138302,1.3997886686678163,4.0,9.13681697845459,5
452.63072666243295,29.400708216375982,456.40105330289134,31.0,40.0,-0.25990843063411995,3.4062082159598153,13.412329283840398,1.8132715967394528,4.0,10.909288280057591,5
460.8493150684932,9.531649328746937,459.77731502851,34.0,80.0,0.11787270848873868,2.4784085881220146,26.92812685591664,0.04494972620184738,10.0,8.34824040817888,5
691.5022226254196,70.83302592353094,688.7102205819294,34.0,80.0,-0.08976225932879309,2.787047993646909,19.11145352420818,0.873645377244423,4.0,9.616023063659668,5
428.6172548308118,60.19949056083555,460.49081111099446,34.0,40.0,-0.29460700497567666,3.8706089607613503,14.462840325340945,3.157100813352364,4.0,10.40513801574707,5
670.9466083902489,21.76989373059285,667.1211716465323,41.0,20.0,-0.23089709234673209,3.0011589527130127,8.951519397911294,1.2672525065200062,4.0,9.13681697845459,5
460.0,1.2374096589027324,459.5,34.0,80.0,0.1547113996601099,2.7028157711029057,26.983530515054884,0.017583302191209276,10.0,7.8788652420043945,5
432.7219061442957,2.30993616015469,431.93957618249357,34.0,80.0,-0.19766974473490578,3.188223241126703,17.407613231085598,0.10230377145855407,1.0,8.43904972076416,5
627.4780135042316,30.936364737977797,640.8587473506215,41.0,40.0,-0.2327282144969356,2.944803311166931,12.40369659341745,2.0324202914907503,4.0,9.244165420532227,5
524.5673073184638,9.924014800934236,529.5831392495622,31.0,40.0,-0.22904818944169575,3.1015729904174805,13.2653934608498,2.1889239652359986,4.0,9.550190278236437,5
522.586786070683,12.24859779672356,514.1032345671267,31.0,40.0,-0.24451923317369903,3.1112751116026325,13.739116797896182,1.639113063674266,4.0,9.532247543334961,5
439.0,0.0,438.32437064892054,34.0,80.0,0.242756067435121,3.615281343460083,25.223809775649844,0.05952443912460563,4.0,10.577866554260254,5
521.2158085042963,14.56474382954525,519.3171070638892,41.0,40.0,-0.2551281925966394,3.356454333213911,12.559157499518685,0.6478937487967139,1.0,10.991257667541504,5
603.9610489755186,0.36842215862666067,602.8421945665707,41.0,80.0,0.08542465455222314,2.891853127694177,22.85399295551699,0.28115078992694836,10.0,9.352738380432129,5
617.295978538381,34.00922999099673,619.7456832223079,31.0,40.0,-0.25616766746863107,2.7085423469543457,13.40826621211735,3.1305656093488547,4.0,9.53612232208252,5
461.9765166340509,9.738220464420587,460.14536446726976,34.0,80.0,0.025827794777828338,2.419914318857361,26.832737613999562,0.10460650567710976,10.0,8.971189937479576,5
578.3334910122992,14.93818837236696,578.3055304434354,34.0,40.0,-0.24517062943615503,3.0783410072326656,13.755312225202847,1.4861992006608666,4.0,9.120280265808107,5
660.6158648799285,23.62675514294228,681.7536117020398,21.0,20.0,-0.24300633335024,2.6814186866969303,11.003739698383864,5.853705526982616,4.0,8.465778350830078,5
461.68112777180187,1.946610119594887,460.4843086057481,34.0,80.0,0.053455399999872776,2.8495667012322023,27.081038674819872,0.20259668704967182,10.0,8.471212387084961,5
620.8963984396256,10.910545800040323,642.5657375875207,31.0,20.0,-0.23372769347054645,3.0492117033888957,8.748533355656605,2.3649376710973353,4.0,9.120280265808105,5
460.06349062350154,3.285554094989651,460.1931662110426,34.0,80.0,0.015270212452767962,2.7028157711029053,17.958869423363314,0.016378856421940785,10.0,7.8788652420043945,5
580.5944000207361,23.13126701735609,568.2428976774752,34.0,40.0,-0.2541487774380079,2.5491042137145996,14.851243808471867,4.12810952117967,4.0,9.016043160992824,5
460.00000000000006,0.10897020515545482,459.12298087743983,34.0,80.0,0.22985072147670702,3.0173610969065687,27.0,0.0,10.0,7.991249970960526,5
615.1531343554392,32.382076621035715,611.8638035541915,31.0,80.0,-0.19299790575022607,2.94524884223938,20.90708693445481,1.7682357327371998,1.0,9.244165420532228,5
432.5455119814414,0.9281375488769252,431.0724602375941,34.0,80.0,0.16425003957528092,2.958420515060425,26.683329225685448,0.25768252041542755,10.0,8.822234153747559,5
620.3529438446884,17.766368643927677,615.6149815688557,41.0,20.0,-0.24564793662073536,3.0461888313293457,10.576181520553291,1.2653426701118784,4.0,8.965924916202063,5
539.3506758595656,8.261697465860884,533.6617228734577,31.0,40.0,-0.21393126345428068,3.0352468490600586,13.704986511887709,1.4930183072980046,4.0,9.120280265808105,5
628.1612829019841,9.063552094122894,575.7586760975086,31.0,40.0,-0.277091122474318,3.009943049481237,12.709847998782521,2.161935156168889,4.0,9.432257741864646,5
597.707177200918,12.770438761131446,595.8004878064856,21.0,40.0,-0.24464940327306417,3.0734466106691003,12.71603272636873,1.5781483262056248,4.0,9.120280265808105,5
602.2765224660124,8.305446139430334,605.7134893781739,31.0,40.0,-0.2574389892752202,3.018503427505493,10.563785005480845,1.9337979940612477,4.0,9.428351402282713,5
461.440313111546,0.4702670352689036,460.0987084930167,34.0,80.0,0.1781319547528367,3.0709447860717773,24.91087101793255,0.2101553444971395,1.0,10.106717109680176,5
494.5210015422301,13.081060146257085,467.8783800619478,31.0,40.0,-0.28780221050127414,3.223134756088257,13.43820144942207,1.516010745028277,4.0,10.320243835449219,5
501.72232734153204,10.502231167511137,500.65714829083015,31.0,40.0,-0.2356302849913166,3.1015729904174805,13.459793607745379,1.6137697336491952,4.0,9.645727566310342,5
531.0749828281122,11.285550952984778,533.4360283033302,31.0,40.0,-0.2061791133038367,3.0617019462958717,14.151883662294031,2.379709155735082,4.0,9.120280265808105,5
439.0,0.5325293866072334,438.3832260272043,34.0,80.0,0.19780859320896454,3.583256959915161,25.21609773594454,0.04113371402705497,4.0,10.577866554260254,5
843.4619043299076,43.015289437686334,866.2793686338845,41.0,40.0,-0.2613820413251398,2.6588399410247803,11.64313602927495,2.454278040554236,4.0,9.624130456181655,5
465.4508138826614,12.609473772575702,471.8258889237456,21.0,40.0,-0.2866007059977084,3.2233998775482173,12.682774044638728,1.35024018151574,4.0,10.384489059448242,5
412.96389367685714,18.12159437473585,412.5643866275209,34.0,80.0,0.04866061737682177,3.5064311564363413,23.465597021022994,0.2959552668815649,1.0,10.320243835449219,5
458.92620624408715,35.86789377667558,470.08539445126394,31.0,40.0,-0.23841490775306862,3.4153976440429688,12.253983290863609,1.2813412768862948,4.0,11.055930137634277,5
689.6831430385812,41.81040316482256,625.9411169438654,31.0,40.0,-0.3143891048050029,2.5164353083313427,15.270322721064971,5.2547569847492355,4.0,8.170492172241211,5
713.5692059460089,37.85100789200969,714.2193533969981,41.0,40.0,-0.21032122152704402,2.593713071730325,13.202138644822963,2.4118570253490326,4.0,9.53612232208252,5
719.4554567722031,14.955759304896523,728.1248419857777,21.0,40.0,-0.23120497112023627,2.9244532585144043,10.015660758141372,1.275453265216671,1.0,9.581900596618652,5
461.2057516102691,13.945431667796505,458.7420961493683,31.0,40.0,-0.25558514805727117,3.223134756088257,11.398250112064918,1.2898736698927205,4.0,10.320243835449219,5
674.2164791798966,7.708770049915327,671.6951835429529,41.0,40.0,-0.23957671343963838,2.863907814025879,12.56235462323157,0.6558865580789257,1.0,10.808031606358409,5
641.0402146161919,18.967724211249255,625.1221693564983,31.0,40.0,-0.24959236193091575,3.0461888313293457,12.801866548113843,1.617190832124495,4.0,9.13681697845459,5
631.6266928888942,9.899732765457035,640.6121239607969,41.0,40.0,-0.26548595179339074,3.024885828526605,13.718136360118732,1.4393903553324323,4.0,9.748995780944826,5
555.0755822241804,13.526235538843489,521.5804768385566,31.0,40.0,-0.24659717996366587,3.1568567752838135,13.208441310796443,1.8006292033010958,4.0,9.532247543334961,5
699.6574467671501,48.82549948588061,713.6512797175667,31.0,60.0,-0.29622308594792396,2.546440362930298,15.050325650711308,6.205959861022178,4.0,8.269965171813965,5
473.6480735086381,1.4217800121442625,468.711866883375,34.0,80.0,-0.0830433717509393,3.175431142184906,19.733739002329187,0.46616280111515107,4.0,10.106717109680176,5
601.1828449605375,4.738963763454291,597.8832110640556,31.0,40.0,-0.24315399826275924,3.089353084564209,13.549363009460084,1.8426649853212735,4.0,9.748995780944824,5
458.74754085613193,1.3086748430489066,452.8044458079479,24.0,80.0,-0.07592432270001367,3.2164664268493652,24.80288016757017,0.30725161058981093,1.0,10.106717109680176,5
471.53531576832864,8.021324839892197,473.6363961004026,42.0,40.0,-0.2444450233537532,3.3840145248256315,12.806066500396367,0.6399216325955986,1.0,10.991257667541506,5
439.12798564041543,43.34012338806586,438.5970020280106,31.0,40.0,-0.29772176442301923,3.5181987285614014,11.74181230889014,2.3649505438721796,4.0,10.215607643127441,5
473.37653736991535,35.46145526416459,477.9865848248936,41.0,40.0,-0.3358815253457599,3.5460352897644043,9.167139175283209,1.6893711170162242,4.0,10.929823875427246,5
458.01815360091234,2.573913646707727,456.38293755894773,24.0,80.0,-0.09988849075636978,2.777729988098145,25.93413502473455,0.2077974184997344,4.0,7.949851366068357,5
560.3322047407364,14.459581296785682,556.5298274460408,31.0,40.0,-0.28590851605760803,3.183920383453369,12.290425072600193,0.7340913488320505,4.0,9.532247543334961,5
602.074875908814,0.7704257680616855,599.9720442776572,34.0,80.0,0.1890014787672849,2.902348518371582,26.938716721634727,0.07712999306809794,10.0,9.352738380432129,5
640.2154683065278,0.6418786692759113,634.4973000161958,34.0,80.0,0.1469388413819428,2.9971282020309884,22.923860144866495,0.2575952436472335,1.0,10.688411397243437,5
608.174816293205,2.381250366651135,607.7812536240142,41.0,80.0,-0.1234009323480545,2.8138792514801025,17.821267754667662,0.29571905554254385,10.0,9.352738380432129,5
509.6170345122539,13.562589741493197,483.52907676408563,31.0,40.0,-0.272039724883542,3.223134756088257,12.525438618916073,1.2997553580881243,4.0,10.320243835449217,5
429.0263604670754,0.008786822358444829,428.4420501305173,34.0,80.0,0.2269513608799915,3.3939768020680403,27.014288660449193,0.11509465043610968,10.0,8.568027651239989,5
653.309894247094,24.699663901182802,645.6159004898321,31.0,40.0,-0.28501374000467733,2.9992729634638655,10.928592574693536,1.5289599556748579,4.0,9.13681697845459,5
463.51067572996726,1.0118072953511805,463.11014745184804,34.0,80.0,-0.07957952868808185,3.0660529136657715,25.364150289750036,0.41037572437509273,4.0,10.16055965423584,5
438.99999999999994,0.10735669574008297,438.42390809190334,34.0,80.0,0.24851287202199232,3.583256959915161,26.795296171639215,0.05563198700945305,10.0,10.577866554260256,5
462.32471066989825,12.411488023554199,462.00980447686186,31.0,30.0,-0.26035255442426775,3.22917460182175,12.09465889514251,1.3682179147527513,4.0,10.384489059448242,5
546.5206321846526,14.638333901483298,531.73211189383,31.0,40.0,-0.26696366712871467,3.1568567752838135,12.407735241729272,1.3269352064860875,4.0,9.532247543334961,5
460.0,0.7872001886787356,459.4276695164948,24.0,80.0,0.19233507105992328,2.8241727352142334,26.583617172653135,0.02178674003349889,10.0,8.471212387084961,5
604.4757843988556,24.838791157739294,595.7945766448245,34.0,40.0,-0.2271709219568499,2.7297390691491947,14.60378525841313,6.020122676106366,4.0,8.465778350830078,5
739.7188929640628,51.99690179860837,741.8162539905773,31.0,30.0,-0.21344642169556577,2.4402360680255915,12.58409156467184,5.453535925585604,4.0,8.269965171813965,5
577.578893482459,13.248325205038954,586.7938310613259,41.0,40.0,-0.2851374182984863,3.070182753714506,11.543686817532203,1.4419693409754624,4.0,9.532247543334961,5
603.1298194683839,28.485777984633486,614.0601583441203,31.0,40.0,-0.22690227717988568,2.967094340861239,13.713328406409108,1.2833210160227684,4.0,9.022778715875797,5
466.4843509026583,33.44898847979604,464.0889011645624,31.0,80.0,-0.2482178833124803,3.3484380497837702,18.02545802368548,0.9296816580140732,1.0,9.799393653869629,5
482.9905198221899,78.57752883445701,559.6872111668902,41.0,30.0,-0.23151640368386095,2.909748077392578,12.79060684424027,6.4765171106006765,4.0,8.207998275756836,5
703.1372584595845,13.038966477904017,704.3974478249202,21.0,40.0,-0.25482793379612634,2.924453258514404,12.876610904980792,1.4811554424910567,4.0,9.58190059661865,5
593.286051243504,27.40789511337629,594.1210492248139,41.0,40.0,-0.24743195477596747,2.9875705242156982,12.08253392097885,1.4722204182372471,4.0,9.13681697845459,5
506.9645513925425,7.410924463415524,495.1755397397812,31.0,40.0,-0.25458372786057476,3.0678614808234155,13.7199385144583,1.32519344986836,4.0,9.638222694396974,5
603.3685022226249,34.43708258888749,588.3652554878594,41.0,40.0,-0.23555239026190505,2.881258010864258,13.413351254760364,1.334747999914651,4.0,9.244165420532227,5
429.0,0.0,427.42384944273124,34.0,80.0,0.3392087996340699,3.2611241340637207,27.011928936884303,0.02982234221075733,10.0,8.822234153747559,5
745.6207572478322,69.45791124038129,729.7088264721124,31.0,40.0,-0.26047529849332796,2.840823173522949,13.793612826328966,2.307417584413423,4.0,9.616023063659668,5
462.901919363409,2.455201299546701,462.31664676107357,24.0,80.0,-0.007311016051396828,3.031442403793335,23.846622239613286,0.2041451844455955,4.0,8.471212387084961,5
727.9557159705034,72.84051813992076,719.1480013139065,31.0,40.0,-0.2654667149706491,2.793583869934082,14.450921911566736,3.1273047789168418,4.0,9.616023063659668,5
457.8028861730667,1.374516266898946,451.61990618200554,24.0,80.0,-0.1704983491796422,3.2164664268493652,22.328223430894578,0.35431591578814764,1.0,10.106717109680176,5
721.4406630292507,75.0142177853133,725.8768607591071,34.0,40.0,-0.24299256094935112,2.8099758001360504,13.303815212818712,2.3539412927614416,4.0,9.158002853393555,5
571.2196770389182,15.170071144036394,574.354301399342,41.0,20.0,-0.2583826026143101,3.183920383453369,11.278708068017934,1.0127231773929588,4.0,9.532247543334961,5
558.2040085017037,19.63020900073972,557.9048765535504,31.0,40.0,-0.2427590654949318,3.0519240526174087,13.733311192205843,1.3332779805146122,4.0,8.5697660446167,5
497.49191625302933,16.915246609972353,486.2911836981068,31.0,30.0,-0.2686404296744854,3.3421831130981445,10.515284751546613,1.9663410503388037,4.0,10.278574847227688,5
726.4868780860799,11.417784298312244,730.940522090175,24.0,50.0,-0.22187610700052673,3.001044988632202,14.800688458252864,1.2103109772827827,4.0,10.58407974243164,5
460.0,3.5539595480717483,459.5,34.0,80.0,0.13847623720361135,2.7028157711029053,27.0028338997634,0.007084749408499967,10.0,7.8788652420043945,5
711.5799691554013,18.211798115459313,695.7269510474891,41.0,40.0,-0.22333567177012137,2.938564960270713,13.819624298739036,1.5490607468475974,4.0,9.519993947982613,5
714.216592579153,9.36641447355819,716.6280474361274,21.0,40.0,-0.25080060139656635,2.98897860473701,11.550320799548956,1.208453046681282,1.0,10.24089455277951,5
429.0,0.0,428.3999938964844,34.0,80.0,0.3085331818797948,3.3957600593566895,27.034728444101447,0.08682111025361028,10.0,8.783990697618101,5
418.7110457355399,16.100154456717085,415.06085060600066,34.0,80.0,-0.12361454286323482,3.3876407146453857,17.355634834683098,0.46506134831616397,1.0,10.320243835449217,5
647.889766203134,28.206931562248666,638.0366580539105,31.0,40.0,-0.23771933791391925,2.964550495147705,13.006392885147111,1.9210103358833215,4.0,9.13681697845459,5
460.6920270603025,0.8545660270638391,459.4864863278782,34.0,80.0,0.12778746237237973,2.849566701232202,27.031351605460834,0.07837901365208896,10.0,8.471212387084961,5
460.0,1.6806895136804285,457.3999938964843,24.0,80.0,0.15335388156503182,2.805904475268938,27.09075426084614,0.22688565211534384,10.0,7.661770820617676,5
685.339183654956,20.099193647862897,695.4670621672446,41.0,40.0,-0.2087991274609403,2.9885430335998535,13.705584575519765,1.453500195425195,4.0,9.13681697845459,5
503.2816383924521,24.31735314195725,487.24867235621923,31.0,40.0,-0.32567724424472855,3.537394762039185,13.74262410032238,1.3697915140088612,4.0,10.910099029541017,5
609.2227938984723,34.13120458875638,609.6994015912717,31.0,40.0,-0.22620600203664776,2.7085423469543457,15.614350414077139,2.404410657605722,4.0,9.53612232208252,5
456.0327691450343,2.4795947662275686,451.8419441311836,24.0,80.0,-0.047433056747809385,2.7777299880981445,26.348404894947656,0.3602506479652061,10.0,7.661770820617676,5
567.0527403740227,6.442140971376924,552.715884679787,41.0,40.0,-0.2702904652536524,3.0751476287841797,11.324408013065613,1.2678343559618903,4.0,9.748995780944824,5
655.8332350539774,35.26065882368256,658.2550420974796,31.0,40.0,-0.23849033445494067,2.881258010864258,12.051200511512723,2.1475707504059347,4.0,9.244165420532227,5
540.4214920750119,11.982971069834363,535.619573248778,31.0,40.0,-0.23565108837483673,3.1015729904174805,11.518118402546241,1.631388721597336,4.0,9.532247543334961,5
428.99999999999994,0.0,428.3999938964843,34.0,80.0,0.3002988339305502,3.39576005935669,27.02883630026948,0.07209075067369373,10.0,8.783990697618101,5
461.9410842264874,0.45988258317025554,461.54357132672095,34.0,80.0,0.13889433125224102,3.0660529136657715,25.25570876621532,0.13927191553830714,4.0,10.131478358154894,5
439.0,0.3669923925299151,438.4871927083054,34.0,80.0,0.2329923704746826,3.583256959915161,26.248654679600428,0.06123053526554341,4.0,10.577866554260254,5
464.8649220461113,1.459450442571763,463.5734370891095,34.0,80.0,-0.13261056881365738,3.108770775479199,22.451777286570646,0.3699257788608643,1.0,10.106717109680176,5
686.2651663405089,76.85150721587598,724.7981428663312,42.0,30.0,-0.23351003609422813,2.9097480773925777,11.698652491786326,5.3691801855445975,4.0,8.207998275756836,5
504.7841007762986,8.674374666704697,494.46095124914507,41.0,40.0,-0.26321753768339295,3.055986166000366,12.619025622552272,1.207959204188382,4.0,10.849929809570312,5
837.6725677479557,42.31773558291681,805.3963085946837,31.0,40.0,-0.2773274895493627,2.6047778176945564,14.650810407229287,4.968085620722186,4.0,9.5340576171875,5
461.694288565467,0.28078951802075447,460.9463488565609,34.0,80.0,0.11147208281575426,3.06505955175411,21.60030704749859,0.10988362294524451,4.0,10.106717109680176,5
475.0606783219485,33.38753092197052,465.7364430789854,31.0,40.0,-0.25480858685250635,3.360337257385254,12.791076724443036,1.550704732142345,4.0,10.828483581542969,5
582.3895037648556,6.4043488652739935,587.5287248297,41.0,40.0,-0.2798440862654194,3.089353084564209,11.28399212133134,1.4734829147509023,4.0,9.748995780944824,5
686.3438816241364,17.99564153065401,674.3099772205287,21.0,40.0,-0.20756179554828086,2.9885430335998535,13.810151529039143,1.525378822597853,4.0,9.248314415382238,5
512.4206010808571,9.340940890209229,490.61914564633423,41.0,40.0,-0.2546109787000572,3.077821392097223,12.263613239265023,1.6243782854984248,4.0,10.849929809570312,5
537.2616801233773,12.875907697430824,509.16667583157687,31.0,40.0,-0.21972804927170803,3.1424866523963733,13.837019029327976,1.882563740813928,4.0,9.532247543334961,5
624.638454011742,19.106647718078655,606.4752256714015,31.0,40.0,-0.28311244638661537,3.0461888313293457,13.023871960779024,1.3347832572698066,4.0,9.136816978454588,5
618.9593058669539,32.48791700865071,619.3041233758788,31.0,80.0,-0.20392261670601064,2.94524884223938,18.494880211579417,1.6627004576687958,1.0,9.244165420532227,5
628.2844085742792,9.21020232823712,635.3763044218891,21.0,40.0,-0.24419822530312196,3.018503427505493,11.218733385959338,1.5530526041011294,4.0,9.428351402282715,5
464.75118259224223,2.3377483443708513,462.671240086377,34.0,80.0,-0.1831799094466002,2.794515371322632,24.665759872780384,0.16382620571293174,4.0,10.313152313232422,5
462.03710423659624,0.1619341377120586,460.2674518991143,34.0,80.0,0.2219430982294664,3.057144256617059,25.634312433060117,0.13213869854423443,4.0,10.106717109680176,5
536.3157262088358,8.721320580877983,534.591267235967,31.0,80.0,-0.23160507664722021,3.0134470462799072,20.689821603305063,0.7653145608737285,4.0,9.428351402282713,5
461.0892678944025,0.02975596480085229,459.8710760088223,34.0,80.0,0.2726040962059629,3.119919201165961,25.821317995996722,0.01645643165275131,4.0,10.106717109680176,5
636.8677829473436,8.306743893614712,641.6667565152346,31.0,40.0,-0.25795631739826586,3.022688388824463,12.168043105383965,1.2566637956525706,4.0,9.748995780944824,5
540.141476911911,16.93723772964466,543.5755218447716,31.0,40.0,-0.23905545146599305,3.0922424793243404,13.761714762713655,1.9590814273321269,4.0,8.780310390800835,5
510.9698811575801,78.53889244919691,617.2201342710313,41.0,30.0,-0.24177746299749198,2.909748077392578,13.06342144143955,7.680076782406856,4.0,8.207998275756836,5
461.6633078887002,0.6633078887002398,460.4296816206172,34.0,80.0,0.22315815181927554,3.014032181525073,25.235179212287786,0.2606542877664072,4.0,10.106717109680176,5
715.6722307901657,14.368713532531723,715.8470339272852,21.0,40.0,-0.2382983119471757,2.9244532585144043,9.99571304535409,1.2255839832484687,1.0,9.581900596618652,5
413.0689467477095,20.833085014420192,415.12493982309024,34.0,80.0,0.0412899718367104,3.479473797690787,23.29708497873761,0.3387389369109644,10.0,10.248946189880371,5
608.4923892899261,1.278205559428179,606.2430584408539,34.0,80.0,-0.1910454177801286,2.902348518371582,18.64544200599117,0.35622434339453307,1.0,9.352738380432129,5
474.5423594821226,26.13465658548857,496.86512093698457,41.0,30.0,-0.34079981370054063,3.5764777660369873,10.63101803519597,1.92835054670602,4.0,10.910099029541016,5
548.8413317608625,9.952381790379224,567.43158339658,31.0,20.0,-0.2658591822504846,3.1015729904174805,9.969103402883043,2.4022105620018266,4.0,9.550190278236435,5
462.54943559570245,0.23133448244580135,460.3507279044935,34.0,80.0,0.2681952615139942,2.995760917663574,24.862607143735424,0.20058481025935765,1.0,10.106717109680176,5
633.9918708933269,24.07293808310755,605.197787096059,31.0,60.0,-0.20213042234928175,2.9837470959777246,17.076141359914693,1.3914596905297199,4.0,10.50661254069109,5
666.1130817381826,75.0370721072332,644.9915326857388,32.0,30.0,-0.27611676415178893,2.9488484859466553,11.897906418853758,7.233811678994998,4.0,9.053258922002083,5
479.94061766954763,5.987975911646072,489.5722335115587,21.0,40.0,-0.23926761262100837,3.3774545192718506,13.538140952638965,1.1894162545384146,4.0,10.991257667541506,5
466.03044284029534,0.9217221135029376,460.15477995852046,34.0,80.0,0.09897138554782942,3.193672293704317,25.430209502231442,0.5008746452767734,4.0,10.106717109680176,5
456.76037441194387,29.371336189431112,459.0514904282314,31.0,80.0,-0.06372526475695618,3.1495985984802246,17.696267756032057,0.9763292441507815,4.0,9.264348030090332,5
565.2822572283919,5.494447772169166,550.615685307901,31.0,40.0,-0.2675604262086037,3.07462172218965,12.568241743777055,1.7541172415980935,1.0,9.428351402282715,5
586.0487163204209,16.41623813635755,588.2331190431217,21.0,20.0,-0.24054827237000698,3.183920383453369,10.48547469659357,1.2658763191204148,4.0,9.532247543334961,5
535.0560807921098,15.287719176950793,519.2174815688869,31.0,40.0,-0.17685410353375175,3.1568567752838135,13.714024350575713,1.3087289211768154,4.0,9.53224754333496,5
463.1850805458716,1.0103648350303995,463.7357477582701,34.0,80.0,-0.02177619923997747,3.0660529136657715,24.945633535916226,0.23654531644326654,4.0,10.16055965423584,5
550.262882155492,7.23908744319698,531.3940369167289,31.0,40.0,-0.20541333379485005,2.9828865228109795,13.453755293086662,1.189182753264646,4.0,9.120280265808105,5
463.2074493591321,2.135761589403984,465.5064662194199,24.0,80.0,-0.31950057581412816,2.8241727352142334,22.67467664857801,0.2964426614787808,4.0,8.481527328491211,5
517.9684166871864,12.790619102149208,520.2770844773452,34.0,40.0,-0.22286151846262703,3.0568756576620197,13.476741298429301,1.2941490950124477,4.0,9.120280265808105,5
735.1080370912779,40.88480828865317,705.0389532776753,31.0,40.0,-0.2859583848315154,2.6457138066189168,13.14884640683934,5.952908127102205,4.0,9.534057617187498,5
688.2311076839335,13.07091966569232,686.3698603060698,41.0,40.0,-0.23234511221661214,2.963104012894305,13.580896300032553,0.9522407500813836,4.0,9.518798187987443,5
597.7538393748127,74.42339689832966,587.2678934613098,21.0,80.0,-0.19715922625732588,3.287148952484131,17.789474293743545,1.8299829570497574,1.0,10.319398880004883,5
555.2954439418875,14.081836339951685,539.5276748867441,31.0,40.0,-0.28081842599283136,3.1568567752838135,11.752991369046182,1.4599301145323567,4.0,9.532247543334961,5
644.1914535840656,31.826795683932684,648.9611581264567,41.0,40.0,-0.2011745682542415,2.94524884223938,15.61941980464874,2.2768910637020703,4.0,9.244165420532227,5
623.2471002190223,26.94298898984773,628.9262603624502,31.0,40.0,-0.24289353442688388,2.9875705242156982,12.817527526485405,2.191668766318062,4.0,9.13681697845459,5
493.557250424437,23.826948118205365,475.7133030562587,34.0,40.0,-0.3154639506121887,3.5373947620391846,13.951191908528596,1.8849781254122868,4.0,10.910099029541017,5
675.5272417412941,8.266890628415679,671.489287728317,41.0,40.0,-0.23213851634708085,2.863907814025879,12.560296168756098,0.6507404218902455,1.0,10.808031606358409,5
429.41337592825386,0.0998043052837545,429.01573841606506,34.0,80.0,0.2705419423209925,3.2611241340637203,25.189344841131415,0.10200059895999394,4.0,8.783990697618101,5
689.5925985925528,14.924223864441077,675.5178567042415,31.0,20.0,-0.2553049593981786,3.0323257446289062,7.903235286250219,1.758088215625548,4.0,9.428351402282715,5
584.8075582224176,16.809425936285493,588.3214414198109,41.0,40.0,-0.24535788549192974,3.183920383453369,9.81748599316666,0.9255918378042773,4.0,9.532247543334961,5
829.6542683479987,50.91080772012255,783.3096265027167,31.0,30.0,-0.24088087604416406,2.5449860253870877,11.768531003305895,5.064392009761667,4.0,8.269965171813965,5
640.0369357577015,0.04892367906066397,638.8250362062879,34.0,80.0,0.2157025790252977,3.0602591037750244,23.416499899113518,0.04621663520075198,10.0,10.859532356262207,5
411.10354972071383,23.184751850996932,407.46067874021674,34.0,80.0,0.1129492116525894,3.3716931343078613,25.004088553197278,0.2120104992565631,4.0,10.248946189880371,5
460.0,3.1387356014159282,459.5,34.0,80.0,0.15011008348785185,2.7028157711029053,27.007714504911476,0.019286262278694132,10.0,7.8788652420043945,5
462.0935770661344,1.8443708609271567,461.1061893820622,34.0,80.0,-0.030937256576237922,2.7482778233429768,21.49626816144928,0.20748978128816842,10.0,8.471212387084961,5
478.22346457407184,7.309970463399967,473.7587158409375,31.0,40.0,-0.24139149096915902,3.3621842861175537,12.812954856309473,1.2823871407736782,1.0,10.992993524629775,5
615.611105351149,35.3741448065025,601.4407360211228,31.0,40.0,-0.23725731629490684,3.0154647827148438,12.368118727790074,2.412528160437629,1.0,10.975180625915527,5
469.12991666774656,1.078632615903154,461.27080672407186,34.0,80.0,-0.09310043433566624,3.1526913666211933,21.735002692818178,0.5362599882242444,4.0,10.106717109680176,5
562.0145410246117,14.836270775143365,533.0893322446838,31.0,40.0,-0.2515662165317121,2.3874354362487793,14.406576521833163,3.2011978525799396,4.0,9.264931678771973,5
695.0675341169757,21.697917088596206,695.877888236971,31.0,40.0,-0.2237845548499071,3.0011589527130127,13.839239885132178,1.5980997128304466,4.0,9.13681697845459,5
488.2310623242303,22.562783560090306,482.6051912595834,31.0,40.0,-0.3120271289434031,3.3716795444488525,12.240914906320329,1.3377948408711644,4.0,10.82144832611084,5
720.7095553453171,75.8343300567078,742.5327643107743,34.0,40.0,-0.27837158665834444,2.778628419756656,12.778379554647874,3.017489237314966,1.0,9.158002853393555,5
457.0033825378106,1.7263109348692147,455.12030124880596,24.0,80.0,0.014445965405693567,2.7777299880981445,26.332288373622582,0.31995934465252074,10.0,7.661770820617676,5
461.1196653749951,0.0,459.78626069120213,34.0,80.0,0.2684187154058081,3.0660529136657715,26.14407517674006,0.028234299466020553,10.0,10.106717109680176,5
578.6831624784547,15.792407652252413,587.4480300899174,31.0,40.0,-0.22232125101743333,2.3874354362487793,13.975491973376808,2.7210147016539246,4.0,9.264931678771973,5
703.9712289887386,35.92098653170433,703.3270152131499,31.0,40.0,-0.24941979190206412,2.6612586975097656,12.867487882220331,2.5372608079211694,4.0,10.266363143920898,5
438.99999999999994,0.08276849703865914,438.3129508882092,34.0,80.0,0.2453421741547116,3.5832569599151607,25.534478324512662,0.06866590627790999,4.0,10.577866554260252,5
432.5924333536372,1.1167255439955577,431.4517650456181,34.0,80.0,-0.07144063595052041,2.958420515060425,23.87162021848342,0.26406677850213267,4.0,8.822234153747559,5
586.5850948017782,5.862522939330915,561.8459678757974,31.0,40.0,-0.26212725135085696,3.0104162693023686,11.683271041508744,1.7916248763577494,1.0,9.428351402282717,5
447.14042391881924,1.650235827476227,442.9402221533551,34.0,80.0,-0.1009930914370088,3.5881513783473826,16.007901937733312,0.27815529922693566,4.0,10.577866554260254,5
781.0064313578098,68.89506137319906,753.3159245661724,31.0,40.0,-0.2367672450413003,2.8408231735229488,13.80643284234718,2.998469581406069,4.0,9.616023063659668,5
642.2018571558165,9.678394682556515,649.5881722480495,21.0,40.0,-0.25476233110711904,3.0185034275054936,12.92522603384111,1.481709218297053,4.0,9.428351402282715,5
461.2574908308602,2.5423069275916728,461.06504097567745,34.0,80.0,0.12004931902279202,3.017875909805298,24.344123894023856,0.11802979441614253,10.0,8.471212387084961,5
603.4543648993659,16.62161235979929,592.8545066687257,21.0,40.0,-0.24236805595748104,3.0461888313293453,13.80242983560858,1.506074589021453,4.0,8.843504672006542,5
647.3070851855202,71.15353700909094,653.8567128132447,21.0,60.0,-0.20869487118012267,3.237368823964072,18.54409428957124,1.559844334495954,4.0,10.271538740751762,5
695.663813325385,23.666501901635602,722.6852625759626,31.0,40.0,-0.2330353695839048,2.9957095158310088,13.913999520770918,1.842239506428274,4.0,9.154289288530144,5
534.118333743729,4.8499963371383945,562.0634481697729,31.0,40.0,-0.27995742534582674,3.0751476287841797,12.826326822826992,1.524426328590274,4.0,9.748995780944824,5
766.5941959020746,68.84626151000856,734.122511674966,34.0,40.0,-0.25048006020476793,2.8408231735229488,13.280573782357445,2.7508522317129684,1.0,9.616023063659668,5
744.5944065006934,25.101894779368152,751.9983879749152,11.0,20.0,-0.2615017801428775,2.774479866027832,10.329630972266717,5.160231705494705,4.0,8.465778350830078,5
460.4231379842148,1.5937349305822055,459.7636496131978,34.0,80.0,0.12326569721650397,2.9665848419366263,27.0311304703228,0.077826175807009,10.0,8.471212387084961,5
603.1134381358457,1.1287292230049686,601.7203134898703,34.0,80.0,0.06592567935085572,2.9016427993774414,22.919427798641202,0.11024087203798735,10.0,9.352738380432129,5
598.9595164655716,9.12927707601593,589.540209304161,31.0,40.0,-0.22150649757161234,3.0352468490600586,12.363917279308767,1.3031201380470334,4.0,9.120280265808105,5
460.0,1.6576004388118242,457.3999938964844,34.0,80.0,0.17189444738591442,2.93573555804246,27.034530862363546,0.08632715590887238,10.0,7.661770820617676,5
639.9199304052563,27.42247669055107,605.2643148037344,31.0,60.0,-0.22057423639745483,2.741944475284474,19.36743697136358,3.456752898076291,4.0,8.465778350830078,5
456.2322546364096,10.542429628454515,452.9828371819778,34.0,80.0,-0.13707614560942175,2.98294997215271,17.728381962041816,0.24958789327243358,1.0,8.929386138916016,5
430.2086805510555,0.22700587084148083,430.1875523229673,34.0,80.0,0.16673622042699301,3.3957600593566895,24.185829569277118,0.17913827565048468,10.0,8.43904972076416,5
641.8164098443515,1.1381485001141798,641.772740993163,34.0,80.0,-0.012144343160809881,2.970959186553955,21.34479468506286,0.2679916892651014,4.0,10.859532356262207,5
422.51005041406086,49.494452531571575,340.1854936033118,31.0,40.0,-0.2875873010395891,3.750823736190796,13.298362348330565,5.581611408598051,4.0,11.081669807434082,5
603.6586423193064,1.324104913071996,602.6299695665698,34.0,80.0,0.0438617726471658,2.8923148903594784,22.266746179317266,0.1443686558727947,10.0,9.352738380432129,5
717.9685041666127,15.12256667723017,714.3327731159462,41.0,40.0,-0.2728645246496648,2.9604161756145975,12.579099791731833,0.6977494793295824,1.0,9.631764322344337,5
695.1348219955678,17.19936939824624,686.1170145317255,21.0,40.0,-0.22507900171850626,3.0109418046395513,13.697939858225885,1.244849645564714,4.0,9.428351402282715,5
675.7121635282073,11.850873863551028,668.9393095026197,31.0,40.0,-0.21799375916989416,3.016110761758166,12.064769554136252,1.4582815012348669,4.0,9.432257741864646,5
472.4112829019842,0.555442110604637,466.9895997106441,31.0,80.0,0.053524927573872255,2.9957609176635738,20.50471769356315,0.25376556657591437,4.0,10.131478358154894,5
460.0,3.5682299377724167,459.5,34.0,80.0,0.14517889208586654,2.7028157711029053,27.001525709885,0.0038142747124993194,10.0,7.8788652420043945,5
723.3697074947188,15.053433667020432,717.543575496928,41.0,40.0,-0.2711209759284765,2.960416175614598,12.5554139376575,0.6385348441437462,1.0,9.985409650332828,5
569.0480812845866,12.693138954314783,565.4722271683663,31.0,40.0,-0.2512879888648339,3.078341007232666,13.557614026542868,1.345341425787477,4.0,9.335508046084882,5
411.9711836290354,18.208602647715054,411.55815217366455,34.0,80.0,0.020253501368354257,3.5210039615631104,25.250888865429683,0.20876756863634233,4.0,10.320243835449219,5
458.96559142572016,2.37860577766093,460.6930943999511,24.0,80.0,-0.3026181414600379,2.822809445181471,23.685441240115857,0.2954174235879889,4.0,8.472268811877226,5
673.1820349658506,30.05994704817229,682.9475875251151,41.0,20.0,-0.21806929950067672,2.94524884223938,9.664797242297968,1.626087661284554,4.0,9.244165420532227,5
705.5363331216543,13.41538577897301,721.227284650604,21.0,40.0,-0.252349682872118,2.9918150901794434,10.466340557040507,1.604048798026515,1.0,9.581900596618652,5
587.3330633351037,15.170114991059098,591.3839472764515,31.0,40.0,-0.2351071109540188,3.0695345401763916,13.728616470716842,1.6837060009909137,4.0,9.120280265808105,5
556.8105714026515,11.820151544716277,597.4057381676,31.0,40.0,-0.21194200996847903,3.068569489267488,14.386256931767106,3.230024595070153,4.0,9.120280265808107,5
570.7492353650161,22.923327758772043,563.7835201898658,34.0,40.0,-0.25486010368845097,2.5491042137145996,14.348844408683368,2.872111021708424,4.0,9.016043160992824,5
679.6932647321835,8.786053896435554,674.9926665628145,41.0,40.0,-0.24496151517541576,2.863907814025879,12.534522525019062,0.586306312547651,1.0,10.812978744506838,5
638.6547737846832,16.647401615237065,626.2284139429809,21.0,40.0,-0.25375993312366135,3.0461888313293457,13.907120463536991,1.7678011588424827,4.0,8.780310390800835,5
460.0,1.8767198134680836,459.70001220703125,34.0,80.0,0.13294908612376743,3.0314424037933354,27.000508803289577,0.001272008223945235,10.0,8.471212387084961,5
481.0699543810987,22.614302401523883,490.9249884267658,31.0,40.0,-0.31299222134472493,3.444883108139038,13.674147625264789,1.1853690631619709,4.0,10.82144832611084,5
460.0,2.2728020803272493,457.40820454842327,34.0,80.0,0.13308557126141896,2.9607641542961005,26.862925571208255,0.0,10.0,7.661770820617676,5
558.5360868832701,19.071190816961277,557.647734585583,31.0,40.0,-0.2371469922018559,3.092242479324341,13.80098574862423,1.5024643715605757,4.0,8.569766044616701,5
519.2282273428284,1.8109638434810482,517.7666241697758,31.0,40.0,-0.2762547638836728,3.116023285281634,13.618996035770051,1.2855799275557964,4.0,9.638222694396973,5
664.577801609621,12.089257548096054,662.6057383030213,21.0,40.0,-0.2517613914073478,2.9698444265403507,11.233728014252012,1.55910976100918,4.0,9.581900596618652,5
625.2519407472691,9.180015915371374,612.2146122708805,41.0,20.0,-0.29121160086287445,3.0130539682527253,7.395155887101907,1.1881042043477317,4.0,9.428351402282715,5
716.3566698202461,75.18538602550623,718.4881663644355,31.0,40.0,-0.2647279343230423,2.7983828526466716,13.486596573231694,2.4525206447276604,4.0,9.158002853393555,5
661.4853552960692,19.44387020638961,657.1896545316815,21.0,40.0,-0.24107636486413642,3.031144587409418,12.95502747663162,1.4130090046905408,4.0,8.64633456601555,5
559.659487953759,7.554115149588826,571.8821107418422,31.0,40.0,-0.3157653792184532,3.010416269302368,12.623916247931554,1.461850112318504,1.0,9.727230185704519,5
509.9709373906508,12.04967230648704,504.6268035858614,31.0,40.0,-0.18955497323827095,3.070219729909834,13.79975441009325,1.499386025233128,4.0,9.120280265808105,5
545.13138113814,54.14746177372275,526.158812876581,41.0,40.0,-0.2414967822289081,3.1895025401665973,12.87487239142237,1.437180978555923,1.0,9.249673677283957,5
739.586138074934,41.25536668582947,686.0133817007305,31.0,40.0,-0.3071653174904583,2.5293237413002174,15.266712302629923,5.166780756574816,4.0,8.170492172241211,5
439.8459454905977,21.964792642080685,451.5144607247912,31.0,40.0,-0.21400043938268726,3.3716931343078613,14.016977014714092,2.0424425367852304,4.0,10.248946189880371,5
672.0802348336591,12.368750327929842,680.6417020287349,21.0,40.0,-0.2561557950311168,2.9918150901794434,10.504933539220577,1.7068589319669654,4.0,9.581900596618652,5
610.5444784282219,80.64403185560657,706.7042555574006,32.0,20.0,-0.2493480144041584,2.8397157192230225,10.593207390096786,7.48822674107573,6.0,8.228445394149684,5
544.2348530993638,4.221428517218051,540.8116651385163,31.0,40.0,-0.22652177590916356,2.939120292663574,13.803318831143859,1.6070176102529523,4.0,9.31064983393183,5
429.9080234833659,0.22700587084148083,430.1303922971802,34.0,80.0,0.1655115228962704,3.3957600593566895,26.452014786465778,0.1623265943444392,10.0,8.43904972076416,5
604.4004257332073,2.3321649861068616,602.2744967660029,34.0,80.0,-0.023114513619926065,2.9016427993774414,21.365061506021,0.14881743581978668,1.0,9.352738380432129,5
645.3330762950194,28.765710678953646,632.8940024951189,31.0,40.0,-0.2419543489359011,2.9554109707573395,13.417770949469999,1.4630099477732947,4.0,9.187647532153601,5
430.00987545521696,0.22700587084148083,430.0826841334026,34.0,80.0,0.13005487180131106,3.3957600593566895,25.23839171834228,0.18382807956770617,10.0,8.43904972076416,5
485.54550226150457,23.672530547629187,487.0451838588421,31.0,40.0,-0.3067530735617841,3.3716795444488525,13.703050061514675,1.257625153786689,4.0,10.82144832611084,5
695.6198208939743,34.92908554422415,674.971090460662,31.0,20.0,-0.2337515152186205,2.881258010864258,10.785793810364918,2.44979446227929,4.0,9.244165420532227,5
666.9244307357346,31.271801099466273,674.1235644718879,41.0,40.0,-0.20734529636945176,2.9452488422393803,12.139818895285842,2.3349997336465593,4.0,9.244165420532227,5
634.1699854848952,8.595094094622587,598.1963106568875,31.0,20.0,-0.2385563231197697,3.009943049481237,8.636041135057678,2.571890917114528,4.0,9.747298034859867,5
581.0063017586599,17.95438898169143,577.3727555818471,21.0,40.0,-0.23447327666760323,3.0922424793243404,13.44078000464123,1.806541709481575,4.0,8.5697660446167,5
445.4293619833847,11.279660733053078,446.20063275461854,34.0,30.0,-0.2716988311074041,3.187965154647827,10.724000907768277,1.3100022694206883,4.0,10.320243835449219,5
498.44735682533957,14.251466103932067,476.0506832944316,31.0,40.0,-0.26285962356059855,3.214005996059899,13.116041388385797,1.522001709712217,4.0,10.320243835449219,5
628.2741864413375,37.9449921644962,602.560512778693,31.0,60.0,-0.23245125126709518,2.5346467666800807,18.122378613469927,3.097716339664752,4.0,8.69748306274414,5
667.6256787755468,29.750362445536858,678.325194206667,21.0,20.0,-0.2460580801555095,2.9443271160125732,11.109872184037943,3.3898487445906764,4.0,9.244165420532227,5
428.99999999999994,0.0,427.5060185464705,34.0,80.0,0.310246971728166,3.261124134063721,27.011702525373657,0.02925631343414408,10.0,8.822234153747559,5
702.1584220007516,94.94901918978833,693.8225203343153,21.0,40.0,-0.25965873984770454,2.7968342304229736,15.448243900436823,5.143749679294064,4.0,8.981090545654297,5
460.0,0.7402466456396241,459.5,34.0,80.0,0.18542691663766336,2.7028157711029053,26.92256920908383,0.0694444972886908,10.0,8.302530749744141,5
579.4191657702711,7.810880627750553,600.326681527373,21.0,40.0,-0.2729837216445644,3.0134470462799072,14.02523472890103,2.0630868222525747,4.0,9.428351402282715,5
455.671453195267,11.002075918826087,451.3037381345152,34.0,80.0,-0.07830190999599354,2.9829499721527095,21.339249523752308,0.2724994654760805,1.0,8.929386138916016,5
636.5139967081813,52.12864377588182,624.0770978725533,34.0,40.0,-0.2675361847795734,2.409202152035707,13.889120256589806,5.265046724340169,1.0,8.269965171813965,5
500.16957076761616,9.771500771413702,488.4642718009073,41.0,40.0,-0.260059662539065,3.364997148513794,12.86803827584453,1.2599135704059545,1.0,10.991257667541504,5
467.87455450292197,5.497057453902583,485.82193018832334,21.0,40.0,-0.22948438810166527,3.3774545192718506,13.592953566299391,1.3272423934768383,4.0,10.991257667541504,5
665.8070916654787,47.7720103253008,748.8764986871315,31.0,20.0,-0.3328265962445781,2.546440362930298,9.650358964725722,5.36596363697989,4.0,8.208840862878848,5
632.8555520275788,5.960817949109183,645.3949377376065,41.0,40.0,-0.238361722901146,3.042224235092567,10.521265946195475,1.4757358534230496,4.0,9.748995780944824,5
429.1129067793315,0.40066225165563196,427.4058170305503,34.0,80.0,0.2328367911931841,3.043722513370549,26.342475596813443,0.15916912448394585,10.0,8.822234153747559,5
442.9192532496987,30.833623977241015,441.97509858746713,34.0,80.0,-0.29412592693185546,3.5255582332611084,18.294848039786057,1.0341516309380308,1.0,11.258005142211914,5
504.31557392983416,7.831194873894649,497.78457963186804,34.0,40.0,-0.2409182215683675,3.078294093633483,13.680144708002175,1.2003617700054419,4.0,9.638222694396973,5
698.9563607262731,12.643817010192642,702.3987726493416,21.0,40.0,-0.25975703036658376,2.924453258514404,11.564385381704579,1.8411451522696307,4.0,9.581900596618652,5
687.0436813934502,40.251286013449274,658.2192533650286,31.0,40.0,-0.2919447109257891,2.4695403761421617,14.384257228145096,4.828912014518521,4.0,8.170492172241211,5
439.5436684335351,0.2125426057205038,439.3495141092626,34.0,80.0,0.206013122970232,3.615281343460083,22.91886504740546,0.13981629070552068,4.0,10.577866554260254,5
462.3681134251758,0.07947019867546601,461.3561811581243,41.0,80.0,0.19734371937392964,2.9319722652435303,25.817268608158063,0.10961700451164894,10.0,10.313152313232422,5
684.8489521908747,24.01329183470898,744.5919163567314,31.0,30.0,-0.2545235357508789,2.774479866027832,11.451430840315066,6.55777060527835,4.0,8.465778350830078,5
462.6575115667241,0.4001859747799874,462.46224693076556,34.0,80.0,0.10931453252796101,2.9319722652435303,26.318352400966027,0.1171005952144627,10.0,10.219424040901739,5
460.0,1.295686344254012,457.3999938964844,34.0,80.0,0.17764328181333455,3.007694721221924,27.0,0.0,10.0,7.661770820617676,5
433.9012195280005,17.140026026000022,425.4175288789851,31.0,40.0,-0.23376819460584072,3.342183113098144,13.727917530066268,1.4688004476824312,4.0,10.318827325934603,5
463.3920503881492,23.602709153487947,452.8538838253286,31.0,80.0,-0.27457607904228964,3.5539094920189953,17.19911744389962,1.1167218895791282,1.0,11.25581169128418,5
722.7833491012306,68.47652217959609,681.6567606249221,31.0,60.0,-0.27041172901379074,2.416980028152466,16.651613568476932,3.6473722008933134,4.0,9.449698448181152,5
574.4099221109107,22.070043375722044,571.4934785172288,41.0,80.0,-0.061587691819053526,2.6789021492004395,19.761373504595745,0.688658810411846,1.0,10.406181335449219,5
439.28315146252635,1.0344576719288117,438.47289497022604,34.0,80.0,0.17043698828601733,3.5801820174747774,24.930767754197902,0.30971428835931897,4.0,10.585770429678512,5
756.5420614040772,75.76673984740006,788.4947693774429,31.0,20.0,-0.2551801437716621,2.918961646272245,9.860348296779426,5.005528535393424,4.0,8.207998275756836,5
617.5140550277997,22.566838372909537,605.400455988566,31.0,40.0,-0.24763419477161877,2.546009185298389,15.283577624709384,5.208944061773463,4.0,9.484565734863281,5
429.7671070877775,0.25570236259249923,429.52480672927595,34.0,80.0,0.17100285672587975,3.3957600593566895,23.142460417819844,0.11430607105264828,10.0,8.822234153747559,5
627.7784632132814,37.43871219088829,615.9693734443673,31.0,60.0,-0.22871361873604798,2.640652710677594,17.52323442853577,2.6105834469567117,4.0,9.5340576171875,5
432.46786265082096,11.60728385577712,424.56964428266224,41.0,40.0,-0.24353069578686243,3.2424378395080566,12.844305975187336,1.389698758162473,1.0,10.32062100897563,5
561.4529619885694,22.608883166938643,559.6269721606664,34.0,40.0,-0.24731065807283373,2.5491042137145996,14.27954510200331,2.6988627550082764,4.0,9.484565734863281,5
715.4880801181948,75.29545836667488,693.5505555331952,21.0,30.0,-0.29264794305862807,2.9309143842782994,12.510029864550665,8.60294431055179,4.0,8.207998275756836,5
670.4886957141563,34.25780851099094,661.9011839349034,31.0,20.0,-0.2563897055559988,2.9097572387449007,8.885737482537465,2.6879249196509454,4.0,9.244165420532225,5
460.0,2.0750262765777747,457.4326220165198,34.0,80.0,0.14550383845000267,2.9357355580424604,27.028568613013892,0.07142153253472744,10.0,7.661770820617676,5
724.4094685138864,76.32885053624162,760.4261582989668,31.0,20.0,-0.24882891192352283,2.909748077392578,9.967548975154934,5.9501835924861295,4.0,8.207998275756836,5
433.7815411930896,0.37417218543043873,431.6422487963081,34.0,80.0,0.061741359610685255,3.3138493204748447,20.8564738841195,0.26582183267834175,10.0,8.783990697618101,5
478.63775093635434,17.652518182922755,476.94376846977764,31.0,30.0,-0.2503639061858811,3.342183113098145,11.434813123745933,1.9694831404905857,4.0,10.24894618988037,5
784.9443566050204,40.99533082693776,782.992072892278,31.0,40.0,-0.2931211998089963,2.5493099689483643,15.224601898114186,3.245091660955173,4.0,8.170492172241211,5
696.5446695869684,25.511937298697614,640.2514150710006,22.0,40.0,-0.23362240673989187,2.762619697889745,14.896101218245327,6.133745224304586,4.0,8.465778350830078,5
438.16468811964614,10.282183674145468,440.31841995720424,34.0,80.0,-0.263388749384721,3.292848587036133,18.957155992032497,0.3061071493774222,1.0,11.175004005432129,5
557.8966770777984,15.002250322073017,561.0931875508429,31.0,40.0,-0.27013491017840524,3.183920383453369,12.987946573308731,1.0490158740514852,4.0,9.532247543334963,5
781.4901115848675,51.90375190383773,763.600678248615,31.0,40.0,-0.2651545932237808,2.449862640664535,14.195758298820232,4.0404059724234465,4.0,8.269965171813967,5
462.0779279687926,0.8567994193958013,462.59851896612525,34.0,80.0,0.02035058225690057,2.904913526691801,24.687693101649472,0.13224418476869262,1.0,10.305573207653119,5
717.376462850405,49.94564033174664,701.6177275501155,21.0,30.0,-0.2644149799658984,2.546440362930298,14.074832113848283,6.634947406612377,4.0,8.269965171813965,5
462.1350585140161,29.51129522649439,461.93468113958806,31.0,80.0,-0.16395661964174862,3.1495985984802246,15.299517277749674,1.088981242739946,4.0,9.264348030090332,5
456.2819105506667,2.073573748157566,453.8327411962033,24.0,80.0,-0.022773386108421813,2.7777299880981445,26.352417397669804,0.3702819047705787,10.0,7.661770820617677,5
630.4263488031521,34.091282881241284,628.200938448216,41.0,80.0,-0.2043271012002436,3.0600643157958984,16.94552410069499,0.40303019445540744,1.0,10.291495811070822,5
459.53674783893416,33.361488520953415,466.37329172259007,31.0,80.0,-0.2664084680372348,3.343106746673584,18.96359818102892,0.910421853214639,1.0,9.799393653869629,5
425.0244942393179,56.07146564214902,424.9980535549845,34.0,80.0,-0.1312954616950106,3.1855427626294395,18.258959236695915,0.9955467678844788,1.0,9.57003402709961,5
518.291118570263,11.75226805218705,514.5602926610558,21.0,40.0,-0.2613790582040519,3.311530113220215,13.452134302536175,1.234629052176351,4.0,10.991257667541504,5
611.7676578841642,10.739508078164986,620.2437538232698,41.0,40.0,-0.27024967149885903,3.045973539352417,11.578360061728572,0.9355200724147459,4.0,9.748995780944826,5
580.952929588783,22.302001110508932,569.5554535497072,34.0,40.0,-0.2653594077723308,2.5480005149020264,14.912205584940118,4.280513962350299,4.0,9.484565734863281,5
469.50601988050914,23.05267037863387,464.39612892882406,41.0,40.0,-0.30198873209121574,3.576477766036987,13.821095710332893,1.552739275832234,4.0,11.247226111936259,5
448.50466556939386,17.22963311013714,452.26066872517356,41.0,40.0,-0.25915482930252004,3.3031032556657016,12.251162987427085,0.9889642200353261,4.0,10.255026858380166,5
515.5253366337913,9.227134477235218,498.373595619703,41.0,40.0,-0.2684791216966911,3.055986166000366,11.436669108151703,1.5274920314046452,4.0,10.849929809570312,5
601.7992379569987,27.45289727200886,602.5770767901475,41.0,40.0,-0.25284985112684427,2.9875705242156982,12.601531124483316,1.6577527214608458,4.0,9.13681697845459,5
580.8278145695363,36.38337398335308,586.2963990759147,31.0,40.0,-0.22296378225116303,2.876089334487915,11.215264891269765,1.4667336567460905,4.0,8.71932315826416,5
522.4089403973497,4.880221602152703,536.1768526566273,31.0,40.0,-0.27029378196205206,3.0751476287841797,12.78419658012745,1.3296967483316409,4.0,9.701521600995743,5
801.990837340107,46.37336616606015,805.9374865555901,31.0,40.0,-0.2852404759516425,2.4993326667709708,12.716579602294352,2.3427735090470403,4.0,8.170492172241211,5
573.6453389665764,27.57378042053228,577.7849607921123,34.0,50.0,-0.20847588105666037,2.774479866027832,16.15685251298526,1.7788681054695896,4.0,8.465778350830078,5
747.9933774834435,69.42984112505103,722.0741280037007,34.0,40.0,-0.2708699560830816,2.840823173522949,13.916108189554134,2.629635567650324,4.0,9.616023063659668,5
640.2835856196783,0.07827788649706235,635.835906094315,24.0,80.0,0.21868789788252316,2.9971282020309884,26.061231801053754,0.08510960851676773,10.0,10.838663946625772,5
627.4391272793249,35.072565148214345,691.7809404873061,21.0,60.0,-0.24702363932535815,2.619994163513183,16.84305403801095,3.304201365552707,4.0,9.53612232208252,5
767.3880230945684,75.6931078114826,775.8135403709388,31.0,40.0,-0.2163338856053551,2.9189616462722445,12.5356968001618,2.6354538172549438,4.0,8.207998275756836,5
638.4136027267668,21.137299558514997,616.0956279064336,31.0,40.0,-0.2582664175581605,3.012028217315674,13.621616232648096,2.807857276582697,4.0,8.646334566015552,5
415.3252161065823,21.48195329301329,411.32918257778886,34.0,80.0,-0.08746484077097598,3.4794737976907864,24.79722295819508,0.22966656333175772,4.0,10.248946189880371,5
430.8435349464107,0.6634050880626035,429.4682556568415,34.0,80.0,0.1448672430833889,3.2611241340637207,26.586823046820562,0.07046477870046236,10.0,8.568027651239989,5
431.0905930457097,0.7154800903993633,430.2670392615001,34.0,80.0,0.15343712934252945,3.395760059356689,23.477209688274918,0.1680439845577434,4.0,8.822234153747559,5
439.03771335260035,0.7840165368515377,438.7317434777535,34.0,80.0,0.20750762585022445,3.583256959915161,26.92030618746684,0.048740481950984044,10.0,10.581254587714685,5
414.7889996241625,19.34899001063209,412.15946924082505,34.0,80.0,-0.06920341998398392,3.5210039615631104,25.205218078430793,0.12851803857530456,4.0,10.318827325934603,5
715.9607152577079,16.891823834620528,711.9737685346638,34.0,40.0,-0.24906601011936538,2.9073706079135904,12.579898309801226,0.6997457745030652,1.0,9.631764322344338,5
450.9082308420058,10.19561602262861,433.28414984504934,31.0,40.0,-0.26909110877455844,3.187965154647827,12.842742771048846,1.4315060379237847,1.0,10.320243835449219,5
650.1801816980079,29.702927975852745,674.5540037584891,31.0,40.0,-0.24419387600041245,2.9443271160125732,12.87674679974132,2.7122335057488143,4.0,9.244165420532227,5
460.0,1.5966638376028905,457.3999938964844,34.0,80.0,0.14708211787131042,3.007694721221924,27.0,0.0,10.0,7.661770820617676,5
610.7536190562582,12.418429762560596,620.3292583372084,41.0,20.0,-0.2283873998128956,3.045973539352417,10.365228474585546,1.6591913119158912,4.0,9.550190278236435,5
540.864727647387,14.54784396872724,529.6216886855602,34.0,40.0,-0.2603005520254289,2.3874354362487793,13.882538181046437,2.3683897496054853,4.0,9.26493167877197,5
460.8305231917682,34.46063088055419,471.0587751702211,31.0,40.0,-0.2910217937047337,3.343106746673584,12.996084956307348,1.32047395425265,4.0,9.799393653869629,5
430.1269034875131,0.0998043052837545,428.3393095146032,34.0,80.0,0.26215667339884025,3.26112413406372,25.846224570814456,0.06653406865553708,4.0,8.7839906976181,5
573.8330114954449,6.630179714707922,584.3561261115104,31.0,40.0,-0.26217144874355724,3.015251802687615,13.013832969507915,1.5974469213788962,1.0,9.748995780944826,5
461.0,0.0,460.4478898780766,24.0,80.0,0.26232542342915044,3.2164664268493652,25.590373086920273,0.07482172858872074,4.0,10.106717109680176,5
464.1027494459637,1.922507863351791,462.4822917570462,41.0,80.0,-0.10310368912387766,2.825693507857672,23.560365406906346,0.2045635153220828,1.0,10.642752526091035,5
781.807972939697,75.09928412772243,752.6677092036557,31.0,40.0,-0.22039664364714198,2.9076687019421694,13.581372229247481,2.4405808174131662,4.0,8.207998275756836,5
688.2616120838243,12.244397320336919,687.9192960653133,21.0,40.0,-0.24303205398085476,2.963104012894305,12.18586943054174,1.7610311922485875,4.0,9.518798187987443,5
458.6658285921644,8.939334637964777,450.8473020754726,41.0,40.0,-0.2581097144562611,3.346200704574585,13.534441823496241,0.9726016233198553,4.0,11.39162540435791,5
463.5835720117671,24.156555772994125,451.79019003218053,31.0,80.0,-0.3068617373615875,3.5346641540527344,21.773060284590457,0.7030690575325096,1.0,11.25581169128418,5
461.21961547932324,26.225805223456685,474.29855186292536,41.0,30.0,-0.3151383467919613,3.5764777660369873,11.719660073279716,2.0529879380238905,4.0,10.910099029541016,5
573.9970904990867,22.266277226253237,589.8544201978385,31.0,40.0,-0.25055655915266867,3.012028217315674,13.581023074881493,1.4648809463631283,4.0,8.646334566015552,5
740.7348401394486,75.93750374772013,775.5639796024225,31.0,40.0,-0.2828292464557532,2.778628419756656,13.897142363988143,3.404381810360448,4.0,9.158002853393555,5
460.1737633001128,7.518666565311785,459.7414639292351,34.0,80.0,0.15396722669049046,2.5499203205108643,26.81783209781759,0.06414971616829508,10.0,8.98416805267334,5
460.6655693938648,12.926943303633196,463.1056815219197,41.0,40.0,-0.24684144920066584,3.223399877548217,12.523296872992393,0.8114465214605151,1.0,10.384489059448242,5
570.5507348271786,14.633511122552171,569.4482207091927,41.0,20.0,-0.2761163673838714,3.183920383453369,9.376663116580282,0.7979582541193023,4.0,9.532247543334961,5
522.8905664778836,6.7311064569927614,513.2258562131094,31.0,40.0,-0.24997627746261517,3.0711883313501884,13.715246037753655,1.28811509438414,4.0,9.638222694396973,5
459.56478013504284,79.95440475027522,449.983761200819,41.0,80.0,-0.03281724087825927,3.3153586387634277,20.550219141857873,0.7821036276393739,1.0,8.923816680908203,5
459.7268438719044,15.880851813552049,453.5918703021259,31.0,30.0,-0.2560470904254294,3.3312837951230705,10.957435134066463,1.635377729024495,4.0,10.320243835449219,5
458.30547167610575,17.70304609617968,470.6515767036198,31.0,30.0,-0.27226738355277097,3.1990003585815434,10.739730887001386,1.2876833818870272,4.0,10.174715995788576,5
648.8232656393768,71.30531998038853,657.2757220686552,21.0,60.0,-0.21316465153721378,3.2091615200042725,16.57413941213944,1.2552316319156223,4.0,10.319398880004883,5
567.345044776507,23.18897513860125,571.9789434248024,34.0,40.0,-0.25410492100571164,2.6370537610448994,13.975700526296132,2.959844620648309,4.0,8.465778350830078,5
471.02948380658756,30.057621824314808,470.8996814426169,31.0,80.0,-0.2828044369754007,3.1495985984802246,18.77692808851913,1.4342008345611816,4.0,9.264348030090332,5
720.9704708337111,70.95220633893676,703.8924322895698,34.0,80.0,-0.22823433285513356,2.787047993646909,19.55226038645442,1.5059344642763934,4.0,9.616023063659668,5
717.4623287671234,76.818437096368,734.7198082889072,34.0,40.0,-0.23361753295482374,2.909748077392578,13.11510962875807,3.375110938965286,4.0,8.207998275756836,5
413.20328922642267,18.657716528676318,410.63485950251425,34.0,80.0,0.10096931689713826,3.521003961563111,25.05009833642767,0.18161499128832553,4.0,10.318827325934604,5
697.059855367349,72.60043017828917,725.2510495553609,31.0,40.0,-0.26326741202261755,2.9444345831871033,12.069971868995864,2.3115611961869593,4.0,9.712974548339844,5
464.4275151955004,1.401449096214185,465.0795625196789,34.0,80.0,-0.1112414992951887,3.0330759270550427,23.568578958584233,0.4419953416663637,4.0,10.16055965423584,5
460.0,0.7070838515691084,459.5,34.0,80.0,0.1673536648146139,3.031442403793335,27.00770344576241,0.01925861440602178,10.0,8.471212387084961,5
430.9436826894415,0.6634050880626035,431.2397326507253,24.0,80.0,0.021128970160600953,3.2611241340637203,24.93191084328378,0.1848447589655979,1.0,8.568027651239989,5
461.2019154754345,2.050315462837989,462.19172416895935,24.0,80.0,-0.0647853657674129,3.021020461391929,22.70335321908459,0.09053270880991583,4.0,8.471212387084961,5
